19, 50, 0, 7.087599999999999e-09, 7.438300000000001e-09
19, 51, 0, 9.3363e-10, 9.8261e-10
20, 50, 0, 6.6228e-07, 6.7851e-07
20, 51, 0, 2.0601e-07, 2.1569999999999998e-07
20, 52, 0, 6.2811e-08, 6.613e-08
20, 53, 0, 7.785e-09, 8.1914e-09
20, 54, 0, 8.052e-10, 8.472199999999999e-10
21, 50, 0, 1.0488e-06, 1.0492e-06
21, 50, 1, 2.3224000000000002e-07, 2.3234e-07
21, 51, 0, 2.0377e-06, 2.0330000000000003e-06
21, 52, 0, 1.3204e-06, 1.3595e-06
21, 53, 0, 9.697099999999999e-07, 1.0084e-06
21, 54, 0, 2.4254e-07, 2.5468e-07
21, 55, 0, 6.164399999999999e-08, 6.4892e-08
21, 56, 0, 5.8190999999999995e-09, 6.1064e-09
21, 57, 0, 4.7318e-10, 4.97e-10
22, 50, 0, 3.2294e-07, 3.3506e-07
22, 51, 0, 9.9031e-07, 1.0163e-06
22, 52, 0, 3.1087e-06, 3.0951999999999996e-06
22, 53, 0, 4.3634e-06, 4.3423e-06
22, 54, 0, 5.7689e-06, 5.7667999999999996e-06
22, 55, 0, 3.2267e-06, 3.3329e-06
22, 56, 0, 1.8567e-06, 1.9335e-06
22, 57, 0, 3.7244e-07, 3.9078e-07
22, 58, 0, 6.6399e-08, 7.011e-08
22, 59, 0, 5.0834e-09, 5.335e-09
22, 60, 0, 2.9721e-10, 2.0719e-10
23, 50, 0, 1.5024e-09, 1.5771e-09
23, 51, 0, 2.7597e-08, 2.9025e-08
23, 52, 0, 1.865e-07, 1.9593e-07
23, 53, 0, 1.3542999999999999e-06, 1.4015e-06
23, 54, 0, 3.3810999999999997e-06, 3.4545e-06
23, 55, 0, 9.1964e-06, 9.146500000000001e-06
23, 56, 0, 1.0383e-05, 1.0419e-05
23, 57, 0, 1.1406e-05, 1.1582e-05
23, 58, 0, 4.6225e-06, 4.8367e-06
23, 59, 0, 2.21e-06, 2.3123000000000003e-06
23, 60, 0, 3.2467e-07, 2.2619999999999997e-07
23, 61, 0, 8.4208e-08, 7.268e-08
23, 62, 0, 4.4928e-09, 4.1655e-09
24, 52, 0, 9.2572e-10, 9.756799999999999e-10
24, 53, 0, 1.602e-08, 1.6854e-08
24, 54, 0, 2.3233000000000002e-07, 2.4397000000000003e-07
24, 55, 0, 1.3128e-06, 1.3718000000000001e-06
24, 56, 0, 7.442300000000001e-06, 7.566399999999999e-06
24, 57, 0, 1.5284e-05, 1.5334e-05
24, 58, 0, 3.0585e-05, 3.0283999999999997e-05
24, 59, 0, 2.9630999999999998e-05, 2.9786e-05
24, 60, 0, 2.4695000000000003e-05, 1.6422e-05
24, 61, 0, 1.4987e-05, 1.2821000000000001e-05
24, 62, 0, 5.0968999999999994e-06, 4.718699999999999e-06
24, 63, 0, 1.2880000000000002e-07, 1.3591e-07
24, 64, 0, 3.3767e-08, 2.6918999999999998e-08
24, 65, 0, 6.101e-10, 6.4251e-10
25, 54, 0, 2.4679e-10, 2.5967e-10
25, 55, 0, 8.8422e-09, 9.311e-09
25, 56, 0, 1.1636e-07, 1.2204e-07
25, 57, 0, 1.342e-06, 1.4041e-06
25, 58, 0, 5.0751e-06, 5.3021000000000004e-06
25, 58, 1, 3.1361999999999997e-07, 3.2765e-07
25, 59, 0, 2.5634999999999998e-05, 2.5925e-05
25, 60, 0, 2.2221999999999997e-06, 1.4373e-06
25, 60, 1, 3.596e-05, 2.3258e-05
25, 61, 0, 0.00014029, 0.00011061000000000001
25, 62, 0, 7.989e-05, 7.2163e-05
25, 62, 1, 7.853000000000001e-06, 7.0934000000000006e-06
25, 63, 0, 1.2998999999999999e-05, 1.3577e-05
25, 64, 0, 8.1765e-06, 6.4888000000000005e-06
25, 65, 0, 9.616e-07, 1.0123e-06
25, 66, 0, 2.7951e-07, 1.0684e-07
25, 67, 0, 4.5089e-08, 1.7465e-08
25, 68, 0, 1.5191e-09, 1.2197e-09
26, 56, 0, 1.2862e-10, 1.3497e-10
26, 57, 0, 3.7119e-09, 3.8988e-09
26, 58, 0, 9.247000000000001e-08, 9.7634e-08
26, 59, 0, 9.9097e-07, 1.0385999999999999e-06
26, 60, 0, 3.8182e-05, 2.4695000000000003e-05
26, 61, 0, 4.6764e-05, 3.9233e-05
26, 62, 0, 0.00022626000000000002, 0.00019555
26, 63, 0, 7.5659e-05, 7.4909e-05
26, 64, 0, 0.00014483, 0.00010579
26, 65, 0, 4.1006e-05, 4.2479e-05
26, 66, 0, 7.1985e-05, 2.5747e-05
26, 67, 0, 2.8467000000000004e-05, 1.0912e-05
26, 68, 0, 6.2689e-06, 5.0316e-06
26, 69, 0, 4.8227e-07, 3.3718999999999996e-07
26, 70, 0, 3.3003999999999996e-08, 2.0681000000000002e-08
26, 71, 0, 9.6384e-10, 6.2255e-10
27, 59, 0, 1.5187000000000001e-09, 1.5939e-09
27, 60, 0, 2.5799e-08, 1.7984e-08
27, 60, 1, 5.7131e-09, 3.9824e-09
27, 61, 0, 1.139e-06, 9.8249e-07
27, 62, 0, 6.836600000000001e-06, 6.2690000000000005e-06
27, 62, 1, 3.0872e-05, 2.8308999999999996e-05
27, 63, 0, 1.2648e-05, 1.3213e-05
27, 64, 0, 9.654999999999999e-05, 7.2736e-05
27, 65, 0, 0.00014989, 0.00014821
27, 66, 0, 0.00040794999999999997, 8.4327e-05
27, 67, 0, 0.00061321, 0.00017641
27, 68, 0, 0.00011131, 8.8579e-05
27, 68, 1, 4.8207e-05, 3.8361e-05
27, 69, 0, 0.00016059, 0.00011136
27, 70, 0, 1.4380999999999998e-05, 9e-06
27, 70, 1, 1.4380999999999998e-05, 9e-06
27, 71, 0, 5.814000000000001e-06, 3.7548e-06
27, 72, 0, 3.8512999999999996e-07, 1.4252e-07
27, 73, 0, 2.5681e-08, 1.1626e-08
27, 74, 0, 9.091e-10, 4.1856000000000005e-10
28, 61, 0, 7.0239e-10, 6.0627e-10
28, 62, 0, 3.4345e-08, 3.1843e-08
28, 63, 0, 1.2139e-07, 1.281e-07
28, 64, 0, 4.45e-06, 3.5388e-06
28, 65, 0, 1.161e-05, 1.2171e-05
28, 66, 0, 0.00022664, 6.7502e-05
28, 67, 0, 0.00091977, 0.00020386
28, 68, 0, 0.0019142, 0.0013645999999999999
28, 69, 0, 0.0008029999999999999, 0.0005137
28, 69, 1, 0.0008029999999999999, 0.0005137
28, 70, 0, 0.0017605, 0.0010117
28, 71, 0, 0.00098906, 0.00062389
28, 72, 0, 0.00047342999999999994, 0.00017111
28, 73, 0, 5.9094e-05, 2.6725000000000002e-05
28, 74, 0, 8.3309e-06, 3.8353e-06
28, 75, 0, 4.1893999999999996e-07, 1.6796e-07
28, 76, 0, 2.0046e-08, 7.8748e-09
29, 64, 0, 3.7898e-09, 3.0212000000000003e-09
29, 65, 0, 6.3145e-08, 6.6498e-08
29, 66, 0, 2.5583e-06, 9.7597e-07
29, 67, 0, 7.664999999999999e-05, 2.8847e-05
29, 68, 0, 5.7836999999999995e-05, 4.5613e-05
29, 68, 1, 0.00026116999999999997, 0.00020598000000000003
29, 69, 0, 0.0015255, 0.00098073
29, 70, 0, 9.6781e-05, 5.4423e-05
29, 70, 1, 0.0019669, 0.0011061
29, 70, 2, 9.6781e-05, 5.4423e-05
29, 71, 0, 0.0048626, 0.0027616000000000003
29, 72, 0, 0.0048139, 0.0012995
29, 73, 0, 0.0061685, 0.0024763999999999997
29, 74, 0, 0.0020496000000000004, 0.00092362
29, 75, 0, 0.0007668, 0.00030533000000000003
29, 76, 0, 8.8495e-05, 3.4729e-05
29, 76, 1, 8.8495e-05, 3.4729e-05
29, 77, 0, 6.678e-06, 2.4909e-06
29, 78, 0, 2.7344e-07, 1.0383e-07
29, 79, 0, 9.8622e-09, 3.6313999999999997e-09
30, 66, 0, 2.2621e-09, 8.648699999999999e-10
30, 67, 0, 1.2965e-07, 5.0218e-08
30, 68, 0, 3.9988e-06, 3.21e-06
30, 69, 0, 1.7922000000000002e-05, 1.2428e-05
30, 69, 1, 0.00014267000000000001, 9.8932e-05
30, 70, 0, 0.0008800800000000001, 0.00052918
30, 71, 0, 0.00026669, 0.00016239
30, 71, 1, 0.002123, 0.0012927
30, 72, 0, 0.007888299999999999, 0.0014104
30, 73, 0, 0.0008555399999999999, 0.00027003
30, 73, 1, 0.0012170999999999998, 0.00038415000000000004
30, 73, 2, 0.012806, 0.0040420000000000005
30, 74, 0, 0.025882, 0.008190300000000001
30, 75, 0, 0.023451, 0.007209599999999999
30, 76, 0, 0.019138, 0.006664999999999999
30, 77, 0, 0.0084409, 0.0030253
30, 77, 1, 0.00070318, 0.00025202
30, 78, 0, 0.0031241999999999997, 0.0011773999999999999
30, 79, 0, 0.00079961, 0.00029392000000000003
30, 80, 0, 5.7915e-06, 2.0615e-06
30, 81, 0, 1.529e-07, 5.3268e-08
31, 68, 0, 7.5953e-10, 6.0984e-10
31, 69, 0, 5.2744e-08, 3.6878e-08
31, 70, 0, 1.2778e-06, 8.0062e-07
31, 71, 0, 0.00016481999999999998, 0.00010605
31, 72, 0, 0.00029722, 0.0001083
31, 72, 1, 1.8367e-05, 6.6924e-06
31, 73, 0, 0.0026306, 0.0011357
31, 74, 0, 0.004011799999999999, 0.00169
31, 74, 1, 0.004011799999999999, 0.00169
31, 75, 0, 0.028778, 0.008124600000000001
31, 76, 0, 0.045142, 0.012535000000000001
31, 77, 0, 0.060404, 0.01598
31, 78, 0, 0.043134, 0.014669
31, 79, 0, 0.030734, 0.010562
31, 80, 0, 0.010661, 0.0037291
31, 81, 0, 0.0028521, 0.0009891000000000001
31, 82, 0, 0.00018959, 6.5474e-05
31, 83, 0, 2.6923e-06, 9.536999999999999e-07
31, 84, 0, 4.6151e-08, 1.6915e-08
32, 70, 0, 1.7462e-10, 1.0942e-10
32, 71, 0, 1.9898e-09, 1.2852e-09
32, 71, 1, 1.5839999999999998e-08, 1.0230999999999999e-08
32, 72, 0, 1.0797e-06, 3.9951999999999997e-07
32, 73, 0, 2.2663e-05, 1.0256e-05
32, 73, 1, 2.8469e-06, 1.2883e-06
32, 74, 0, 0.0012806999999999999, 0.00058198
32, 75, 0, 0.00043872000000000003, 0.00016695000000000002
32, 75, 1, 0.0052664, 0.002004
32, 76, 0, 0.027303, 0.0089701
32, 77, 0, 0.06476799999999999, 0.015757
32, 77, 1, 0.0053955, 0.0013127
32, 78, 0, 0.17403, 0.03139
32, 79, 0, 0.016052, 0.0026077
32, 79, 1, 0.19269, 0.031302
32, 80, 0, 0.25902, 0.049496
32, 81, 0, 0.13049, 0.035129
32, 81, 1, 0.016392, 0.0044129
32, 82, 0, 0.079003, 0.024634
32, 83, 0, 0.013536000000000001, 0.0047206
32, 84, 0, 0.0019966000000000003, 0.00073017
32, 85, 0, 2.6717e-05, 9.3932e-06
32, 86, 0, 1.0981e-06, 3.7965000000000004e-07
33, 73, 0, 6.603499999999999e-09, 2.9894999999999997e-09
33, 74, 0, 3.4273e-07, 1.5778999999999999e-07
33, 75, 0, 2.2061999999999997e-06, 8.844200000000001e-07
33, 75, 1, 1.3632e-05, 5.4646e-06
33, 76, 0, 8.8486e-05, 3.4746e-05
33, 77, 0, 0.0031574, 0.0011645
33, 78, 0, 0.018317999999999997, 0.0067259
33, 79, 0, 0.07504, 0.023669000000000003
33, 80, 0, 0.17933000000000002, 0.046511000000000004
33, 81, 0, 0.3494, 0.063907
33, 82, 0, 0.062644, 0.013451000000000001
33, 82, 1, 0.35442999999999997, 0.0761
33, 83, 0, 0.374, 0.093016
33, 84, 0, 0.065815, 0.022036
33, 84, 1, 0.065815, 0.022036
33, 85, 0, 0.046844, 0.016001
33, 86, 0, 0.008868, 0.003051
33, 87, 0, 0.0016359, 0.00054775
33, 88, 0, 8.815100000000001e-06, 3.2739e-06
33, 89, 0, 3.0398999999999996e-07, 1.1077e-07
34, 75, 0, 1.6825000000000001e-09, 6.7456e-10
34, 76, 0, 1.8375e-07, 7.218500000000001e-08
34, 77, 0, 1.3507999999999998e-05, 5.0357e-06
34, 77, 1, 0.00016215, 6.0447999999999995e-05
34, 78, 0, 0.0003673, 0.0001394
34, 79, 0, 0.0057178, 0.0020882
34, 79, 1, 0.00047632999999999996, 0.00017396
34, 80, 0, 0.042009000000000005, 0.014397
34, 81, 0, 0.012353000000000001, 0.0036491
34, 81, 1, 0.14829, 0.043804
34, 82, 0, 0.49276, 0.10081000000000001
34, 83, 0, 0.75217, 0.10627
34, 83, 1, 0.094487, 0.013349999999999999
34, 84, 0, 1.3371, 0.15345999999999999
34, 85, 0, 0.8998, 0.19028
34, 86, 0, 0.61688, 0.16412
34, 87, 0, 0.2096, 0.067374
34, 88, 0, 0.05928, 0.021762
34, 89, 0, 0.0090994, 0.0033113
34, 90, 0, 0.00087057, 0.00031435
34, 91, 0, 2.0933e-06, 7.659499999999999e-07
35, 78, 0, 4.0725e-08, 1.5464e-08
35, 79, 0, 3.9426999999999994e-07, 1.4518e-07
35, 79, 1, 2.4361e-06, 8.9702e-07
35, 80, 0, 2.7517e-05, 9.7938e-06
35, 80, 1, 0.00015568, 5.5410999999999995e-05
35, 81, 0, 0.002662, 0.0009257099999999999
35, 82, 0, 0.01485, 0.0050892
35, 82, 1, 0.0032884, 0.001127
35, 83, 0, 0.10848, 0.036841
35, 84, 0, 0.18065, 0.057370000000000004
35, 84, 1, 0.18065, 0.057370000000000004
35, 85, 0, 1.019, 0.20471999999999999
35, 86, 0, 1.221, 0.24785
35, 87, 0, 1.6454, 0.35272
35, 88, 0, 0.84279, 0.25876
35, 89, 0, 0.47229000000000004, 0.16061
35, 90, 0, 0.10487, 0.037375
35, 91, 0, 0.030667, 0.011175000000000001
35, 92, 0, 0.0023112000000000002, 0.00088864
35, 93, 0, 0.00010078, 3.853e-05
35, 94, 0, 2.7587e-07, 1.0235e-07
36, 80, 0, 1.7657e-08, 6.285400000000001e-09
36, 81, 0, 7.233699999999999e-07, 2.52e-07
36, 81, 1, 6.0261e-08, 2.0992999999999998e-08
36, 82, 0, 0.00018957, 6.547499999999999e-05
36, 83, 0, 0.0028333, 0.0010025
36, 83, 1, 0.00035592, 0.00012593
36, 84, 0, 0.037086, 0.013427
36, 85, 0, 0.16901, 0.055734000000000006
36, 85, 1, 0.021231, 0.007001200000000001
36, 86, 0, 0.8717, 0.21689
36, 87, 0, 1.8706, 0.40124999999999994
36, 88, 0, 3.0102, 0.36248
36, 89, 0, 3.0554, 0.48396000000000006
36, 90, 0, 2.3552, 0.44799
36, 91, 0, 0.9504699999999999, 0.28525999999999996
36, 92, 0, 0.34361, 0.12401000000000001
36, 93, 0, 0.072718, 0.027458000000000003
36, 94, 0, 0.015736, 0.005822099999999999
36, 95, 0, 0.0013654, 0.00048741999999999996
36, 96, 0, 8.8099e-05, 3.2033e-05
37, 83, 0, 3.8227e-08, 1.3541e-08
37, 83, 1, 1.7545e-07, 6.215e-08
37, 84, 0, 2.1104e-05, 7.7345e-06
37, 84, 1, 7.3829e-05, 2.7059e-05
37, 85, 0, 0.0015716, 0.0005523
37, 86, 0, 0.0024360000000000002, 0.00083981
37, 86, 1, 0.008522, 0.002938
37, 87, 0, 0.11494000000000001, 0.037871
37, 88, 0, 0.34856000000000004, 0.12195
37, 89, 0, 1.2972, 0.36716
37, 90, 0, 0.11145000000000001, 0.024984999999999997
37, 90, 1, 1.8034000000000001, 0.40431
37, 91, 0, 2.7706, 0.45652999999999994
37, 92, 0, 1.9972, 0.46898
37, 93, 0, 1.5941, 0.42766999999999994
37, 94, 0, 0.53324, 0.17876999999999998
37, 95, 0, 0.17618, 0.060676999999999995
37, 96, 0, 0.014379000000000001, 0.0051985
37, 96, 1, 0.014379000000000001, 0.0051985
37, 97, 0, 0.0048224, 0.0017694
37, 98, 0, 4.2765e-05, 1.6309000000000003e-05
37, 98, 1, 4.2765e-05, 1.6309000000000003e-05
37, 99, 0, 8.6796e-05, 3.1797999999999996e-05
38, 85, 0, 5.5323e-08, 1.9451e-08
38, 85, 1, 6.9497000000000005e-09, 2.4435e-09
38, 86, 0, 0.00010051999999999999, 3.4753e-05
38, 87, 0, 0.0008301700000000001, 0.00027810000000000004
38, 87, 1, 0.00010429, 3.4933999999999995e-05
38, 88, 0, 0.023291, 0.0086312
38, 89, 0, 0.10877, 0.039278
38, 90, 0, 0.5367700000000001, 0.18103
38, 91, 0, 1.1439, 0.34418
38, 92, 0, 2.2682, 0.50299
38, 93, 0, 3.1239, 0.53869
38, 94, 0, 3.6504000000000003, 0.46978000000000003
38, 95, 0, 2.0403000000000002, 0.43348
38, 96, 0, 1.0958, 0.31897000000000003
38, 97, 0, 0.31471, 0.11071
38, 98, 0, 0.081954, 0.030985000000000002
38, 99, 0, 0.0098865, 0.0036182000000000002
38, 100, 0, 0.0012921999999999999, 0.00049264
38, 101, 0, 2.5449999999999998e-06, 9.8067e-07
39, 88, 0, 1.6016e-07, 5.9483e-08
39, 88, 1, 2.5466e-07, 9.457699999999999e-08
39, 89, 0, 6.5931e-05, 2.4022999999999997e-05
39, 89, 1, 0.00052485, 0.00019124000000000002
39, 90, 0, 0.0006204499999999999, 0.00022402
39, 90, 1, 0.0017733000000000002, 0.00064024
39, 91, 0, 0.0037595999999999997, 0.0013712
39, 91, 1, 0.029928000000000003, 0.010916
39, 92, 0, 0.12186, 0.0463
39, 93, 0, 0.045691999999999997, 0.016187
39, 93, 1, 0.54848, 0.1943
39, 94, 0, 1.199, 0.35884
39, 95, 0, 2.2929, 0.44412999999999997
39, 96, 0, 0.48885999999999996, 0.098277
39, 96, 1, 1.7102, 0.34381
39, 97, 0, 0.23032999999999998, 0.047885000000000004
39, 97, 1, 1.0666, 0.22174999999999997
39, 97, 2, 0.76695, 0.15945
39, 98, 0, 0.11788, 0.03727
39, 98, 1, 0.9244199999999999, 0.29226
39, 99, 0, 0.50696, 0.17254
39, 100, 0, 0.06555000000000001, 0.024697
39, 100, 1, 0.06555000000000001, 0.024697
39, 101, 0, 0.035111, 0.013491
39, 102, 0, 0.0022805, 0.00087535
39, 102, 1, 0.0022805, 0.00087535
39, 103, 0, 0.00073247, 0.00026707
39, 104, 0, 2.0777e-07, 8.0812e-08
40, 91, 0, 0.00010227, 3.7419e-05
40, 92, 0, 0.003912, 0.0015034999999999998
40, 93, 0, 0.026344999999999997, 0.010025
40, 94, 0, 0.15561, 0.055926000000000003
40, 95, 0, 0.46617000000000003, 0.14954
40, 96, 0, 1.4056000000000002, 0.34938
40, 97, 0, 2.1001, 0.4177
40, 98, 0, 2.9236999999999997, 0.39671999999999996
40, 99, 0, 2.1109, 0.34224
40, 100, 0, 1.5767, 0.34243
40, 101, 0, 0.65237, 0.21423000000000003
40, 102, 0, 0.27225, 0.098459
40, 103, 0, 0.052967, 0.019084
40, 104, 0, 0.010977, 0.0042572
40, 105, 0, 0.0010018, 0.00037637
40, 106, 0, 0.00021585000000000002, 9.2988e-05
40, 107, 0, 3.8997e-08, 1.5659e-08
41, 93, 0, 4.5559e-07, 1.7418e-07
41, 93, 1, 5.7231e-08, 2.188e-08
41, 94, 0, 0.00050329, 0.00018669000000000002
41, 94, 1, 0.0001761, 6.532100000000001e-05
41, 95, 0, 0.0052597, 0.0018752
41, 95, 1, 0.0006607200000000001, 0.00023555
41, 96, 0, 0.027308999999999996, 0.0098575
41, 97, 0, 0.14428, 0.050778
41, 97, 1, 0.018123999999999998, 0.0063787
41, 98, 0, 0.061602, 0.02112
41, 98, 1, 0.34853, 0.11949
41, 99, 0, 0.96045, 0.24689999999999998
41, 99, 1, 0.12065000000000001, 0.031014999999999997
41, 100, 0, 0.16613, 0.037105
41, 100, 1, 1.3028, 0.29097
41, 101, 0, 1.9737999999999998, 0.31701
41, 102, 0, 0.6807, 0.14391
41, 102, 1, 0.6807, 0.14391
41, 103, 0, 0.97824, 0.23013999999999998
41, 104, 0, 0.16986, 0.05798999999999999
41, 104, 1, 0.16986, 0.05798999999999999
41, 105, 0, 0.13635, 0.048302000000000005
41, 106, 0, 0.022872999999999998, 0.0097504
41, 107, 0, 0.006468400000000001, 0.0025897999999999997
41, 108, 0, 0.0006014099999999999, 0.00025204
41, 109, 0, 2.1845e-07, 1.0386999999999999e-07
42, 95, 0, 9.1019e-05, 3.2500000000000004e-05
42, 96, 0, 0.0002643, 9.6097e-05
42, 97, 0, 0.0032444, 0.0011906
42, 98, 0, 0.020811, 0.0079004
42, 99, 0, 0.089963, 0.032244
42, 100, 0, 0.32259, 0.11268999999999998
42, 101, 0, 0.64513, 0.20279999999999998
42, 102, 0, 1.2333, 0.27701000000000003
42, 103, 0, 1.3077999999999999, 0.24381
42, 104, 0, 1.2862, 0.21015999999999999
42, 105, 0, 0.7356699999999999, 0.16787
42, 106, 0, 0.39931000000000005, 0.13294999999999998
42, 107, 0, 0.13899, 0.052134
42, 108, 0, 0.056340999999999995, 0.023023
42, 109, 0, 0.011604, 0.0054912
42, 110, 0, 0.0025301, 0.0010872
42, 111, 0, 0.00011512000000000001, 4.5331e-05
42, 112, 0, 5.6295999999999997e-08, 2.1049e-08
43, 98, 0, 2.1571e-07, 8.2267e-08
43, 99, 0, 0.00069399, 0.0002542
43, 99, 1, 8.7179e-05, 3.1932e-05
43, 100, 0, 0.0028622, 0.0010904999999999999
43, 101, 0, 0.026781, 0.010251000000000001
43, 102, 0, 0.043832, 0.016424
43, 102, 1, 0.043832, 0.016424
43, 103, 0, 0.27746, 0.09113800000000001
43, 104, 0, 0.44146, 0.13841
43, 105, 0, 0.7735299999999999, 0.16669
43, 106, 0, 0.6531, 0.16138
43, 107, 0, 0.78016, 0.14941
43, 108, 0, 0.47244, 0.13742
43, 109, 0, 0.28911000000000003, 0.11334
43, 110, 0, 0.10912000000000001, 0.044217
43, 111, 0, 0.036739, 0.014165
43, 112, 0, 0.0098736, 0.0036724
43, 113, 0, 0.001139, 0.00054927
43, 114, 0, 8.4049e-05, 4.1261e-05
44, 101, 0, 1.1310999999999999e-06, 4.3585e-07
44, 102, 0, 0.002065, 0.0007924999999999999
44, 103, 0, 0.0018361, 0.00066715
44, 103, 1, 0.008426900000000001, 0.0030621
44, 104, 0, 0.03679, 0.014098999999999999
44, 105, 0, 0.092319, 0.033138
44, 106, 0, 0.22579000000000002, 0.083782
44, 107, 0, 0.39972, 0.11906
44, 108, 0, 0.67803, 0.1512
44, 109, 0, 0.6557499999999999, 0.16484
44, 110, 0, 0.6885399999999999, 0.14911
44, 111, 0, 0.39087999999999995, 0.10989000000000002
44, 112, 0, 0.27064, 0.083423
44, 113, 0, 0.021032000000000002, 0.009807
44, 113, 1, 0.021032000000000002, 0.009807
44, 114, 0, 0.014286, 0.0069234
44, 115, 0, 0.003, 0.00099253
44, 116, 0, 0.00023924000000000002, 7.8571e-05
44, 117, 0, 3.8171000000000005e-08, 1.276e-08
44, 118, 0, 9.7356e-06, 3.2718e-06
44, 119, 0, 1.6994e-07, 5.8224000000000006e-08
45, 103, 0, 6.2733999999999995e-09, 2.2876000000000002e-09
45, 103, 1, 7.5306e-08, 2.7460000000000002e-08
45, 104, 0, 1.8129000000000002e-05, 7.0507e-06
45, 104, 1, 0.00010257, 3.9891e-05
45, 105, 0, 0.001734, 0.00065123
45, 105, 1, 0.00014445999999999998, 5.425099999999999e-05
45, 106, 0, 0.0010761, 0.00046238999999999997
45, 106, 1, 0.0048596, 0.002088
45, 107, 0, 0.032569, 0.012873999999999998
45, 108, 0, 0.012575999999999999, 0.0050527
45, 108, 1, 0.071155, 0.028587
45, 109, 0, 0.21749999999999997, 0.089971
45, 110, 0, 0.38566, 0.12145
45, 110, 1, 0.0057935, 0.0018244000000000001
45, 111, 0, 0.6940799999999999, 0.12918000000000002
45, 112, 0, 0.42735999999999996, 0.07164
45, 112, 1, 0.42735999999999996, 0.07164
45, 113, 0, 0.55417, 0.14353
45, 114, 0, 0.12298, 0.0474
45, 114, 1, 0.12298, 0.0474
45, 115, 0, 0.16727999999999998, 0.047701
45, 116, 0, 0.0079208, 0.0025074
45, 116, 1, 0.035767999999999994, 0.011323
45, 117, 0, 0.012141, 0.0040167
45, 118, 0, 0.001456, 0.00048868
45, 119, 0, 0.0008717400000000001, 0.00029842000000000003
45, 120, 0, 3.7125e-05, 1.283e-05
45, 121, 0, 1.3704e-06, 4.6879e-07
45, 122, 0, 2.8186e-08, 9.8018e-09
46, 106, 0, 0.00010792, 4.6497e-05
46, 107, 0, 7.6692e-05, 3.0791000000000004e-05
46, 107, 1, 0.00028269, 0.0001135
46, 108, 0, 0.0026441, 0.0011079
46, 109, 0, 0.0024915000000000002, 0.0011829
46, 109, 1, 0.0091835, 0.0043603999999999995
46, 110, 0, 0.044893999999999996, 0.019102
46, 111, 0, 0.026439999999999998, 0.0098979
46, 111, 1, 0.09746, 0.036484
46, 112, 0, 0.41275, 0.11850000000000001
46, 113, 0, 0.068606, 0.02308
46, 113, 1, 0.31488000000000005, 0.10593
46, 114, 0, 0.60002, 0.14035
46, 115, 0, 0.14065, 0.024957
46, 115, 1, 0.51842, 0.091993
46, 116, 0, 0.54666, 0.11134000000000001
46, 117, 0, 0.045868, 0.013144
46, 117, 1, 0.16907, 0.048448000000000005
46, 118, 0, 0.10476999999999999, 0.032629000000000005
46, 119, 0, 0.0239, 0.0080391
46, 120, 0, 0.0070511, 0.0024246000000000003
46, 121, 0, 0.0010096, 0.00034511
46, 122, 0, 0.00026822, 9.3254e-05
46, 123, 0, 9.4933e-06, 3.3459e-06
46, 124, 0, 2.9698e-07, 1.0432000000000001e-07
47, 108, 0, 5.6975e-09, 2.3884e-09
47, 108, 1, 2.5728999999999998e-08, 1.0786e-08
47, 109, 0, 1.4559e-07, 6.9227e-08
47, 109, 1, 1.7476e-06, 8.309899999999999e-07
47, 110, 0, 2.0851e-05, 8.9704e-06
47, 110, 1, 9.415899999999999e-05, 4.0508e-05
47, 111, 0, 0.00033566, 0.00013213
47, 111, 1, 0.0040292, 0.0015861
47, 112, 0, 0.015655000000000002, 0.0058407
47, 113, 0, 0.0037753, 0.0017966
47, 113, 1, 0.045318000000000004, 0.021566000000000002
47, 114, 0, 0.014151999999999998, 0.0065121
47, 114, 1, 0.11098, 0.051066
47, 115, 0, 0.032953, 0.0080914
47, 115, 1, 0.39557000000000003, 0.097129
47, 116, 0, 0.10561999999999999, 0.021714
47, 116, 1, 0.47695000000000004, 0.09805599999999999
47, 117, 0, 0.061045, 0.0097225
47, 117, 1, 0.73278, 0.11671
47, 118, 0, 0.06575500000000001, 0.013556
47, 118, 1, 0.51563, 0.10629999999999999
47, 119, 0, 0.033082, 0.0078546
47, 119, 1, 0.39711, 0.094285
47, 120, 0, 0.046985, 0.014490999999999999
47, 120, 1, 0.13429, 0.041414
47, 121, 0, 0.085418, 0.027821999999999996
47, 122, 0, 0.0065896999999999996, 0.0022646999999999997
47, 122, 1, 0.012622, 0.004337799999999999
47, 123, 0, 0.0098248, 0.0034454
47, 124, 0, 0.00023778, 8.349300000000001e-05
47, 124, 1, 0.00045546000000000003, 0.00015993000000000002
47, 125, 0, 0.00033853, 0.00011880000000000001
47, 126, 0, 2.1515e-06, 7.6316e-07
47, 127, 0, 6.6729e-08, 2.3353e-08
48, 111, 0, 2.9692999999999997e-08, 1.1693000000000001e-08
48, 111, 1, 1.8347000000000001e-07, 7.2251e-08
48, 112, 0, 1.5425e-05, 5.7675e-06
48, 113, 0, 0.00019508, 9.4126e-05
48, 113, 1, 0.0012052999999999999, 0.00058158
48, 114, 0, 0.0062005, 0.0030385
48, 115, 0, 0.004867799999999999, 0.0015960999999999998
48, 115, 1, 0.030077, 0.0098619
48, 116, 0, 0.13836, 0.042768
48, 117, 0, 0.039699, 0.011340000000000001
48, 117, 1, 0.24529, 0.070066
48, 118, 0, 0.5491, 0.11964
48, 119, 0, 0.10432, 0.020502000000000003
48, 119, 1, 0.47882, 0.094098
48, 120, 0, 0.73005, 0.12269
48, 121, 0, 0.088391, 0.020454
48, 121, 1, 0.40568999999999994, 0.093876
48, 122, 0, 0.36901999999999996, 0.094219
48, 123, 0, 0.029703, 0.0095406
48, 123, 1, 0.13633, 0.043788
48, 124, 0, 0.10261, 0.034224
48, 125, 0, 0.0061449, 0.0021257
48, 125, 1, 0.028203000000000002, 0.0097563
48, 126, 0, 0.012256, 0.0043316000000000006
48, 127, 0, 0.0030744, 0.001075
48, 128, 0, 0.00076038, 0.00026203
48, 129, 0, 1.3443e-07, 4.6625e-08
48, 129, 1, 6.17e-07, 2.1399e-07
49, 113, 0, 2.7989e-08, 1.3508e-08
49, 113, 1, 3.516e-09, 1.6968999999999998e-09
49, 114, 0, 1.4252e-07, 6.9969e-08
49, 114, 1, 2.6435999999999997e-07, 1.2978e-07
49, 114, 2, 5.4199e-07, 2.6609e-07
49, 115, 0, 0.00020484000000000002, 6.7938e-05
49, 115, 1, 2.5731999999999997e-05, 8.5343e-06
49, 116, 0, 0.00037721, 0.00012378
49, 116, 1, 0.0006996799999999999, 0.00022960000000000002
49, 116, 2, 0.0014345, 0.00047074
49, 117, 0, 0.011717, 0.0038943000000000003
49, 117, 1, 0.0014719, 0.0004892
49, 118, 0, 0.0070677, 0.0023192
49, 118, 1, 0.013108999999999999, 0.0043019
49, 118, 2, 0.026878, 0.0088199
49, 119, 0, 0.1245, 0.038997000000000004
49, 119, 1, 0.01564, 0.0048988
49, 120, 0, 0.090168, 0.026036
49, 120, 1, 0.090168, 0.026036
49, 120, 2, 0.090168, 0.026036
49, 121, 0, 0.48622, 0.10516
49, 121, 1, 0.06107900000000001, 0.013210000000000001
49, 122, 0, 0.14776999999999998, 0.028418999999999996
49, 122, 1, 0.21116, 0.040611
49, 122, 2, 0.21116, 0.040611
49, 123, 0, 0.66836, 0.11107
49, 123, 1, 0.08395899999999999, 0.013951999999999999
49, 124, 0, 0.1828, 0.042357
49, 124, 1, 0.35013, 0.081133
49, 125, 0, 0.45288000000000006, 0.11102
49, 125, 1, 0.05689, 0.013947
49, 126, 0, 0.097491, 0.030587000000000003
49, 126, 1, 0.18674, 0.058588
49, 127, 0, 0.17623, 0.057142
49, 127, 1, 0.022138, 0.0071781
49, 128, 0, 0.016574, 0.0056140999999999995
49, 128, 1, 0.0058537, 0.0019829
49, 128, 2, 0.042970999999999995, 0.014556000000000001
49, 129, 0, 0.021416, 0.0073922
49, 129, 1, 0.0026902000000000002, 0.0009286
49, 130, 0, 0.0005517699999999999, 0.00018964
49, 130, 1, 0.0017883, 0.00061463
49, 130, 2, 0.0013335, 0.00045831999999999996
49, 131, 0, 0.00015495, 4.8678000000000004e-05
49, 131, 1, 0.00015495, 4.8678000000000004e-05
49, 131, 2, 0.00015495, 4.8678000000000004e-05
49, 132, 0, 9.862100000000001e-08, 3.4913e-08
50, 116, 0, 2.3963e-07, 7.8715e-08
50, 117, 0, 1.7017e-05, 5.688e-06
50, 117, 1, 0.00010514, 3.5144999999999996e-05
50, 118, 0, 0.00036381, 0.00012224
50, 119, 0, 0.00043292, 0.00014805
50, 119, 1, 0.0026749, 0.00091475
50, 120, 0, 0.024855, 0.008472
50, 121, 0, 0.011516, 0.0037979999999999997
50, 121, 1, 0.052853000000000004, 0.017432
50, 122, 0, 0.19093000000000002, 0.057809
50, 123, 0, 0.27249, 0.07663700000000001
50, 123, 1, 0.05936999999999999, 0.016698
50, 124, 0, 0.66429, 0.13109
50, 125, 0, 0.62942, 0.11508
50, 125, 1, 0.13714, 0.025075
50, 126, 0, 1.1842, 0.174
50, 127, 0, 0.82939, 0.16038
50, 127, 1, 0.18071, 0.034944
50, 128, 0, 0.19346000000000002, 0.040669000000000004
50, 128, 1, 0.87364, 0.18365
50, 129, 0, 0.098613, 0.029117999999999998
50, 129, 1, 0.45261, 0.13364
50, 130, 0, 0.054265, 0.017521
50, 130, 1, 0.24504, 0.079121
50, 131, 0, 0.01484, 0.004619900000000001
50, 131, 1, 0.068109, 0.021204
50, 132, 0, 0.011958, 0.0042271999999999995
50, 133, 0, 0.0004925999999999999, 0.00017111
50, 134, 0, 0.0001583, 5.5255e-05
51, 120, 0, 6.4035e-05, 2.2128000000000002e-05
51, 120, 1, 0.00018301, 6.3241e-05
51, 121, 0, 0.0017665, 0.0006037200000000001
51, 122, 0, 0.0014245, 0.00049398
51, 122, 1, 0.0032894, 0.0011406
51, 123, 0, 0.024152, 0.0084048
51, 124, 0, 0.013640000000000001, 0.0046419
51, 124, 1, 0.012669999999999999, 0.0043119
51, 124, 2, 0.035047, 0.011927
51, 125, 0, 0.20142, 0.063586
51, 126, 0, 0.20376, 0.062295
51, 126, 1, 0.073663, 0.022521
51, 126, 2, 0.07929900000000001, 0.024243999999999998
51, 127, 0, 0.83622, 0.18882000000000002
51, 128, 0, 0.63226, 0.13222
51, 128, 1, 0.47463999999999995, 0.099259
51, 129, 0, 0.77157, 0.12080999999999999
51, 129, 1, 1.0477, 0.16405
51, 130, 0, 0.7279, 0.16145
51, 130, 1, 0.7279, 0.16145
51, 131, 0, 1.4762000000000002, 0.34841999999999995
51, 132, 0, 0.17059, 0.056706
51, 132, 1, 0.27124, 0.090164
51, 133, 0, 0.16895, 0.057907
51, 134, 0, 0.0032511000000000003, 0.0011338000000000001
51, 134, 1, 0.014681000000000001, 0.0051202
51, 135, 0, 0.0021861999999999997, 0.00076951
51, 136, 0, 0.00016179, 6.0827e-05
51, 137, 0, 1.5292e-07, 5.5028e-08
52, 122, 0, 0.00011783, 4.0974000000000004e-05
52, 123, 0, 6.595599999999999e-05, 2.3241e-05
52, 123, 1, 0.00040752000000000003, 0.00014360000000000002
52, 124, 0, 0.0024268, 0.0008512799999999999
52, 125, 0, 0.0013997, 0.00048876
52, 125, 1, 0.008648300000000001, 0.0030199
52, 126, 0, 0.042373, 0.014778
52, 127, 0, 0.018496, 0.0062144999999999995
52, 127, 1, 0.084893, 0.028522999999999996
52, 128, 0, 0.37059, 0.11188999999999999
52, 129, 0, 0.14252, 0.038304000000000005
52, 129, 1, 0.65414, 0.17581
52, 130, 0, 1.8529, 0.33855999999999997
52, 131, 0, 0.484, 0.07836699999999999
52, 131, 1, 2.2214, 0.35968
52, 132, 0, 2.6141, 0.34483
52, 133, 0, 0.33121, 0.071504
52, 133, 1, 1.5202, 0.32818
52, 134, 0, 1.1183999999999998, 0.31729
52, 135, 0, 0.22219000000000003, 0.076902
52, 136, 0, 0.05882, 0.022031000000000002
52, 137, 0, 0.007912800000000001, 0.0028455
52, 138, 0, 0.0015344, 0.00054223
52, 139, 0, 1.9887e-06, 6.993999999999999e-07
53, 126, 0, 0.00034388, 0.00012195999999999999
53, 127, 0, 0.002197, 0.0007680899999999999
53, 128, 0, 0.0089167, 0.0030626
53, 129, 0, 0.047423, 0.016194
53, 130, 0, 0.10626, 0.035264
53, 130, 1, 0.023531, 0.007809099999999999
53, 131, 0, 0.5451, 0.15380000000000002
53, 132, 0, 0.32476, 0.09215799999999999
53, 132, 1, 0.51638, 0.14653
53, 133, 0, 0.91856, 0.16975
53, 133, 1, 1.2473, 0.2305
53, 134, 0, 0.9399599999999999, 0.16101
53, 134, 1, 1.4945, 0.256
53, 135, 0, 2.554, 0.4655
53, 136, 0, 0.17237000000000002, 0.054480999999999995
53, 136, 1, 0.77839, 0.24602000000000002
53, 137, 0, 0.41859999999999997, 0.13929
53, 138, 0, 0.088228, 0.030713
53, 139, 0, 0.037712999999999997, 0.013171
53, 140, 0, 0.0034595999999999997, 0.0012609000000000001
53, 141, 0, 0.00024126, 8.6186e-05
53, 142, 0, 1.9631e-07, 7.4209e-08
54, 128, 0, 0.00021726999999999998, 7.4875e-05
54, 129, 0, 0.00016284, 5.6457e-05
54, 129, 1, 0.0010062, 0.00034883
54, 130, 0, 0.0052512, 0.0018033
54, 131, 0, 0.004143, 0.0012964
54, 131, 1, 0.019014999999999997, 0.0059499
54, 132, 0, 0.026354, 0.009146699999999999
54, 132, 1, 0.060853000000000004, 0.02112
54, 133, 0, 0.057845, 0.018827
54, 133, 1, 0.26549, 0.08641299999999999
54, 134, 0, 0.20666, 0.055378000000000004
54, 134, 1, 0.93324, 0.25006999999999996
54, 135, 0, 0.39641, 0.081874
54, 135, 1, 1.8194, 0.37578
54, 136, 0, 4.055899999999999, 0.41844
54, 137, 0, 2.7949, 0.45963999999999994
54, 138, 0, 2.3255999999999997, 0.46293999999999996
54, 139, 0, 0.96294, 0.27741
54, 140, 0, 0.37082, 0.12437
54, 141, 0, 0.077787, 0.027313
54, 142, 0, 0.015234999999999999, 0.00574
54, 143, 0, 0.00083489, 0.00029968
54, 144, 0, 9.7331e-05, 3.5984999999999995e-05
55, 131, 0, 7.5075e-07, 2.3587e-07
55, 132, 0, 0.00039882000000000003, 0.00014118
55, 133, 0, 0.0047612999999999996, 0.0016529000000000001
55, 134, 0, 0.0090977, 0.0031671000000000004
55, 134, 1, 0.014464999999999999, 0.0050358
55, 135, 0, 0.067801, 0.023541
55, 135, 1, 0.09206900000000001, 0.031967999999999996
55, 136, 0, 0.21455, 0.077175
55, 136, 1, 0.2858, 0.1028
55, 137, 0, 1.6015000000000001, 0.41504
55, 138, 0, 0.57421, 0.12438
55, 138, 1, 1.6410999999999998, 0.35547
55, 139, 0, 2.8885, 0.50068
55, 140, 0, 1.5223, 0.38885000000000003
55, 141, 0, 1.2996, 0.33997
55, 142, 0, 0.41539000000000004, 0.14565999999999998
55, 143, 0, 0.13609, 0.047354
55, 144, 0, 0.011239, 0.004131
55, 144, 1, 0.011239, 0.004131
55, 145, 0, 0.0031918000000000003, 0.0011895
55, 146, 0, 8.9436e-05, 3.4384e-05
55, 147, 0, 7.4558e-08, 2.7936e-08
56, 133, 0, 1.1436999999999999e-05, 3.9727e-06
56, 133, 1, 7.0666e-05, 2.4546e-05
56, 134, 0, 0.00063317, 0.00022098999999999998
56, 135, 0, 0.00057277, 0.00020155
56, 135, 1, 0.0026288, 0.0009250500000000001
56, 136, 0, 0.0051982, 0.0019508
56, 136, 1, 0.023474, 0.0088092
56, 137, 0, 0.028866, 0.010201
56, 137, 1, 0.13248, 0.046818
56, 138, 0, 0.88731, 0.27258
56, 139, 0, 1.7231, 0.42738000000000004
56, 140, 0, 2.4903999999999997, 0.43286
56, 141, 0, 2.4304, 0.39403
56, 142, 0, 2.6988000000000003, 0.34528
56, 143, 0, 1.3877000000000002, 0.28042
56, 144, 0, 0.73127, 0.20495000000000002
56, 145, 0, 0.17825, 0.062323
56, 146, 0, 0.048, 0.018059
56, 147, 0, 0.0071817999999999995, 0.0026783
56, 148, 0, 0.0013471, 0.0005354299999999999
56, 149, 0, 9.799900000000001e-05, 3.8751e-05
57, 136, 0, 2.6898e-07, 1.0112e-07
57, 136, 1, 2.6898e-07, 1.0112e-07
57, 137, 0, 0.00087952, 0.00031646
57, 138, 0, 0.010412999999999999, 0.003675
57, 139, 0, 0.086538, 0.030031
57, 140, 0, 0.17446, 0.061607
57, 141, 0, 0.56573, 0.17604999999999998
57, 142, 0, 0.72626, 0.22577999999999998
57, 143, 0, 1.3444, 0.27561
57, 144, 0, 1.2207000000000001, 0.24763
57, 145, 0, 1.014, 0.20026000000000002
57, 146, 0, 0.092779, 0.027809999999999998
57, 146, 1, 0.32458, 0.09729
57, 147, 0, 0.20487, 0.065533
57, 148, 0, 0.051199, 0.019469999999999998
57, 149, 0, 0.010529, 0.0041097
57, 150, 0, 0.0018332, 0.00071285
57, 151, 0, 1.9913e-06, 9.181600000000001e-07
57, 152, 0, 1.9491e-08, 8.4234e-09
58, 138, 0, 3.9741e-05, 1.4046e-05
58, 138, 1, 0.00017946, 6.3427e-05
58, 139, 0, 0.00023705999999999998, 8.3358e-05
58, 139, 1, 0.001088, 0.00038259000000000004
58, 140, 0, 0.0090363, 0.0032921
58, 141, 0, 0.033392, 0.011868
58, 142, 0, 0.13595000000000002, 0.050076999999999997
58, 143, 0, 0.24889999999999998, 0.083474
58, 144, 0, 0.6297600000000001, 0.17713
58, 145, 0, 0.8399, 0.18992
58, 146, 0, 1.0684, 0.15381
58, 147, 0, 0.76656, 0.10919000000000001
58, 148, 0, 0.5975, 0.10711
58, 149, 0, 0.23800000000000002, 0.067619
58, 150, 0, 0.09229000000000001, 0.030954000000000002
58, 151, 0, 0.01683, 0.0074987000000000005
58, 152, 0, 0.0031860000000000005, 0.0013641
58, 153, 0, 0.00023678, 8.9822e-05
58, 154, 0, 8.6119e-08, 3.7556e-08
59, 141, 0, 0.00012062, 4.3094000000000004e-05
59, 142, 0, 0.00010071, 3.8071e-05
59, 142, 1, 0.00045476, 0.00017192
59, 143, 0, 0.0039605, 0.0014222999999999998
59, 144, 0, 0.00076149, 0.00028166
59, 144, 1, 0.012323, 0.004557800000000001
59, 145, 0, 0.048807, 0.018139
59, 146, 0, 0.10951, 0.040955
59, 147, 0, 0.22793000000000002, 0.073129
59, 148, 0, 0.033808, 0.0099361
59, 148, 1, 0.26511, 0.077916
59, 149, 0, 0.39387, 0.08212799999999999
59, 150, 0, 0.28284, 0.064208
59, 151, 0, 0.16754999999999998, 0.054122
59, 152, 0, 0.044167000000000005, 0.016845
59, 153, 0, 0.011911999999999999, 0.0042412
59, 154, 0, 0.0020125, 0.00086606
59, 155, 0, 0.00015982, 7.2165e-05
59, 156, 0, 1.9765e-07, 7.2393e-08
59, 157, 0, 3.4356999999999996e-09, 1.5182e-09
60, 144, 0, 9.7322e-05, 3.5984999999999995e-05
60, 145, 0, 0.0013128, 0.00049009
60, 146, 0, 0.0065810999999999995, 0.0025372999999999997
60, 147, 0, 0.023884000000000002, 0.0089804
60, 148, 0, 0.065844, 0.026026
60, 149, 0, 0.13139, 0.046783000000000005
60, 150, 0, 0.22999999999999998, 0.060305000000000004
60, 151, 0, 0.21188, 0.05979400000000001
60, 152, 0, 0.1706, 0.036809
60, 153, 0, 0.073151, 0.015644
60, 154, 0, 0.032598, 0.011099000000000001
60, 155, 0, 0.0083164, 0.0034859
60, 156, 0, 0.0024218, 0.00085293
60, 157, 0, 1.7298e-05, 7.641099999999999e-06
60, 158, 0, 6.3051e-07, 3.7617e-07
60, 159, 0, 1.0041e-08, 3.8157e-09
60, 160, 0, 2.8489000000000004e-10, 2.0815e-10
61, 146, 0, 7.9649e-08, 3.0622e-08
61, 147, 0, 0.00017086, 6.402300000000001e-05
61, 148, 0, 3.2548999999999996e-05, 1.2952e-05
61, 148, 1, 0.00014698, 5.849e-05
61, 149, 0, 0.0035194999999999996, 0.0013903000000000001
61, 150, 0, 0.010932, 0.0042322
61, 151, 0, 0.031855, 0.014168000000000002
61, 152, 0, 0.004678600000000001, 0.0018417999999999998
61, 152, 1, 0.011293000000000001, 0.0044458
61, 152, 2, 0.025395, 0.0099974
61, 153, 0, 0.045901, 0.013208999999999999
61, 154, 0, 0.019652, 0.006245499999999999
61, 154, 1, 0.019652, 0.006245499999999999
61, 155, 0, 0.029659, 0.0095016
61, 156, 0, 0.015228, 0.0040553
61, 157, 0, 0.0060285, 0.0023638
61, 158, 0, 0.0012794, 0.0007450299999999999
61, 159, 0, 2.7574e-05, 1.0461e-05
61, 160, 0, 1.1121000000000001e-06, 8.1254e-07
61, 161, 0, 3.3161e-08, 1.222e-08
61, 162, 0, 3.6542e-10, 2.6625e-10
62, 149, 0, 9.7988e-05, 3.8751e-05
62, 150, 0, 0.00053845, 0.00020993
62, 151, 0, 0.0010438000000000001, 0.00048078
62, 152, 0, 0.0043871, 0.0018797999999999998
62, 153, 0, 0.0015930000000000002, 0.0005801599999999999
62, 153, 1, 0.0073116, 0.0026627
62, 154, 0, 0.016899, 0.0065929
62, 155, 0, 0.019633, 0.0072745
62, 156, 0, 0.023331, 0.0045078
62, 157, 0, 0.016354999999999998, 0.0047098999999999995
62, 158, 0, 0.0084448, 0.0041822
62, 159, 0, 0.0040273, 0.0011096
62, 160, 0, 0.0016277, 0.0011413
62, 161, 0, 3.6874e-05, 1.3517000000000001e-05
62, 162, 0, 2.7993e-06, 2.0392000000000003e-06
62, 163, 0, 7.0507e-08, 5.9906e-08
62, 164, 0, 3.1122999999999997e-09, 1.8034999999999998e-09
63, 151, 0, 2.6909999999999997e-08, 1.2408e-08
63, 152, 0, 2.6604999999999997e-05, 1.1496e-05
63, 152, 1, 5.4387e-06, 2.3501e-06
63, 152, 2, 6.1396e-05, 2.6530000000000002e-05
63, 153, 0, 1.2073e-05, 4.5856e-06
63, 154, 0, 7.954199999999999e-05, 3.464e-05
63, 154, 1, 0.00015235999999999998, 6.635e-05
63, 155, 0, 0.0013580999999999999, 0.00060717
63, 156, 0, 0.0025069999999999997, 0.00088211
63, 157, 0, 0.0049908999999999995, 0.0020031
63, 158, 0, 0.0047746, 0.0025868
63, 159, 0, 0.0053987, 0.0012383
63, 160, 0, 0.0037637, 0.0024869
63, 161, 0, 0.0015919, 0.00043487999999999996
63, 162, 0, 0.00095781, 0.00065689
63, 163, 0, 0.00011944, 0.00010059999999999999
63, 164, 0, 4.8363e-06, 2.8007e-06
63, 165, 0, 2.2944999999999998e-07, 1.8418e-07
63, 166, 0, 1.5774999999999998e-09, 6.2016e-10
64, 154, 0, 4.3059e-08, 1.8778e-08
64, 155, 0, 1.5099e-07, 6.827500000000001e-08
64, 155, 1, 6.9301e-07, 3.1336e-07
64, 156, 0, 0.00025938999999999997, 9.4629e-05
64, 157, 0, 0.00034433, 0.00015123
64, 158, 0, 0.00093799, 0.0005499400000000001
64, 159, 0, 0.0011895, 0.00041921
64, 160, 0, 0.0023391, 0.0016097
64, 161, 0, 0.0025713, 0.00049462
64, 162, 0, 0.0015563, 0.0010237
64, 163, 0, 0.0013138, 0.0010041
64, 164, 0, 0.0005992300000000001, 0.00031823
64, 165, 0, 0.00011786, 9.3105e-05
64, 166, 0, 2.5872999999999998e-06, 1.0107000000000001e-06
64, 167, 0, 2.8368e-07, 3.0319999999999996e-07
64, 168, 0, 1.6917e-08, 1.3576e-08
64, 169, 0, 1.0481999999999999e-10, 3.8337999999999996e-11
65, 156, 0, 2.6069e-10, 9.547999999999999e-11
65, 156, 1, 7.4553e-10, 2.7306e-10
65, 157, 0, 6.5277e-08, 2.8844e-08
65, 158, 0, 8.122e-07, 4.8457e-07
65, 158, 1, 5.0190999999999996e-08, 2.9944e-08
65, 159, 0, 1.2876e-05, 4.8895e-06
65, 160, 0, 0.00010172, 7.4136e-05
65, 161, 0, 0.00048978, 0.00016752
65, 162, 0, 0.00035915, 0.00025604
65, 163, 0, 0.00023887000000000002, 0.00019941000000000002
65, 164, 0, 0.0011984, 0.00057262
65, 165, 0, 0.00070713, 0.00051125
65, 166, 0, 0.00011294, 2.9819e-05
65, 167, 0, 4.0787e-05, 4.3271e-05
65, 168, 0, 5.9376000000000005e-06, 4.7515e-06
65, 169, 0, 2.4052e-07, 8.779999999999999e-08
65, 170, 0, 8.5632e-09, 9.0015e-09
65, 171, 0, 1.4437e-10, 1.5225e-10
66, 159, 0, 3.0428000000000003e-09, 1.1563e-09
66, 160, 0, 1.1481e-07, 8.3883e-08
66, 161, 0, 1.2385999999999999e-06, 4.5635e-07
66, 162, 0, 0.00011972, 8.6604e-05
66, 163, 0, 0.00011944, 0.00010059999999999999
66, 164, 0, 0.00023967, 0.00013437
66, 165, 0, 0.00021758, 0.00016908
66, 165, 1, 1.8126e-05, 1.4085e-05
66, 166, 0, 0.00011294, 2.9819e-05
66, 167, 0, 0.00032658000000000003, 0.00032763
66, 168, 0, 0.00016649999999999998, 0.00012242
66, 169, 0, 1.4606e-05, 4.6748000000000005e-06
66, 170, 0, 3.2045e-06, 3.3470000000000003e-06
66, 171, 0, 1.3464e-07, 1.4192e-07
66, 172, 0, 1.2182e-08, 4.5480000000000004e-09
66, 173, 0, 4.7176e-10, 4.9596e-10
67, 161, 0, 1.3309e-10, 4.9045e-11
67, 162, 0, 7.9498e-10, 5.7922e-10
67, 162, 1, 3.5898999999999998e-09, 2.6156e-09
67, 163, 0, 9.638999999999999e-08, 8.1898e-08
67, 163, 1, 8.0299e-09, 6.8226e-09
67, 164, 0, 3.0061000000000004e-07, 1.7416000000000002e-07
67, 164, 1, 1.3575000000000001e-06, 7.8644e-07
67, 165, 0, 1.1157e-05, 8.9429e-06
67, 166, 0, 2.0204e-06, 7.724500000000001e-07
67, 166, 1, 9.1236e-06, 3.4882e-06
67, 167, 0, 7.279199999999999e-05, 7.6766e-05
67, 168, 0, 2.8770999999999996e-05, 2.1819e-05
67, 168, 1, 8.2229e-05, 6.2359e-05
67, 169, 0, 4.5999e-05, 8.6161e-06
67, 170, 0, 1.6864e-05, 1.6984e-05
67, 170, 1, 3.7346e-06, 3.7611e-06
67, 171, 0, 1.3124e-05, 1.3133e-05
67, 172, 0, 1.0003e-06, 3.6e-07
67, 173, 0, 2.4451e-07, 2.5641e-07
67, 174, 0, 1.383e-08, 1.4517e-08
67, 175, 0, 5.8218e-10, 2.3392e-10
68, 164, 0, 5.9283e-10, 3.4354e-10
68, 165, 0, 9.8811e-09, 7.931899999999999e-09
68, 166, 0, 6.3773e-08, 2.5067000000000002e-08
68, 167, 0, 9.151700000000001e-07, 9.7802e-07
68, 167, 1, 7.6239e-08, 8.1476e-08
68, 168, 0, 8.443e-06, 6.748199999999999e-06
68, 169, 0, 2.2999e-05, 6.6828e-06
68, 170, 0, 1.6815e-05, 1.7073e-05
68, 171, 0, 7.3514000000000005e-06, 7.5333e-06
68, 172, 0, 7.6311e-06, 1.9228e-06
68, 173, 0, 3.8309e-06, 3.8683e-06
68, 174, 0, 1.2462e-06, 1.2761e-06
68, 175, 0, 1.2424e-07, 4.807e-08
68, 176, 0, 1.8538999999999998e-08, 1.9519e-08
68, 177, 0, 1.1175e-09, 1.1761000000000001e-09
69, 167, 0, 4.857100000000001e-10, 5.1916e-10
69, 168, 0, 1.0455e-08, 8.3909e-09
69, 169, 0, 6.053700000000001e-08, 2.213e-08
69, 170, 0, 3.0551e-07, 3.2096000000000004e-07
69, 171, 0, 7.464200000000001e-07, 7.8492e-07
69, 172, 0, 9.397e-06, 2.0132e-06
69, 173, 0, 3.8111000000000002e-06, 3.8491999999999995e-06
69, 174, 0, 2.3363e-06, 2.3381e-06
69, 175, 0, 1.1935e-06, 2.6233e-07
69, 176, 0, 3.7935e-07, 3.9045e-07
69, 177, 0, 1.359e-07, 1.4131e-07
69, 178, 0, 1.6538e-08, 1.7370999999999997e-08
69, 179, 0, 2.0442e-09, 2.1527e-09
70, 170, 0, 3.9955999999999996e-10, 4.2001999999999996e-10
70, 171, 0, 1.8724e-10, 1.9746e-10
70, 171, 1, 2.2477e-09, 2.3703e-09
70, 172, 0, 3.1253999999999997e-08, 1.166e-08
70, 173, 0, 1.7264e-07, 1.8118e-07
70, 174, 0, 5.7017e-07, 5.9193e-07
70, 175, 0, 5.2107e-07, 1.7120999999999998e-07
70, 175, 1, 4.3409e-08, 1.4263e-08
70, 176, 0, 1.9395e-07, 1.9319e-07
70, 176, 1, 6.7852e-07, 6.7588e-07
70, 177, 0, 5.3219e-07, 5.297e-07
70, 177, 1, 6.6853e-08, 6.654e-08
70, 178, 0, 3.8637000000000004e-07, 3.8626e-07
70, 179, 0, 1.0543e-07, 1.0892e-07
70, 180, 0, 2.9488000000000002e-08, 3.072e-08
70, 181, 0, 2.8631e-09, 3.0064e-09
71, 173, 0, 3.1559e-10, 3.3177999999999996e-10
71, 174, 0, 4.6328000000000003e-10, 4.8639e-10
71, 174, 1, 2.0920000000000002e-09, 2.1964e-09
71, 175, 0, 1.5243e-08, 6.0981999999999995e-09
71, 176, 0, 3.9677e-08, 4.1691e-08
71, 176, 1, 1.1341e-08, 1.1916999999999998e-08
71, 177, 0, 9.2566e-08, 9.5848e-08
71, 177, 1, 7.7117e-08, 7.985099999999999e-08
71, 177, 2, 1.2497999999999999e-08, 1.2941e-08
71, 178, 0, 6.7339e-08, 6.8847e-08
71, 178, 1, 1.5549e-07, 1.5897e-07
71, 179, 0, 2.7387e-07, 2.7252e-07
71, 179, 1, 2.2815e-08, 2.2702e-08
71, 180, 0, 3.1523000000000004e-08, 3.1644e-08
71, 180, 1, 3.1523000000000004e-08, 3.1644e-08
71, 180, 2, 1.0027000000000001e-07, 1.0066e-07
71, 181, 0, 8.716200000000001e-08, 8.8564e-08
71, 182, 0, 1.7117999999999998e-08, 1.793e-08
71, 183, 0, 3.953e-09, 4.142e-09
71, 184, 0, 3.1938999999999997e-10, 3.352e-10
72, 176, 0, 2.4606e-10, 2.5936e-10
72, 177, 0, 1.0694e-09, 1.1254e-09
72, 177, 1, 8.711400000000001e-10, 9.167500000000001e-10
72, 177, 2, 1.6438e-10, 1.7298e-10
72, 178, 0, 3.3423e-09, 3.5112e-09
72, 178, 1, 8.8616e-09, 9.3096e-09
72, 178, 2, 2.8311e-09, 2.9742000000000003e-09
72, 179, 0, 1.9912e-08, 2.0816e-08
72, 179, 1, 4.6644000000000006e-09, 4.8763999999999994e-09
72, 179, 2, 1.722e-08, 1.8001999999999998e-08
72, 180, 0, 2.5793e-08, 2.6245e-08
72, 180, 1, 9.023699999999999e-08, 9.181499999999999e-08
72, 181, 0, 1.1618000000000001e-07, 1.1666000000000001e-07
72, 182, 0, 2.5138000000000003e-08, 2.4915000000000002e-08
72, 182, 1, 8.794200000000001e-08, 8.7165e-08
72, 183, 0, 5.312e-08, 5.347999999999999e-08
72, 184, 0, 5.4366e-09, 5.5494999999999995e-09
72, 184, 1, 1.9019e-08, 1.9415e-08
72, 185, 0, 3.9822000000000006e-09, 4.1668e-09
72, 186, 0, 6.413e-10, 6.7448e-10
73, 179, 0, 1.5267e-10, 1.6083e-10
73, 179, 1, 1.0553999999999999e-10, 1.1118e-10
73, 180, 0, 5.4257e-10, 5.6941e-10
73, 180, 1, 1.2528e-09, 1.3148e-09
73, 181, 0, 1.0143e-08, 1.0621e-08
73, 182, 0, 4.4211e-09, 4.6241e-09
73, 182, 1, 5.7854e-09, 6.051000000000001e-09
73, 182, 2, 9.6815e-09, 1.0125999999999999e-08
73, 183, 0, 4.605e-08, 4.6639e-08
73, 184, 0, 3.985e-08, 3.9931e-08
73, 185, 0, 1.5417e-08, 1.5357e-08
73, 185, 1, 1.7567e-08, 1.7499e-08
73, 186, 0, 1.1203999999999999e-08, 1.1495e-08
73, 187, 0, 4.22e-09, 4.3797e-09
73, 188, 0, 5.4169e-10, 5.6908e-10
74, 182, 0, 3.4066e-10, 3.6007000000000003e-10
74, 183, 0, 2.4857e-10, 2.609e-10
74, 183, 1, 1.5358000000000002e-09, 1.6120000000000002e-09
74, 184, 0, 8.4002e-09, 8.7359e-09
74, 185, 0, 2.428e-09, 2.501e-09
74, 185, 1, 1.1144e-08, 1.1479e-08
74, 186, 0, 1.2392e-08, 1.2364e-08
74, 186, 1, 1.0054e-08, 1.0030000000000001e-08
74, 187, 0, 1.6114e-08, 1.6036e-08
74, 188, 0, 1.0860000000000001e-08, 1.0836e-08
74, 189, 0, 3.1736000000000003e-09, 3.2693e-09
74, 190, 0, 2.8689e-10, 2.9838e-10
74, 190, 1, 6.6245e-10, 6.8898e-10
75, 185, 0, 3.1197e-10, 3.2836e-10
75, 186, 0, 2.9235e-10, 3.0713e-10
75, 186, 1, 8.3555e-10, 8.7777e-10
75, 187, 0, 4.2498999999999996e-09, 4.4102e-09
75, 188, 0, 9.8944e-10, 1.0148999999999999e-09
75, 188, 1, 4.4681e-09, 4.5831e-09
75, 189, 0, 7.7653e-09, 7.7348e-09
75, 190, 0, 1.0084e-09, 1.0105e-09
75, 190, 1, 3.5278e-09, 3.5351999999999995e-09
75, 191, 0, 2.5358e-09, 2.5686e-09
75, 192, 0, 5.2949e-10, 5.538100000000001e-10
75, 193, 0, 1.3051e-10, 1.3667e-10
76, 188, 0, 3.1479e-10, 3.3106e-10
76, 189, 0, 1.3154e-10, 1.3764e-10
76, 189, 1, 8.127700000000001e-10, 8.5041e-10
76, 190, 0, 8.4707e-10, 8.645e-10
76, 190, 1, 1.9559e-09, 1.9961999999999998e-09
76, 191, 0, 2.5347e-09, 2.5514999999999997e-09
76, 191, 1, 4.1022e-10, 4.1293999999999997e-10
76, 192, 0, 9.160299999999999e-10, 9.0799e-10
76, 192, 1, 2.1152e-09, 2.0966e-09
76, 193, 0, 1.5060000000000002e-09, 1.5124e-09
76, 194, 0, 7.276500000000001e-10, 7.4045e-10
76, 195, 0, 1.2667000000000001e-10, 1.3243e-10
77, 191, 0, 3.9497e-11, 4.1387e-11
77, 191, 1, 1.0657e-10, 1.1167000000000001e-10
77, 192, 0, 1.5403e-10, 1.6132e-10
77, 192, 1, 1.5403e-10, 1.6132e-10
77, 192, 2, 1.5403e-10, 1.6132e-10
77, 193, 0, 2.0350000000000002e-10, 2.0673999999999998e-10
77, 193, 1, 9.34e-10, 9.4886e-10
77, 194, 0, 3.437e-10, 3.45e-10
77, 194, 1, 3.437e-10, 3.45e-10
77, 194, 2, 3.437e-10, 3.45e-10
77, 195, 0, 1.6202e-10, 1.6122e-10
77, 195, 1, 7.4362e-10, 7.3996e-10
77, 196, 0, 1.6437e-10, 1.6808e-10
77, 196, 1, 1.6437e-10, 1.6808e-10
77, 197, 1, 1.0676e-10, 1.1055000000000001e-10
78, 194, 0, 1.8753999999999998e-10, 1.9536e-10
78, 195, 0, 5.7967e-11, 5.9876e-11
78, 195, 1, 2.6605e-10, 2.7481e-10
78, 196, 0, 5.7385e-10, 5.7361e-10
78, 197, 0, 7.7013e-11, 7.665e-11
78, 197, 1, 3.5346999999999997e-10, 3.518e-10
78, 198, 0, 3.0335e-10, 3.0218e-10
79, 198, 0, 6.246399999999999e-11, 6.428000000000001e-11
79, 199, 0, 2.0192e-10, 2.0139000000000001e-10
