1,1,0,3.606600E-03,6.311500E-04
1,2,0,1.102200E-03,1.752200E-04
1,3,0,1.850000E-02,9.990000E-04
2,3,0,1.850000E-02,9.990000E-04
2,4,0,2.280000E-01,1.596000E-02
22,56,0,1.288700E-10,5.663100E-11
23,56,0,4.524000E-10,1.373100E-10
23,57,0,8.460900E-10,2.824900E-10
23,58,0,1.182900E-09,4.907300E-10
23,59,0,1.446400E-09,7.002300E-10
23,60,0,8.682400E-10,4.677600E-10
23,61,0,4.244200E-10,2.356700E-10
23,62,0,1.037300E-10,5.759600E-11
24,56,0,4.557800E-10,1.382000E-10
24,57,0,2.302900E-09,4.431000E-10
24,58,0,2.667900E-09,8.412100E-10
24,59,0,7.873400E-09,2.411600E-09
24,60,0,1.480100E-08,4.892800E-09
24,61,0,1.664200E-08,7.082600E-09
24,62,0,1.599800E-08,7.971000E-09
24,63,0,7.564900E-09,4.123300E-09
24,64,0,2.799700E-09,1.571500E-09
24,65,0,5.487500E-10,3.054800E-10
25,56,0,4.557800E-10,1.382000E-10
25,57,0,2.302900E-09,4.431000E-10
25,58,0,2.878900E-09,8.903300E-10
25,59,0,1.003800E-08,3.011300E-09
25,60,0,1.674500E-08,5.301200E-09
25,60,1,9.115000E-09,3.554800E-09
25,61,0,5.631500E-08,1.697100E-08
25,62,0,8.161800E-08,2.723200E-08
25,62,1,1.952800E-08,7.477100E-09
25,63,0,1.566200E-07,5.701800E-08
25,64,0,1.372100E-07,6.480300E-08
25,65,0,1.077200E-07,5.646700E-08
25,66,0,4.198400E-08,2.309300E-08
25,67,0,1.252800E-08,6.998100E-09
25,68,0,1.856200E-09,1.033400E-09
25,69,0,2.146100E-10,1.199100E-10
26,56,0,4.557800E-10,1.382000E-10
26,57,0,2.302900E-09,4.431000E-10
26,58,0,2.899600E-09,8.953300E-10
26,59,0,1.003800E-08,3.011300E-09
26,60,0,2.555700E-08,7.662000E-09
26,61,0,6.308000E-08,1.892400E-08
26,62,0,1.516100E-07,4.548400E-08
26,63,0,3.443800E-07,1.034000E-07
26,64,0,7.160700E-07,2.166600E-07
26,65,0,1.137600E-06,3.708600E-07
26,66,0,1.556800E-06,5.980600E-07
26,67,0,1.134400E-06,5.560800E-07
26,68,0,6.878000E-07,3.687800E-07
26,69,0,2.119400E-07,1.177300E-07
26,70,0,4.935600E-08,2.765600E-08
26,71,0,5.925500E-09,3.300800E-09
26,72,0,5.487200E-10,3.050500E-10
27,59,0,1.003800E-08,3.011300E-09
27,61,0,6.308000E-08,1.892400E-08
27,62,0,1.519500E-07,4.558400E-08
27,62,1,8.920400E-10,4.924600E-10
27,63,0,3.615300E-07,1.084600E-07
27,64,0,8.347700E-07,2.504300E-07
27,65,0,1.862200E-06,5.587000E-07
27,66,0,3.819900E-06,1.149300E-06
27,67,0,6.932600E-06,2.131300E-06
27,68,0,6.692800E-06,2.352600E-06
27,68,1,4.149600E-06,1.633300E-06
27,69,0,9.736700E-06,4.223600E-06
27,70,0,2.806000E-06,1.504200E-06
27,70,1,2.855400E-06,1.512100E-06
27,71,0,2.821700E-06,1.542200E-06
27,72,0,7.032700E-07,3.898600E-07
27,73,0,1.294600E-07,7.205700E-08
27,74,0,1.155800E-08,6.485200E-09
27,75,0,8.436300E-10,4.713000E-10
28,61,0,6.308000E-08,1.892400E-08
28,62,0,1.528300E-07,4.584000E-08
28,63,0,3.615300E-07,1.084600E-07
28,64,0,8.369200E-07,2.510700E-07
28,65,0,1.894300E-06,5.682000E-07
28,66,0,4.191600E-06,1.257500E-06
28,67,0,9.032600E-06,2.709800E-06
28,68,0,1.879600E-05,5.639500E-06
28,69,0,2.216500E-05,7.122000E-06
28,69,1,1.252600E-05,4.706800E-06
28,70,0,5.743300E-05,1.792700E-05
28,71,0,6.313400E-05,2.371500E-05
28,72,0,5.948200E-05,2.712200E-05
28,73,0,2.789100E-05,1.476000E-05
28,74,0,1.048800E-05,5.823600E-06
28,75,0,2.077700E-06,1.159200E-06
28,76,0,3.087500E-07,1.717500E-07
28,77,0,2.228700E-08,1.247300E-08
28,78,0,1.145400E-09,6.363600E-10
29,63,0,3.615300E-07,1.084600E-07
29,65,0,1.894300E-06,5.682000E-07
29,66,0,4.193700E-06,1.258100E-06
29,67,0,9.080400E-06,2.724000E-06
29,68,0,1.927600E-05,5.769000E-06
29,68,1,3.974000E-07,2.162600E-07
29,69,0,3.966300E-05,1.189900E-05
29,70,0,1.262900E-05,5.130800E-06
29,70,1,2.223700E-05,8.887300E-06
29,70,2,5.894400E-05,1.828000E-05
29,71,0,1.511200E-04,4.538500E-05
29,72,0,2.439800E-04,7.455300E-05
29,73,0,3.395600E-04,1.120600E-04
29,74,0,2.892300E-04,1.226100E-04
29,75,0,2.217600E-04,1.101000E-04
29,76,0,4.260400E-05,2.327500E-05
29,76,1,4.260400E-05,2.327500E-05
29,77,0,2.618200E-05,1.458100E-05
29,78,0,3.790700E-06,2.104900E-06
29,79,0,3.820500E-07,2.129400E-07
29,80,0,1.496300E-08,8.412300E-09
30,66,0,4.193700E-06,1.258100E-06
30,67,0,9.080400E-06,2.724000E-06
30,68,0,1.934100E-05,5.769000E-06
30,69,0,3.971600E-05,1.191500E-05
30,69,1,4.387100E-08,2.448300E-08
30,70,0,8.068100E-05,2.420400E-05
30,71,0,1.525700E-04,4.580700E-05
30,71,1,7.242700E-06,3.845400E-06
30,72,0,3.089200E-04,9.267600E-05
30,73,0,4.818500E-04,1.460700E-04
30,73,1,1.216500E-04,4.704200E-05
30,73,2,1.861900E-04,7.423100E-05
30,74,0,1.009900E-03,3.035800E-04
30,75,0,1.440500E-03,4.480200E-04
30,76,0,1.811000E-03,6.229700E-04
30,77,0,1.237200E-03,5.393700E-04
30,77,1,1.511700E-04,7.800100E-05
30,78,0,7.793100E-04,4.003500E-04
30,79,0,2.172300E-04,1.195100E-04
30,80,0,4.079600E-05,2.289700E-05
30,81,0,3.693300E-06,2.054200E-06
30,82,0,2.365800E-07,1.312700E-07
30,83,0,6.313700E-09,3.509600E-09
31,69,0,3.971600E-05,1.191500E-05
31,70,0,1.164300E-09,6.528100E-10
31,71,0,1.598600E-04,4.795900E-05
31,72,0,3.097900E-04,9.293700E-05
31,72,1,1.037100E-05,3.884200E-06
31,73,0,5.871900E-04,1.761600E-04
31,74,0,8.323900E-04,2.540200E-04
31,74,1,1.052800E-03,3.159500E-04
31,75,0,1.955100E-03,5.885100E-04
31,76,0,3.355600E-03,1.010700E-03
31,77,0,5.232400E-03,1.591700E-03
31,78,0,6.151200E-03,2.019700E-03
31,79,0,6.100000E-03,2.392300E-03
31,80,0,3.062100E-03,1.533200E-03
31,81,0,1.257700E-03,6.794300E-04
31,82,0,2.393000E-04,1.322600E-04
31,83,0,3.106700E-05,1.726300E-05
31,84,0,1.822800E-06,1.016800E-06
31,85,0,7.963300E-08,4.402300E-08
31,86,0,1.496900E-09,8.202200E-10
32,70,0,1.159500E-09,6.501300E-10
32,72,0,3.097900E-04,9.293700E-05
32,73,0,5.872200E-04,1.761600E-04
32,73,1,5.785700E-04,1.735800E-04
32,74,0,1.096400E-03,3.267000E-04
32,75,0,1.967900E-03,5.923300E-04
32,75,1,8.947700E-05,3.274600E-05
32,76,0,3.501700E-03,1.054000E-03
32,77,0,1.753100E-03,6.078100E-04
32,77,1,5.330900E-03,1.618800E-03
32,78,0,1.021100E-02,3.094000E-03
32,79,0,7.591000E-03,2.664400E-03
32,79,1,8.702300E-03,3.029400E-03
32,80,0,2.227500E-02,6.955300E-03
32,81,0,1.715500E-02,6.513800E-03
32,81,1,3.871700E-03,1.655400E-03
32,82,0,1.626000E-02,7.199500E-03
32,83,0,5.905800E-03,3.109100E-03
32,84,0,1.612900E-03,8.911300E-04
32,85,0,2.132400E-04,1.177600E-04
32,86,0,1.967500E-05,1.078000E-05
32,87,0,7.934000E-07,4.365700E-07
32,88,0,2.329600E-08,1.272200E-08
32,89,0,2.666300E-10,1.451300E-10
33,74,0,2.225200E-10,1.248500E-10
33,75,0,1.967900E-03,5.923500E-04
33,75,1,3.839200E-08,1.404800E-08
33,76,0,4.447100E-07,2.473800E-07
33,77,0,6.081600E-03,1.836700E-03
33,78,0,1.034000E-02,3.130000E-03
33,79,0,1.716700E-02,5.236000E-03
33,80,0,2.797500E-02,8.588500E-03
33,81,0,4.292600E-02,1.335500E-02
33,82,0,2.549500E-02,9.257400E-03
33,82,1,3.217800E-02,1.161400E-02
33,83,0,6.526400E-02,2.241500E-02
33,84,0,2.177300E-02,1.020000E-02
33,84,1,2.177300E-02,1.020000E-02
33,85,0,2.465700E-02,1.237300E-02
33,86,0,6.536500E-03,3.515500E-03
33,87,0,1.251900E-03,6.869800E-04
33,88,0,1.110800E-04,6.064200E-05
33,89,0,6.438600E-06,3.504400E-06
33,90,0,1.866500E-07,1.013800E-07
33,91,0,3.922000E-09,2.113600E-09
34,76,0,4.447100E-07,2.473800E-07
34,77,0,6.081600E-03,1.836700E-03
34,77,1,4.693200E-09,2.626500E-09
34,78,0,1.034000E-02,3.130000E-03
34,79,0,1.716500E-02,5.235400E-03
34,79,1,1.676100E-02,5.113000E-03
34,80,0,2.813400E-02,8.589900E-03
34,81,0,4.453700E-02,1.385100E-02
34,81,1,2.963800E-03,1.151500E-03
34,82,0,6.964800E-02,2.193900E-02
34,83,0,5.690500E-02,1.954600E-02
34,83,1,4.852000E-02,1.717200E-02
34,84,0,1.537900E-01,5.062100E-02
34,85,0,1.677100E-01,5.809700E-02
34,86,0,1.627300E-01,6.266200E-02
34,87,0,8.282900E-02,3.924900E-02
34,88,0,3.249800E-02,1.691700E-02
34,89,0,5.641400E-03,3.048000E-03
34,90,0,7.554400E-04,4.099100E-04
34,91,0,4.796800E-05,2.584800E-05
34,92,0,2.005300E-06,1.080800E-06
34,93,0,3.281000E-08,1.761800E-08
34,94,0,4.853800E-10,2.629500E-10
35,79,0,9.388300E-06,3.516600E-06
35,79,1,1.577200E-09,8.790900E-10
35,80,0,1.260100E-07,6.162800E-08
35,80,1,9.791000E-08,5.504400E-08
35,81,0,4.454400E-02,1.385300E-02
35,82,0,1.277800E-04,6.077600E-05
35,82,1,3.451900E-05,1.913800E-05
35,83,0,1.072900E-01,3.448600E-02
35,84,0,1.599600E-01,5.262800E-02
35,84,1,6.171500E-03,3.294000E-03
35,85,0,2.328900E-01,7.849100E-02
35,86,0,3.246600E-01,1.124200E-01
35,87,0,4.000400E-01,1.417900E-01
35,88,0,3.473500E-01,1.296600E-01
35,89,0,2.415500E-01,1.020800E-01
35,90,0,8.369400E-02,4.168400E-02
35,91,0,2.361500E-02,1.245500E-02
35,92,0,2.966200E-03,1.594100E-03
35,93,0,2.435300E-04,1.307400E-04
35,94,0,1.064800E-05,5.767900E-06
35,95,0,3.408500E-07,1.893100E-07
35,96,0,5.636400E-09,3.110500E-09
36,80,0,1.155500E-07,5.651300E-08
36,81,0,8.631600E-10,4.445900E-10
36,81,1,1.014200E-10,5.641500E-11
36,82,0,1.287000E-04,6.096900E-05
36,83,0,1.072900E-01,3.448600E-02
36,83,1,1.071900E-01,3.448600E-02
36,84,0,1.662500E-01,5.296900E-02
36,85,0,5.165900E-02,1.947600E-02
36,85,1,2.328000E-01,7.846300E-02
36,86,0,3.527600E-01,1.192700E-01
36,87,0,4.974300E-01,1.709000E-01
36,88,0,6.521300E-01,2.276000E-01
36,89,0,7.498700E-01,2.566500E-01
36,90,0,7.834500E-01,2.589100E-01
36,91,0,5.487600E-01,2.038600E-01
36,92,0,2.936000E-01,1.308700E-01
36,93,0,6.903100E-02,3.558800E-02
36,94,0,1.345300E-02,7.232300E-03
36,95,0,1.267200E-03,7.032200E-04
36,96,0,9.621500E-05,5.309100E-05
36,97,0,3.461400E-06,1.981100E-06
36,98,0,9.706800E-08,5.681500E-08
36,99,0,1.321300E-09,7.546200E-10
37,83,0,3.243400E-10,1.553300E-10
37,83,1,2.389400E-10,1.328300E-10
37,84,0,3.059300E-08,1.442900E-08
37,84,1,2.071800E-08,1.155700E-08
37,85,0,2.346500E-01,7.907800E-02
37,86,0,6.640400E-05,3.123600E-05
37,86,1,4.496900E-05,2.463800E-05
37,87,0,4.988500E-01,1.709000E-01
37,88,0,6.655200E-01,2.284900E-01
37,89,0,8.449800E-01,2.881500E-01
37,90,0,7.159100E-01,2.386300E-01
37,90,1,3.620800E-01,1.368300E-01
37,91,0,1.292000E+00,4.073700E-01
37,92,0,1.299000E+00,4.030700E-01
37,93,0,1.090400E+00,3.531100E-01
37,94,0,5.188700E-01,2.151000E-01
37,95,0,2.043400E-01,1.030300E-01
37,96,0,3.099400E-02,1.398300E-02
37,96,1,2.066200E-02,1.123700E-02
37,97,0,6.473800E-03,3.693800E-03
37,98,0,2.541400E-04,1.487300E-04
37,98,1,2.542300E-04,1.487500E-04
37,99,0,3.134100E-05,1.789900E-05
37,100,0,8.771200E-07,4.978600E-07
37,101,0,2.054700E-08,1.159300E-08
37,102,0,2.275400E-10,1.268600E-10
38,84,0,9.789800E-10,4.617200E-10
38,86,0,6.641500E-05,3.123800E-05
38,87,0,9.634600E-07,4.845800E-07
38,87,1,1.615600E-07,8.889600E-08
38,88,0,6.655600E-01,2.284900E-01
38,89,0,8.458900E-01,2.884600E-01
38,90,0,1.080200E+00,3.478300E-01
38,91,0,1.368500E+00,4.311000E-01
38,92,0,1.694300E+00,5.142300E-01
38,93,0,1.998500E+00,5.876000E-01
38,94,0,2.068100E+00,5.866100E-01
38,95,0,1.809500E+00,5.665500E-01
38,96,0,1.368300E+00,4.809000E-01
38,97,0,5.189000E-01,2.477200E-01
38,98,0,1.651400E-01,9.132600E-02
38,99,0,2.706200E-02,1.530200E-02
38,100,0,3.335500E-03,1.890600E-03
38,101,0,2.203000E-04,1.242800E-04
38,102,0,1.111900E-05,6.199100E-06
38,103,0,2.437500E-07,1.343700E-07
38,104,0,4.136100E-09,2.265900E-09
39,88,0,3.476300E-09,1.594300E-09
39,88,1,1.632500E-09,8.914400E-10
39,89,0,8.458900E-01,2.884600E-01
39,89,1,8.184300E-05,3.270000E-05
39,90,0,1.080200E+00,3.478300E-01
39,90,1,8.541500E-06,4.639300E-06
39,91,0,1.369000E+00,4.312300E-01
39,91,1,8.055400E-01,2.642300E-01
39,92,0,1.700300E+00,5.142300E-01
39,93,0,2.058900E+00,5.944700E-01
39,93,1,5.533900E-01,1.831600E-01
39,94,0,2.318200E+00,6.537800E-01
39,95,0,2.661600E+00,7.958800E-01
39,96,0,1.851300E+00,5.879100E-01
39,96,1,1.013100E+00,3.901300E-01
39,97,0,8.239200E-01,3.086600E-01
39,97,1,1.819400E+00,6.103500E-01
39,97,2,4.696400E-01,1.930300E-01
39,98,0,4.673500E-01,1.941400E-01
39,98,1,1.465100E+00,5.814700E-01
39,99,0,1.176900E+00,4.891700E-01
39,100,0,1.781900E-01,9.266300E-02
39,100,1,1.748800E-01,9.211500E-02
39,101,0,9.611900E-02,5.263800E-02
39,102,0,6.578200E-03,3.653800E-03
39,102,1,6.578200E-03,3.653800E-03
39,103,0,1.306500E-03,7.198700E-04
39,104,0,6.408500E-05,3.510500E-05
39,105,0,2.330000E-06,1.242900E-06
39,106,0,2.460700E-08,1.300900E-08
39,107,0,1.529500E-10,8.091800E-11
40,90,0,1.080200E+00,3.478300E-01
40,90,1,9.259100E-10,4.555000E-10
40,91,0,1.369000E+00,4.312300E-01
40,92,0,1.700300E+00,5.142300E-01
40,93,0,2.059100E+00,5.944700E-01
40,94,0,2.321600E+00,6.547400E-01
40,95,0,2.694100E+00,8.055400E-01
40,96,0,3.079800E+00,9.239600E-01
40,97,0,3.419800E+00,1.073000E+00
40,98,0,3.539200E+00,1.210700E+00
40,99,0,3.565700E+00,1.152500E+00
40,100,0,3.298200E+00,1.024700E+00
40,101,0,2.128000E+00,7.698300E-01
40,102,0,1.117300E+00,4.772700E-01
40,103,0,2.779500E-01,1.422000E-01
40,104,0,5.818800E-02,3.136400E-02
40,105,0,6.029700E-03,3.210300E-03
40,106,0,3.393500E-04,1.793700E-04
40,107,0,7.235000E-06,3.827600E-06
40,108,0,6.975500E-08,3.691900E-08
40,109,0,4.175000E-10,2.213000E-10
41,93,0,2.379600E-08,1.146200E-08
41,93,1,3.988200E-09,2.141600E-09
41,94,0,1.274300E-06,5.604200E-07
41,94,1,4.777400E-07,2.588200E-07
41,95,0,2.692500E+00,8.050700E-01
41,95,1,2.911500E-02,1.094800E-02
41,96,0,1.028900E-03,5.676900E-04
41,97,0,3.433000E+00,1.073000E+00
41,97,1,3.252700E+00,1.031300E+00
41,98,0,3.557900E+00,1.217000E+00
41,98,1,6.532600E-02,3.785400E-02
41,99,0,2.631900E+00,8.715100E-01
41,99,1,1.382800E+00,4.956500E-01
41,100,0,3.471200E+00,1.070000E+00
41,100,1,8.383700E-01,4.031400E-01
41,101,0,4.404000E+00,1.397000E+00
41,102,0,2.603200E+00,8.523500E-01
41,102,1,1.485900E+00,5.599900E-01
41,103,0,3.444000E+00,1.073500E+00
41,104,0,8.945700E-01,3.725800E-01
41,104,1,8.363000E-01,3.618900E-01
41,105,0,7.140700E-01,3.248600E-01
41,106,0,1.195200E-01,6.142100E-02
41,107,0,1.313200E-02,6.921000E-03
41,108,0,4.712900E-04,2.493800E-04
41,109,0,1.483200E-05,7.862100E-06
41,110,0,1.079800E-07,5.775300E-08
41,111,0,7.214800E-10,3.842900E-10
42,94,0,2.388700E-09,1.294100E-09
42,95,0,2.694200E+00,8.055600E-01
42,96,0,1.029200E-03,5.677400E-04
42,97,0,3.433000E+00,1.073000E+00
42,98,0,3.623600E+00,1.239300E+00
42,99,0,3.991200E+00,1.285200E+00
42,100,0,4.350500E+00,1.322600E+00
42,101,0,4.622900E+00,1.465500E+00
42,102,0,4.986900E+00,1.526000E+00
42,103,0,5.318700E+00,1.569200E+00
42,104,0,5.362300E+00,1.600600E+00
42,105,0,4.754900E+00,1.354500E+00
42,106,0,3.408700E+00,1.108900E+00
42,107,0,1.046500E+00,4.492900E-01
42,108,0,1.950100E-01,9.830600E-02
42,109,0,1.891800E-02,9.970400E-03
42,110,0,8.309700E-04,4.443100E-04
42,111,0,1.879900E-05,1.001300E-05
42,112,0,3.749600E-07,2.010800E-07
42,113,0,3.995300E-09,2.208000E-09
43,97,0,3.320800E-10,1.707000E-10
43,98,0,2.649100E-08,1.550500E-08
43,99,0,3.991100E+00,1.285100E+00
43,99,1,3.514600E+00,1.134100E+00
43,100,0,4.554000E-05,2.584900E-05
43,101,0,4.624000E+00,1.465500E+00
43,102,0,4.993000E+00,1.527900E+00
43,102,1,6.068000E-03,3.382600E-03
43,103,0,5.422700E+00,1.599500E+00
43,104,0,5.805200E+00,1.728100E+00
43,105,0,6.272400E+00,1.743800E+00
43,106,0,6.294800E+00,1.846000E+00
43,107,0,5.312800E+00,1.505100E+00
43,108,0,2.867100E+00,9.203300E-01
43,109,0,1.170200E+00,4.794900E-01
43,110,0,1.680500E-01,8.549200E-02
43,111,0,1.912200E-02,1.010400E-02
43,112,0,1.140300E-03,6.109700E-04
43,113,0,5.370500E-05,2.967700E-05
43,114,0,2.115300E-10,1.217100E-10
43,115,0,1.620900E-10,9.181700E-11
43,117,0,1.671800E-07,9.299200E-08
43,118,0,9.929900E-10,5.494900E-10
44,99,0,1.300400E-04,4.730300E-05
44,100,0,4.554300E-05,2.584900E-05
44,101,0,4.624000E+00,1.465500E+00
44,102,0,4.999100E+00,1.529700E+00
44,103,0,5.422900E+00,1.599500E+00
44,103,1,1.761600E-04,9.711100E-05
44,104,0,5.809700E+00,1.728100E+00
44,105,0,6.316000E+00,1.755900E+00
44,106,0,6.650900E+00,1.948700E+00
44,107,0,6.484300E+00,1.815600E+00
44,108,0,5.756200E+00,1.612300E+00
44,109,0,4.592700E+00,1.323600E+00
44,110,0,2.822600E+00,8.769800E-01
44,111,0,8.782800E-01,3.506200E-01
44,112,0,2.208500E-01,1.065600E-01
44,113,0,2.010000E-02,9.068500E-03
44,113,1,1.336700E-02,7.296900E-03
44,114,0,1.133600E-04,6.521800E-05
44,115,0,6.826400E-05,3.866300E-05
44,116,0,5.092700E-05,2.908600E-05
44,117,0,3.830800E-04,2.127600E-04
44,118,0,1.259700E-05,6.970000E-06
44,119,0,1.750700E-07,9.867500E-08
44,120,0,2.935400E-09,1.652500E-09
45,102,0,1.340100E-10,7.351800E-11
45,103,0,5.422900E+00,1.599500E+00
45,103,1,5.358000E+00,1.580700E+00
45,104,0,1.181400E-06,5.626600E-07
45,104,1,9.188800E-07,5.033800E-07
45,105,0,6.316100E+00,1.755900E+00
45,105,1,1.793000E+00,5.707500E-01
45,106,0,6.651300E+00,1.948800E+00
45,106,1,1.035100E-03,5.472400E-04
45,107,0,6.508300E+00,1.822300E+00
45,108,0,5.797900E+00,1.623700E+00
45,108,1,1.454800E-01,7.604200E-02
45,109,0,5.393300E+00,1.542500E+00
45,110,0,4.372800E+00,1.277200E+00
45,110,1,3.649400E-02,1.726100E-02
45,111,0,3.064000E+00,8.621500E-01
45,112,0,9.439000E-01,3.065700E-01
45,112,1,7.230500E-01,2.601800E-01
45,113,0,6.944900E-01,2.552700E-01
45,114,0,5.566300E-02,2.988200E-02
45,114,1,5.555000E-02,2.986400E-02
45,115,0,8.357100E-02,4.236600E-02
45,116,0,1.316700E-02,7.154800E-03
45,116,1,3.573200E-02,1.888400E-02
45,117,0,3.842800E-02,1.885100E-02
45,118,0,4.044200E-03,2.188100E-03
45,119,0,3.016400E-04,1.695600E-04
45,120,0,1.486800E-05,8.367600E-06
45,121,0,4.072200E-07,2.310200E-07
45,122,0,3.493700E-08,1.931000E-08
46,104,0,1.177300E-06,5.603500E-07
46,105,0,6.316100E+00,1.755900E+00
46,106,0,6.652300E+00,1.949100E+00
46,107,0,6.508300E+00,1.822300E+00
46,107,1,1.306600E-05,6.912300E-06
46,108,0,5.944200E+00,1.664000E+00
46,109,0,5.404800E+00,1.545800E+00
46,109,1,2.704600E+00,8.243900E-01
46,110,0,4.515300E+00,1.318500E+00
46,111,0,3.391000E+00,9.496400E-01
46,111,1,2.910300E-01,1.396600E-01
46,112,0,2.499100E+00,6.997800E-01
46,113,0,1.640600E+00,4.893200E-01
46,113,1,6.969800E-01,2.498900E-01
46,114,0,1.043600E+00,3.174900E-01
46,115,0,2.995000E-01,9.988000E-02
46,115,1,4.366300E-01,1.439000E-01
46,116,0,4.528700E-01,1.432100E-01
46,117,0,2.413900E-01,7.543200E-02
46,117,1,1.394100E-01,4.982200E-02
46,118,0,8.943200E-02,3.217100E-02
46,119,0,2.180300E-02,1.038800E-02
46,120,0,4.117300E-03,2.219400E-03
46,121,0,4.300900E-04,2.426800E-04
46,122,0,1.006400E-04,5.555700E-05
46,123,0,2.249500E-05,1.228500E-05
46,124,0,9.100900E-08,4.995600E-08
47,107,0,5.632900E-10,2.748600E-10
47,107,1,4.971000E-10,2.629900E-10
47,108,0,3.619000E-08,1.688200E-08
47,108,1,7.973700E-08,4.220100E-08
47,109,0,5.404800E+00,1.545800E+00
47,109,1,5.402200E+00,1.545000E+00
47,110,0,8.126400E-05,4.240200E-05
47,110,1,2.135900E-04,1.142400E-04
47,111,0,3.457000E+00,9.679500E-01
47,111,1,3.426900E+00,9.595900E-01
47,112,0,2.530900E+00,7.086400E-01
47,113,0,1.144000E+00,3.489200E-01
47,113,1,1.660200E+00,4.950000E-01
47,114,0,1.162400E+00,3.522200E-01
47,114,1,9.848500E-02,5.160600E-02
47,115,0,3.441700E-01,1.090700E-01
47,115,1,5.530800E-01,1.718500E-01
47,116,0,4.692900E-01,1.480800E-01
47,116,1,3.846200E-02,2.035600E-02
47,117,0,1.410200E-01,4.586400E-02
47,117,1,1.884300E-01,6.013500E-02
47,118,0,1.352800E-01,4.162200E-02
47,118,1,9.942400E-02,3.351500E-02
47,119,0,2.117400E-02,8.128200E-03
47,119,1,8.804900E-02,2.846800E-02
47,120,0,3.348600E-02,1.164800E-02
47,120,1,3.373800E-02,1.286900E-02
47,121,0,2.050000E-02,9.166000E-03
47,122,0,5.280800E-03,2.693200E-03
47,122,1,5.584900E-03,2.877500E-03
47,123,0,5.581800E-03,2.918600E-03
47,124,0,1.644300E-04,7.439300E-05
47,124,1,1.151200E-04,6.314300E-05
47,125,0,1.238400E-05,6.783200E-06
47,127,0,1.479100E-10,8.506700E-11
47,128,0,2.449200E-10,1.343200E-10
47,129,0,1.696900E-07,9.088700E-08
47,130,0,4.111600E-09,2.187600E-09
48,108,0,3.514000E-08,1.639200E-08
48,109,0,1.439600E-10,7.630600E-11
48,110,0,2.917400E-04,1.319000E-04
48,111,0,3.474100E+00,9.727200E-01
48,111,1,1.590700E-06,8.473000E-07
48,112,0,2.530900E+00,7.086600E-01
48,113,0,1.722100E+00,5.131900E-01
48,113,1,2.023800E-02,7.078000E-03
48,114,0,1.162500E+00,3.522500E-01
48,115,0,7.485600E-01,2.276100E-01
48,115,1,3.260700E-02,1.071000E-02
48,116,0,5.054900E-01,1.592300E-01
48,117,0,2.507800E-01,7.760600E-02
48,117,1,6.920900E-02,2.271000E-02
48,118,0,2.031600E-01,6.054100E-02
48,119,0,1.055100E-01,3.289600E-02
48,119,1,2.981400E-02,1.146400E-02
48,120,0,9.769600E-02,3.019200E-02
48,121,0,3.313800E-02,1.176500E-02
48,121,1,4.349600E-02,1.518600E-02
48,122,0,7.361300E-02,2.318500E-02
48,123,0,2.260400E-02,8.763200E-03
48,123,1,5.148300E-02,1.900200E-02
48,124,0,2.272400E-02,1.103100E-02
48,125,0,1.474100E-03,7.966400E-04
48,125,1,4.113400E-03,2.213400E-03
48,126,0,4.040500E-05,2.401400E-05
48,127,0,6.407800E-05,3.684900E-05
48,128,0,1.051800E-04,5.767600E-05
48,129,0,1.839000E-04,9.842700E-05
48,129,1,5.143900E-04,2.753300E-04
48,130,0,6.101300E-05,3.246000E-05
48,131,0,1.963900E-06,1.049000E-06
48,132,0,3.140800E-08,1.674800E-08
49,112,0,3.411200E-09,1.629800E-09
49,112,1,2.827900E-09,1.516500E-09
49,113,0,2.021000E-02,7.068200E-03
49,113,1,2.173900E-08,1.201500E-08
49,114,0,2.340600E-10,9.814200E-11
49,114,1,1.869500E-10,8.608900E-11
49,114,2,1.003100E-10,5.771200E-11
49,115,0,7.437400E-01,2.261500E-01
49,115,1,7.485700E-01,2.276100E-01
49,117,0,1.978600E-01,6.133500E-02
49,117,1,2.308800E-01,7.166200E-02
49,118,0,2.031700E-01,6.054400E-02
49,118,1,3.119700E-05,1.388000E-05
49,118,2,1.686600E-05,9.332000E-06
49,119,0,4.573200E-02,1.532600E-02
49,119,1,9.539300E-02,3.009100E-02
49,120,0,9.851700E-02,3.044400E-02
49,120,1,8.217800E-04,4.568300E-04
49,120,2,8.217800E-04,4.568300E-04
49,121,0,6.448400E-02,2.043600E-02
49,121,1,2.389800E-02,8.657200E-03
49,122,0,8.349600E-02,2.579600E-02
49,122,1,8.264300E-03,4.000200E-03
49,122,2,8.264300E-03,4.000200E-03
49,123,0,1.060500E-01,3.277600E-02
49,123,1,2.593400E-02,9.157300E-03
49,124,0,8.298000E-02,2.777700E-02
49,124,1,6.496400E-02,2.377400E-02
49,125,0,1.044900E-01,3.881000E-02
49,125,1,2.083700E-02,9.150600E-03
49,126,0,2.385500E-02,1.313500E-02
49,126,1,2.567600E-02,1.411500E-02
49,127,0,6.525100E-02,3.351000E-02
49,127,1,1.320200E-02,7.101900E-03
49,128,0,6.210300E-02,2.633800E-02
49,128,1,1.755000E-02,8.835600E-03
49,128,2,6.684200E-02,3.283400E-02
49,129,0,9.976300E-02,4.846300E-02
49,129,1,2.016800E-02,1.006900E-02
49,130,0,7.846300E-03,4.096300E-03
49,130,1,1.133900E-02,5.944800E-03
49,130,2,1.579500E-02,8.270500E-03
49,131,0,1.483300E-03,7.844400E-04
49,131,1,1.466500E-03,7.820000E-04
49,131,2,1.466500E-03,7.820000E-04
49,132,0,2.935400E-04,1.565000E-04
49,133,0,7.941100E-06,3.776000E-06
49,133,1,1.330900E-06,7.086100E-07
49,134,0,7.442400E-08,3.947700E-08
49,135,0,3.865500E-10,2.062200E-10
50,112,0,1.500900E-09,7.171000E-10
50,114,0,2.328900E-10,9.765200E-11
50,115,0,3.742800E-02,1.246300E-02
50,116,0,1.013800E-10,4.294200E-11
50,117,0,3.199900E-01,9.852900E-02
50,117,1,6.741200E-04,2.166600E-04
50,118,0,2.032000E-01,6.055300E-02
50,119,0,1.357800E-01,4.168500E-02
50,119,1,4.131400E-02,1.395700E-02
50,120,0,1.001700E-01,3.095200E-02
50,121,0,8.656800E-02,2.692400E-02
50,121,1,7.401400E-03,2.755900E-03
50,122,0,1.007100E-01,3.081400E-02
50,123,0,1.052500E-02,3.782200E-03
50,123,1,1.247700E-01,3.809700E-02
50,124,0,1.975200E-01,5.925600E-02
50,125,0,1.358500E-01,4.620300E-02
50,125,1,1.499200E-01,4.736200E-02
50,126,0,4.157100E-01,1.368200E-01
50,127,0,4.457900E-01,1.466200E-01
50,127,1,2.031600E-01,7.236700E-02
50,128,0,1.045800E+00,3.112400E-01
50,128,1,7.375800E-01,2.302200E-01
50,129,0,3.753100E-01,1.322300E-01
50,129,1,7.548300E-01,2.597100E-01
50,130,0,2.753300E-01,1.100600E-01
50,130,1,7.058300E-01,2.631000E-01
50,131,0,1.148500E-01,5.486300E-02
50,131,1,3.149300E-01,1.461800E-01
50,132,0,1.082700E-01,5.566000E-02
50,133,0,1.275400E-02,6.764400E-03
50,134,0,5.893300E-04,3.125400E-04
50,135,0,1.437400E-05,7.668100E-06
50,136,0,2.343200E-07,1.261900E-07
50,137,0,2.340600E-09,1.236200E-09
51,120,0,2.419000E-10,1.361800E-10
51,120,1,4.045500E-10,2.277400E-10
51,121,0,8.822600E-02,2.743800E-02
51,122,0,7.152200E-07,3.212900E-07
51,122,1,4.095400E-07,2.263600E-07
51,123,0,1.353000E-01,4.126600E-02
51,124,0,9.209100E-04,3.713000E-04
51,124,1,7.507900E-04,3.357900E-04
51,124,2,4.621300E-04,2.529200E-04
51,125,0,3.018100E-01,8.873300E-02
51,126,0,2.222000E-02,1.124900E-02
51,126,1,2.599300E-02,1.194800E-02
51,126,2,1.438700E-02,8.186100E-03
51,127,0,7.265100E-01,2.244900E-01
51,128,0,1.094200E+00,3.251800E-01
51,128,1,6.451400E-02,3.346900E-02
51,129,0,1.184500E+00,3.597200E-01
51,129,1,6.272700E-01,2.106900E-01
51,130,0,1.277400E+00,3.905900E-01
51,130,1,1.002100E+00,3.253900E-01
51,131,0,2.587300E+00,7.290400E-01
51,132,0,1.049600E+00,3.796900E-01
51,132,1,8.334500E-01,3.233100E-01
51,133,0,9.423000E-01,3.983900E-01
51,134,0,4.520100E-02,2.322000E-02
51,134,1,1.218700E-01,6.251800E-02
51,135,0,2.008700E-02,1.065600E-02
51,136,0,1.192000E-03,6.416600E-04
51,137,0,5.353800E-05,2.827500E-05
51,138,0,1.007800E-06,5.458600E-07
51,139,0,1.480200E-08,7.811100E-09
52,122,0,6.966200E-07,3.129400E-07
52,123,0,9.519700E-10,4.570300E-10
52,123,1,7.531000E-10,4.113600E-10
52,124,0,1.110100E-03,4.197500E-04
52,125,0,3.018900E-01,8.875600E-02
52,125,1,6.759800E-02,2.204700E-02
52,126,0,4.462100E-02,1.810500E-02
52,127,0,7.237000E-01,2.236200E-01
52,127,1,1.197700E-01,4.197700E-02
52,128,0,1.156500E+00,3.434800E-01
52,129,0,1.469500E+00,4.403100E-01
52,129,1,7.347200E-01,2.319900E-01
52,130,0,2.476100E+00,7.155800E-01
52,131,0,2.736300E+00,7.632600E-01
52,131,1,7.582600E-01,2.822700E-01
52,132,0,4.129600E+00,1.165000E+00
52,133,0,2.141000E+00,6.466200E-01
52,133,1,2.666800E+00,8.259700E-01
52,134,0,3.548800E+00,1.077900E+00
52,135,0,1.280000E+00,5.242000E-01
52,136,0,3.443000E-01,1.714000E-01
52,137,0,4.508000E-02,2.354000E-02
52,138,0,4.107700E-03,2.222000E-03
52,139,0,1.861000E-04,9.819900E-05
52,140,0,6.444000E-06,3.440200E-06
52,141,0,1.096300E-07,5.871300E-08
52,142,0,1.314500E-09,7.019500E-10
53,125,0,1.579100E-08,8.649600E-09
53,127,0,7.265800E-01,2.245100E-01
53,128,0,2.162700E-10,1.186100E-10
53,129,0,1.741400E+00,5.205600E-01
53,130,0,9.630800E-04,4.425100E-04
53,130,1,2.700900E-04,1.437000E-04
53,131,0,3.353600E+00,9.255900E-01
53,132,0,4.273600E+00,1.205200E+00
53,132,1,7.241700E-02,3.820600E-02
53,133,0,5.257000E+00,1.466700E+00
53,133,1,3.895100E-01,1.948500E-01
53,134,0,5.803800E+00,1.637300E+00
53,134,1,1.070500E+00,4.565300E-01
53,135,0,5.360100E+00,1.481400E+00
53,136,0,1.235900E+00,4.357400E-01
53,136,1,2.429200E+00,8.389100E-01
53,137,0,1.951000E+00,7.241700E-01
53,138,0,4.650300E-01,2.273600E-01
53,139,0,9.443700E-02,4.860100E-02
53,140,0,9.419600E-03,5.012500E-03
53,141,0,7.355300E-04,3.937700E-04
53,142,0,2.623800E-05,1.401100E-05
53,143,0,6.648600E-07,3.581200E-07
53,144,0,7.115500E-09,3.805100E-09
54,128,0,2.013500E-10,1.104300E-10
54,129,0,3.014000E-09,1.418900E-09
54,129,1,2.384400E-09,1.277100E-09
54,130,0,1.006600E-03,4.509400E-04
54,131,0,3.353600E+00,9.256000E-01
54,131,1,3.644000E-02,1.212300E-02
54,132,0,4.284600E+00,1.208200E+00
54,132,1,4.462000E-04,2.379300E-04
54,133,0,5.273100E+00,1.471200E+00
54,133,1,1.615100E-01,5.028600E-02
54,134,0,6.042400E+00,1.703300E+00
54,134,1,1.811600E-01,8.629900E-02
54,135,0,6.294300E+00,1.724700E+00
54,135,1,1.580100E+00,5.199700E-01
54,136,0,6.381900E+00,1.843000E+00
54,137,0,5.648500E+00,1.611700E+00
54,138,0,4.635200E+00,1.411000E+00
54,139,0,2.404000E+00,8.191300E-01
54,140,0,9.633900E-01,4.107900E-01
54,141,0,1.916700E-01,9.730500E-02
54,142,0,3.031800E-02,1.602800E-02
54,143,0,2.295200E-03,1.235000E-03
54,144,0,1.218200E-04,6.514200E-05
54,145,0,2.855500E-06,1.538200E-06
54,146,0,5.523700E-08,3.052400E-08
54,147,0,3.814600E-10,2.156100E-10
55,131,0,6.856200E-10,3.662200E-10
55,132,0,9.972500E-08,5.317800E-08
55,133,0,5.273100E+00,1.471200E+00
55,134,0,6.066700E-04,2.579700E-04
55,134,1,2.848900E-04,1.511200E-04
55,135,0,6.318900E+00,1.731400E+00
55,135,1,6.434800E-03,3.434100E-03
55,136,0,9.689400E-02,4.419800E-02
55,136,1,5.103300E-02,2.748300E-02
55,137,0,6.293400E+00,1.787500E+00
55,138,0,5.919000E+00,1.764600E+00
55,138,1,9.117900E-01,4.348700E-01
55,139,0,5.329200E+00,1.536500E+00
55,140,0,4.120800E+00,1.214200E+00
55,141,0,2.855800E+00,9.108200E-01
55,142,0,1.098200E+00,4.409000E-01
55,143,0,3.476300E-01,1.682800E-01
55,144,0,3.938100E-02,1.722600E-02
55,144,1,2.617600E-02,1.381700E-02
55,145,0,5.790800E-03,3.110700E-03
55,146,0,3.274400E-04,1.808900E-04
55,147,0,1.147500E-05,6.486000E-06
55,148,0,1.719500E-07,9.981500E-08
55,149,0,2.081800E-09,1.244000E-09
56,132,0,1.795100E-09,9.572000E-10
56,133,0,3.098100E-10,1.438200E-10
56,133,1,2.451100E-10,1.305000E-10
56,134,0,6.067700E-04,2.579900E-04
56,135,0,9.208300E-06,4.152000E-06
56,135,1,6.783600E-06,3.618900E-06
56,136,0,1.227900E-01,5.050200E-02
56,136,1,2.796500E-04,1.506000E-04
56,137,0,6.299600E+00,1.789200E+00
56,137,1,5.945500E+00,1.691000E+00
56,138,0,6.156400E+00,1.834600E+00
56,139,0,5.648100E+00,1.626600E+00
56,140,0,5.225100E+00,1.515300E+00
56,141,0,4.785900E+00,1.416900E+00
56,142,0,4.109100E+00,1.174800E+00
56,143,0,2.945400E+00,8.872500E-01
56,144,0,1.759500E+00,6.022400E-01
56,145,0,4.989600E-01,2.248600E-01
56,146,0,1.188800E-01,6.256100E-02
56,147,0,1.244500E-02,6.989900E-03
56,148,0,9.142900E-04,5.304000E-04
56,149,0,3.381000E-05,2.020200E-05
56,150,0,8.807900E-07,5.415500E-07
56,151,0,9.815000E-09,6.145300E-09
57,135,0,2.145200E-10,1.144400E-10
57,136,0,2.961400E-08,1.279800E-08
57,136,1,1.480700E-08,7.974000E-09
57,137,0,2.415300E-06,1.275600E-06
57,138,0,7.643400E-05,4.139800E-05
57,139,0,5.649900E+00,1.627200E+00
57,140,0,5.243400E+00,1.520600E+00
57,141,0,4.913300E+00,1.454300E+00
57,142,0,4.546400E+00,1.295600E+00
57,143,0,4.191900E+00,1.215700E+00
57,144,0,3.661700E+00,1.070900E+00
57,145,0,2.801300E+00,7.866100E-01
57,146,0,5.764900E-01,2.206400E-01
57,146,1,9.600000E-01,3.690400E-01
57,147,0,6.539100E-01,2.833300E-01
57,148,0,1.303500E-01,7.064800E-02
57,149,0,2.180300E-02,1.284900E-02
57,150,0,1.685300E-03,1.034600E-03
57,151,0,9.094100E-05,5.693100E-05
57,152,0,2.385200E-06,1.559800E-06
57,153,0,4.921000E-08,3.401000E-08
57,154,0,4.676500E-10,3.233300E-10
58,138,0,5.251000E-09,2.423600E-09
58,138,1,3.841600E-09,2.080700E-09
58,139,0,3.881600E-07,1.747300E-07
58,139,1,2.859600E-07,1.509100E-07
58,140,0,5.243400E+00,1.520600E+00
58,141,0,4.913700E+00,1.454400E+00
58,142,0,4.552000E+00,1.295600E+00
58,143,0,4.237300E+00,1.228800E+00
58,144,0,3.933700E+00,1.148600E+00
58,145,0,3.509900E+00,9.687300E-01
58,146,0,3.017000E+00,9.143100E-01
58,147,0,2.357000E+00,7.371300E-01
58,148,0,1.606200E+00,5.396400E-01
58,149,0,6.651400E-01,2.866200E-01
58,150,0,2.128000E-01,1.140200E-01
58,151,0,3.182000E-02,1.938100E-02
58,152,0,3.741200E-03,2.436000E-03
58,153,0,2.233900E-04,1.543200E-04
58,154,0,9.975600E-06,6.896900E-06
58,155,0,1.984900E-07,1.367700E-07
58,156,0,3.180200E-09,2.106200E-09
59,140,0,4.482200E-10,2.392900E-10
59,141,0,4.913700E+00,1.454400E+00
59,142,0,1.894100E-06,8.577400E-07
59,142,1,1.385700E-06,7.399900E-07
59,143,0,4.237400E+00,1.228800E+00
59,144,0,3.935000E+00,1.149000E+00
59,144,1,5.548400E-02,2.005900E-02
59,145,0,3.525600E+00,9.730500E-01
59,146,0,3.100100E+00,9.393400E-01
59,147,0,2.709600E+00,8.427000E-01
59,148,0,1.721500E+00,5.706000E-01
59,148,1,5.592400E-01,2.557700E-01
59,149,0,1.760900E+00,6.207500E-01
59,150,0,1.125600E+00,4.276800E-01
59,151,0,6.001900E-01,2.551100E-01
59,152,0,1.727400E-01,9.512200E-02
59,153,0,4.288400E-02,2.803800E-02
59,154,0,5.285600E-03,3.619200E-03
59,155,0,4.791500E-04,3.297200E-04
59,156,0,2.200100E-05,1.456800E-05
59,157,0,8.122500E-07,5.171000E-07
59,158,0,1.384500E-08,8.523100E-09
59,159,0,1.952900E-10,1.165000E-10
60,142,0,1.893800E-06,8.576000E-07
60,143,0,4.237400E+00,1.228800E+00
60,144,0,3.935000E+00,1.149000E+00
60,145,0,3.525600E+00,9.730600E-01
60,146,0,3.100500E+00,9.394400E-01
60,147,0,2.713900E+00,8.440300E-01
60,148,0,2.316900E+00,7.506800E-01
60,149,0,1.903600E+00,6.700600E-01
60,150,0,1.542800E+00,5.739400E-01
60,151,0,1.193200E+00,4.571600E-01
60,152,0,8.423900E-01,3.390200E-01
60,153,0,4.585700E-01,2.144600E-01
60,154,0,2.087600E-01,1.088300E-01
60,155,0,4.745600E-02,2.948000E-02
60,156,0,9.155300E-03,5.891100E-03
60,157,0,9.172700E-04,5.813600E-04
60,158,0,6.899500E-05,4.244900E-05
60,159,0,2.701500E-06,1.611400E-06
60,160,0,8.141100E-08,4.746100E-08
60,161,0,1.112300E-09,6.388800E-10
61,145,0,4.653900E-10,2.506900E-10
61,146,0,3.346100E-08,1.849000E-08
61,147,0,2.713900E+00,8.440300E-01
61,148,0,1.701700E-05,9.131800E-06
61,148,1,4.082000E-05,2.369500E-05
61,149,0,1.904600E+00,6.704200E-01
61,150,0,8.428000E-03,5.170300E-03
61,151,0,1.241400E+00,4.754400E-01
61,152,0,8.628900E-01,3.468500E-01
61,152,1,4.309300E-02,2.714700E-02
61,152,2,5.629100E-02,3.516000E-02
61,153,0,7.098600E-01,3.208700E-01
61,154,0,3.506500E-01,1.644500E-01
61,154,1,1.418900E-01,7.627900E-02
61,155,0,3.018700E-01,1.380500E-01
61,156,0,1.286300E-01,6.117700E-02
61,157,0,4.789400E-02,2.498100E-02
61,158,0,9.113700E-03,5.283700E-03
61,159,0,1.486900E-03,8.739700E-04
61,160,0,1.209100E-04,7.033900E-05
61,161,0,7.242600E-06,4.159000E-06
61,162,0,2.087700E-07,1.197700E-07
61,163,0,4.932700E-09,2.790200E-09
62,146,0,1.137700E-08,6.286800E-09
62,147,0,2.713900E+00,8.440300E-01
62,148,0,5.580100E-05,2.699500E-05
62,149,0,1.904600E+00,6.704200E-01
62,150,0,8.439100E-03,5.172800E-03
62,151,0,1.241500E+00,4.755100E-01
62,152,0,9.643500E-01,3.866800E-01
62,153,0,7.213600E-01,3.260600E-01
62,153,1,8.470600E-03,5.805200E-03
62,154,0,5.412200E-01,2.478800E-01
62,155,0,3.986700E-01,1.798000E-01
62,156,0,2.867600E-01,1.213300E-01
62,157,0,1.844600E-01,7.250200E-02
62,158,0,1.038700E-01,3.932900E-02
62,159,0,3.786400E-02,1.617000E-02
62,160,0,1.174100E-02,5.796500E-03
62,161,0,1.798600E-03,9.911800E-04
62,162,0,2.191600E-04,1.247100E-04
62,163,0,1.408900E-05,7.961300E-06
62,164,0,6.792400E-07,3.806000E-07
62,165,0,1.572300E-08,8.842200E-09
63,150,0,2.952400E-10,1.815300E-10
63,151,0,1.241500E+00,4.755100E-01
63,152,0,8.666100E-07,4.721500E-07
63,152,1,8.518600E-08,5.570800E-08
63,152,2,4.937900E-07,3.229200E-07
63,153,0,7.213900E-01,3.260700E-01
63,154,0,2.849100E-04,1.670800E-04
63,154,1,1.478100E-04,1.021700E-04
63,155,0,4.010700E-01,1.808800E-01
63,156,0,2.964200E-01,1.253900E-01
63,157,0,2.146800E-01,8.394000E-02
63,158,0,1.494700E-01,5.455900E-02
63,159,0,9.723500E-02,3.368400E-02
63,160,0,5.287800E-02,1.791700E-02
63,161,0,2.467200E-02,8.784600E-03
63,162,0,6.885900E-03,3.082200E-03
63,163,0,1.728100E-03,8.834500E-04
63,164,0,2.163800E-04,1.186000E-04
63,165,0,2.139100E-05,1.198300E-05
63,166,0,1.057700E-06,5.893300E-07
63,167,0,3.970600E-08,2.217100E-08
64,152,0,3.031200E-07,1.540500E-07
64,153,0,1.846600E-09,1.276200E-09
64,154,0,2.849600E-04,1.670900E-04
64,155,0,4.010700E-01,1.808800E-01
64,155,1,1.839500E-06,1.267500E-06
64,156,0,2.964700E-01,1.254100E-01
64,157,0,2.150400E-01,8.406500E-02
64,158,0,1.516700E-01,5.535800E-02
64,159,0,1.039100E-01,3.594900E-02
64,160,0,6.917400E-02,2.296600E-02
64,161,0,4.405000E-02,1.414300E-02
64,162,0,2.607100E-02,8.211000E-03
64,163,0,1.254400E-02,4.029400E-03
64,164,0,5.215500E-03,1.855800E-03
64,165,0,1.226400E-03,5.642900E-04
64,166,0,2.432800E-04,1.265900E-04
64,167,0,2.405500E-05,1.326200E-05
64,168,0,1.821700E-06,1.024900E-06
64,169,0,7.265000E-08,4.042700E-08
65,155,0,1.011000E-10,6.966000E-11
65,156,0,5.199300E-09,2.827900E-09
65,156,1,2.977600E-09,1.972000E-09
65,156,2,4.654200E-10,3.082300E-10
65,157,0,1.917000E-07,1.220400E-07
65,158,0,3.155300E-06,1.837400E-06
65,158,1,2.825500E-07,1.739400E-07
65,159,0,1.039500E-01,3.594900E-02
65,160,0,2.505600E-04,1.455800E-04
65,161,0,4.519900E-02,1.450900E-02
65,162,0,2.867900E-02,9.005300E-03
65,163,0,1.765800E-02,5.456300E-03
65,164,0,1.024200E-02,3.126500E-03
65,165,0,5.366800E-03,1.642500E-03
65,166,0,2.098200E-03,6.973600E-04
65,167,0,7.133100E-04,2.818500E-04
65,168,0,1.313900E-04,6.549900E-05
65,169,0,2.137200E-05,1.146700E-05
65,170,0,1.729500E-06,9.563500E-07
65,171,0,1.047700E-07,5.845000E-08
66,158,0,5.257400E-07,3.054600E-07
66,159,0,9.439200E-09,5.630700E-09
66,160,0,2.508200E-04,1.456200E-04
66,161,0,4.520300E-02,1.450900E-02
66,162,0,2.870900E-02,9.014600E-03
66,163,0,1.780300E-02,5.500200E-03
66,164,0,1.078300E-02,3.287900E-03
66,165,0,6.364900E-03,1.928600E-03
66,165,1,1.175800E-04,6.230400E-05
66,166,0,3.637400E-03,1.098600E-03
66,167,0,1.928000E-03,5.815900E-04
66,168,0,9.205100E-04,2.820900E-04
66,169,0,3.160200E-04,1.089300E-04
66,170,0,9.323300E-05,3.888500E-05
66,171,0,1.407900E-05,7.201100E-06
66,172,0,1.738400E-06,9.519300E-07
66,173,0,1.114700E-07,6.216500E-08
67,161,0,3.476400E-10,1.849000E-10
67,162,0,6.531300E-09,3.073600E-09
67,162,1,6.618200E-09,3.797000E-09
67,163,0,1.921200E-07,1.004600E-07
67,163,1,2.257400E-08,1.276900E-08
67,164,0,1.897600E-06,9.044200E-07
67,164,1,1.388300E-06,7.778400E-07
67,165,0,6.381900E-03,1.933700E-03
67,166,0,3.652000E-03,1.102900E-03
67,166,1,3.974800E-05,2.189200E-05
67,167,0,2.087000E-03,6.281900E-04
67,168,0,1.147900E-03,3.455300E-04
67,168,1,1.427600E-04,6.957900E-05
67,169,0,6.057700E-04,1.817900E-04
67,170,0,1.403200E-04,5.017400E-05
67,170,1,1.447100E-04,4.927100E-05
67,171,0,1.168300E-04,3.676900E-05
67,172,0,3.136800E-05,1.208200E-05
67,173,0,7.520400E-06,3.496900E-06
67,174,0,9.122700E-07,4.874500E-07
67,175,0,9.305000E-08,5.146400E-08
68,164,0,9.814600E-07,4.676900E-07
68,165,0,8.443300E-09,4.748200E-09
68,166,0,3.652100E-03,1.103000E-03
68,167,0,2.088100E-03,6.284900E-04
68,167,1,2.495100E-04,9.192000E-05
68,168,0,1.154700E-03,3.475700E-04
68,169,0,6.244200E-04,1.873200E-04
68,170,0,3.298900E-04,9.896600E-05
68,171,0,1.690700E-04,5.072100E-05
68,172,0,8.236500E-05,2.472900E-05
68,173,0,3.493200E-05,1.062400E-05
68,174,0,1.296600E-05,4.186300E-06
68,175,0,3.001900E-06,1.223300E-06
68,176,0,5.884100E-07,2.870800E-07
68,177,0,5.766100E-08,3.119300E-08
69,167,0,2.938900E-10,1.641000E-10
69,168,0,4.643000E-09,2.616200E-09
69,169,0,6.244700E-04,1.873400E-04
69,170,0,3.776200E-07,2.096700E-07
69,171,0,1.708100E-04,5.124000E-05
69,172,0,8.638400E-05,2.591500E-05
69,173,0,4.263100E-05,1.278900E-05
69,174,0,2.023600E-05,6.071800E-06
69,175,0,8.943100E-06,2.690400E-06
69,176,0,3.204800E-06,9.987900E-07
69,177,0,9.913800E-07,3.473900E-07
69,178,0,1.733200E-07,8.044300E-08
69,179,0,2.848800E-08,1.476500E-08
70,170,0,3.773300E-07,2.094300E-07
70,171,0,1.708100E-04,5.124000E-05
70,171,1,2.241900E-09,1.251500E-09
70,172,0,8.640800E-05,2.592200E-05
70,173,0,4.275200E-05,1.282500E-05
70,174,0,2.068100E-05,6.204400E-06
70,175,0,9.783500E-06,2.935100E-06
70,175,1,6.984900E-06,2.157300E-06
70,176,0,4.253100E-06,1.276700E-06
70,176,1,2.480300E-06,7.898400E-07
70,177,0,1.976900E-06,5.932900E-07
70,177,1,1.156600E-06,3.795200E-07
70,178,0,7.960400E-07,2.394800E-07
70,179,0,2.549300E-07,8.131800E-08
70,180,0,6.785100E-08,2.527000E-08
70,181,0,1.039700E-08,4.996100E-09
71,174,0,8.322800E-10,3.943500E-10
71,174,1,6.114900E-10,3.414900E-10
71,175,0,9.790100E-06,2.937000E-06
71,176,0,2.653500E-07,9.711700E-08
71,176,1,8.255600E-09,4.574900E-09
71,177,0,2.031800E-06,6.095600E-07
71,177,1,2.414800E-08,1.296400E-08
71,177,2,1.172500E-09,6.452400E-10
71,178,0,8.414700E-07,2.521000E-07
71,178,1,6.086200E-08,3.153700E-08
71,179,0,3.883100E-07,1.165000E-07
71,179,1,2.706000E-07,8.482000E-08
71,180,0,8.760700E-08,2.719400E-08
71,180,1,9.035600E-08,2.947900E-08
71,180,2,3.985000E-08,1.599700E-08
71,181,0,5.510300E-08,1.676200E-08
71,182,0,1.281500E-08,4.473700E-09
71,183,0,3.089200E-09,1.303200E-09
71,184,0,3.730200E-10,1.920500E-10
72,176,0,8.247800E-09,4.570600E-09
72,177,0,2.051300E-06,6.153000E-07
72,177,1,1.936500E-08,1.016900E-08
72,177,2,5.911800E-10,3.235000E-10
72,178,0,9.038900E-07,2.702700E-07
72,178,1,6.191900E-08,3.169700E-08
72,178,2,1.175900E-10,6.608400E-11
72,179,0,3.931600E-07,1.179500E-07
72,179,1,8.124600E-10,4.505700E-10
72,179,2,1.227400E-09,6.801800E-10
72,180,0,1.641600E-07,4.859200E-08
72,180,1,2.773600E-08,1.054400E-08
72,181,0,6.861900E-08,2.051700E-08
72,182,0,2.084400E-08,6.105000E-09
72,182,1,8.953900E-09,3.394200E-09
72,183,0,9.868700E-09,2.954600E-09
72,184,0,1.107500E-09,4.048700E-10
72,184,1,2.118700E-09,7.123300E-10
72,185,0,6.841200E-10,2.507100E-10
72,186,0,1.369300E-10,6.061000E-11
72,187,0,1.328400E-10,4.011000E-11
73,181,0,6.886900E-08,2.059200E-08
73,182,0,5.788100E-09,2.242300E-09
73,182,1,5.596100E-09,2.210000E-09
73,182,2,5.386400E-09,2.175600E-09
73,183,0,1.098600E-08,3.273900E-09
73,184,0,4.254700E-09,1.276400E-09
73,185,0,1.520100E-09,4.459700E-10
73,185,1,3.124200E-10,1.284400E-10
73,186,0,4.952200E-10,1.499800E-10
73,187,0,1.328400E-10,4.011000E-11
74,182,0,5.788100E-09,2.242300E-09
74,183,0,1.098600E-08,3.273900E-09
74,183,1,3.735300E-10,1.412800E-10
74,184,0,4.254700E-09,1.276400E-09
74,185,0,1.520100E-09,4.459700E-10
74,186,0,6.002800E-10,1.794800E-10
74,187,0,1.328400E-10,4.011000E-11
75,185,0,1.520100E-09,4.459700E-10
75,187,0,1.328400E-10,4.011000E-11
