1,1,0,3.095700E-03,1.102600E-03
1,2,0,9.460600E-04,3.300200E-04
1,3,0,2.480000E-02,9.715700E-03
2,4,0,1.957000E-01,3.594500E-02
20,50,0,2.130400E-10,5.865700E-11
20,51,0,2.366400E-10,8.451100E-11
20,52,0,2.158800E-10,8.156100E-11
21,50,0,2.082700E-10,5.150600E-11
21,50,1,4.612100E-11,1.140600E-11
21,51,0,9.776300E-10,1.931200E-10
21,52,0,2.022200E-09,5.272700E-10
21,53,0,3.473500E-09,1.114000E-09
21,54,0,2.960300E-09,1.116400E-09
21,55,0,2.157000E-09,8.297400E-10
21,56,0,7.702800E-10,2.993100E-10
21,57,0,2.012400E-10,7.873400E-11
22,51,0,2.840800E-10,9.917100E-11
22,52,0,2.022600E-09,5.273100E-10
22,53,0,7.443600E-09,1.568300E-09
22,54,0,2.226600E-08,4.355600E-09
22,55,0,3.757700E-08,1.038100E-08
22,56,0,5.236000E-08,1.742200E-08
22,57,0,3.513100E-08,1.325100E-08
22,58,0,1.877700E-08,7.369400E-09
22,59,0,5.175900E-09,2.034800E-09
22,60,0,1.056700E-09,4.130100E-10
22,61,0,1.048300E-10,4.130400E-11
23,53,0,1.196900E-09,4.420200E-10
23,54,0,7.897500E-09,2.685700E-09
23,55,0,4.553700E-08,1.117400E-08
23,56,0,1.368900E-07,2.894900E-08
23,57,0,3.282000E-07,7.452000E-08
23,58,0,4.153000E-07,1.339600E-07
23,59,0,4.556800E-07,1.648000E-07
23,60,0,2.426700E-07,9.313500E-08
23,61,0,1.033400E-07,4.058100E-08
23,62,0,2.174100E-08,8.450400E-09
23,63,0,3.382600E-09,1.320900E-09
23,64,0,2.458000E-10,9.822700E-11
24,54,0,2.659600E-10,1.053000E-10
24,55,0,3.683700E-09,1.402100E-09
24,56,0,4.010600E-08,1.390900E-08
24,57,0,2.090000E-07,6.215800E-08
24,58,0,9.018300E-07,1.863800E-07
24,59,0,2.160400E-06,4.367500E-07
24,60,0,4.196000E-06,1.007600E-06
24,61,0,4.322700E-06,1.446500E-06
24,62,0,3.687300E-06,1.352000E-06
24,63,0,1.517200E-06,5.862100E-07
24,64,0,4.778500E-07,1.906700E-07
24,65,0,7.870400E-08,3.071100E-08
24,66,0,9.719800E-09,3.708800E-09
24,67,0,6.567000E-10,2.560400E-10
25,56,0,4.359700E-10,1.695500E-10
25,57,0,8.985400E-09,3.484200E-09
25,58,0,8.582200E-08,3.267000E-08
25,58,1,5.303500E-09,2.018900E-09
25,59,0,7.752100E-07,2.616600E-07
25,60,0,1.885000E-07,5.310400E-08
25,60,1,3.050300E-06,8.593400E-07
25,61,0,1.142100E-05,2.310500E-06
25,62,0,1.968000E-05,4.533100E-06
25,62,1,1.934500E-06,4.455900E-07
25,63,0,3.314600E-05,9.515200E-06
25,64,0,2.578700E-05,9.425600E-06
25,65,0,1.750700E-05,6.634400E-06
25,66,0,5.787200E-06,2.197200E-06
25,67,0,1.709200E-06,6.660000E-07
25,68,0,1.830700E-07,7.163800E-08
25,69,0,1.507000E-08,5.928800E-09
26,58,0,7.404700E-10,2.927500E-10
26,59,0,1.608800E-08,6.312700E-09
26,60,0,2.604600E-07,9.982400E-08
26,61,0,2.112200E-06,7.735000E-07
26,62,0,1.395600E-05,4.135900E-06
26,63,0,4.580700E-05,1.080500E-05
26,64,0,1.231000E-04,2.308300E-05
26,65,0,1.890200E-04,4.566500E-05
26,66,0,2.380200E-04,6.977300E-05
26,67,0,1.770400E-04,6.451400E-05
26,68,0,7.932200E-05,3.051300E-05
26,69,0,1.766300E-05,6.932900E-06
26,70,0,2.878000E-06,1.134600E-06
26,71,0,2.310900E-07,9.041100E-08
26,72,0,1.373100E-08,5.026100E-09
27,60,0,5.423700E-10,2.119900E-10
27,60,1,1.201100E-10,4.694600E-11
27,61,0,2.240900E-08,8.823300E-09
27,62,0,6.734200E-08,2.603700E-08
27,62,1,3.041000E-07,1.175700E-07
27,63,0,4.623700E-06,1.746800E-06
27,64,0,2.798600E-05,1.014400E-05
27,65,0,1.481100E-04,4.154900E-05
27,66,0,3.994300E-04,8.516500E-05
27,67,0,1.040500E-03,2.056200E-04
27,68,0,7.513900E-04,2.165300E-04
27,68,1,3.254100E-04,9.377300E-05
27,69,0,9.331000E-04,3.190300E-04
27,70,0,1.948400E-04,7.424500E-05
27,70,1,1.948400E-04,7.424500E-05
27,71,0,1.326100E-04,5.147600E-05
27,72,0,2.151200E-05,7.865700E-06
27,73,0,3.263100E-06,1.269300E-06
27,74,0,2.353800E-07,9.333800E-08
27,75,0,1.384100E-08,5.388900E-09
28,62,0,6.884300E-10,2.676700E-10
28,63,0,2.288500E-08,8.935300E-09
28,64,0,5.691300E-07,2.270200E-07
28,65,0,7.408700E-06,2.856200E-06
28,66,0,7.413400E-05,2.642000E-05
28,67,0,4.269200E-04,1.387700E-04
28,68,0,1.510600E-03,3.536000E-04
28,69,0,1.410300E-03,2.828000E-04
28,69,1,1.410300E-03,2.828000E-04
28,70,0,4.198400E-03,8.847600E-04
28,71,0,3.372600E-03,1.023200E-03
28,72,0,2.172600E-03,7.052700E-04
28,73,0,8.581000E-04,3.265400E-04
28,74,0,2.653600E-04,1.048200E-04
28,75,0,4.293900E-05,1.671200E-05
28,76,0,5.175400E-06,1.993300E-06
28,77,0,2.955500E-07,1.149200E-07
28,78,0,1.171900E-08,4.463400E-09
29,64,0,3.234000E-10,1.292300E-10
29,65,0,1.821300E-08,7.107700E-09
29,66,0,4.806600E-07,1.833300E-07
29,67,0,1.118200E-05,4.342300E-06
29,68,0,1.727800E-05,6.623100E-06
29,68,1,7.802500E-05,2.990800E-05
29,69,0,6.462900E-04,2.316900E-04
29,70,0,9.383800E-05,2.968400E-05
29,70,1,1.907100E-03,6.032900E-04
29,70,2,9.383800E-05,2.968400E-05
29,71,0,5.738300E-03,1.272600E-03
29,72,0,8.054300E-03,1.343200E-03
29,73,0,1.156500E-02,2.902100E-03
29,74,0,8.627000E-03,2.963900E-03
29,75,0,5.647600E-03,2.083000E-03
29,76,0,8.989000E-04,3.426400E-04
29,76,1,8.989000E-04,3.426400E-04
29,77,0,4.445500E-04,1.725900E-04
29,78,0,5.057300E-05,1.926000E-05
29,79,0,3.966300E-06,1.510800E-06
29,80,0,1.156400E-07,4.400300E-08
30,66,0,1.957200E-10,7.468400E-11
30,67,0,1.252300E-08,4.882600E-09
30,68,0,4.571300E-07,1.788700E-07
30,69,0,8.996200E-07,3.535600E-07
30,69,1,7.161500E-06,2.814500E-06
30,70,0,1.035800E-04,4.048500E-05
30,71,0,7.463900E-05,2.802200E-05
30,71,1,5.941700E-04,2.230700E-04
30,72,0,3.342800E-03,1.002200E-03
30,73,0,5.947200E-04,1.598700E-04
30,73,1,8.460600E-04,2.274300E-04
30,73,2,8.902200E-03,2.393000E-03
30,74,0,2.638800E-02,5.072400E-03
30,75,0,3.819800E-02,8.136600E-03
30,76,0,4.511000E-02,1.195700E-02
30,77,0,2.536200E-02,8.835100E-03
30,77,1,2.112800E-03,7.360200E-04
30,78,0,1.330000E-02,4.904000E-03
30,79,0,2.970400E-03,1.126400E-03
30,80,0,4.284300E-04,1.629700E-04
30,81,0,2.866100E-05,1.061500E-05
30,82,0,1.339000E-06,4.851700E-07
30,83,0,2.372500E-08,8.551000E-09
31,69,0,4.398900E-09,1.730600E-09
31,70,0,1.542100E-07,6.081100E-08
31,71,0,4.215500E-06,1.648900E-06
31,72,0,5.077900E-05,1.853700E-05
31,72,1,3.138000E-06,1.145500E-06
31,73,0,6.480600E-04,2.479300E-04
31,74,0,1.907100E-03,7.129500E-04
31,74,1,1.907100E-03,7.129500E-04
31,75,0,1.935300E-02,6.046200E-03
31,76,0,4.903100E-02,1.233100E-02
31,77,0,1.028400E-01,1.996900E-02
31,78,0,1.151100E-01,2.886100E-02
31,79,0,1.031100E-01,3.216000E-02
31,80,0,4.220900E-02,1.536400E-02
31,81,0,1.343000E-02,4.929300E-03
31,82,0,1.931100E-03,6.991700E-04
31,83,0,1.718800E-04,6.194600E-05
31,84,0,7.378400E-06,2.695700E-06
31,85,0,2.181300E-07,7.783300E-08
31,86,0,2.738400E-09,9.637600E-10
32,71,0,1.151600E-10,4.505700E-11
32,71,1,9.167400E-10,3.586800E-10
32,72,0,5.808900E-08,2.126300E-08
32,73,0,1.676500E-06,6.521700E-07
32,73,1,2.106000E-07,8.192400E-08
32,74,0,4.640200E-05,1.838800E-05
32,75,0,4.548700E-05,1.761200E-05
32,75,1,5.460200E-04,2.114200E-04
32,76,0,5.699600E-03,2.119400E-03
32,77,0,2.500100E-02,8.690200E-03
32,77,1,2.082800E-03,7.239400E-04
32,78,0,1.082800E-01,2.808900E-02
32,79,0,1.681000E-02,3.436700E-03
32,79,1,2.017900E-01,4.125400E-02
32,80,0,3.436900E-01,6.548300E-02
32,81,0,2.495500E-01,6.955500E-02
32,81,1,3.134800E-02,8.737400E-03
32,82,0,1.780100E-01,5.832800E-02
32,83,0,4.681200E-02,1.656700E-02
32,84,0,9.756200E-03,3.558000E-03
32,85,0,9.029500E-04,3.221600E-04
32,86,0,5.740200E-05,2.020200E-05
32,87,0,1.577100E-06,5.624500E-07
32,88,0,2.848300E-08,1.048300E-08
32,89,0,2.091400E-10,7.733400E-11
33,73,0,2.223000E-10,8.648100E-11
33,74,0,1.524200E-08,6.044300E-09
33,75,0,1.182300E-07,4.603300E-08
33,75,1,7.305400E-07,2.844300E-07
33,76,0,2.185900E-05,8.418200E-06
33,77,0,4.270100E-04,1.657600E-04
33,78,0,4.330200E-03,1.630700E-03
33,79,0,3.436500E-02,1.229600E-02
33,80,0,1.335000E-01,4.250300E-02
33,81,0,4.163100E-01,9.041100E-02
33,82,0,9.367400E-02,1.835400E-02
33,82,1,5.299900E-01,1.038500E-01
33,83,0,6.429400E-01,1.398800E-01
33,84,0,1.807700E-01,5.919000E-02
33,84,1,1.807700E-01,5.919000E-02
33,85,0,1.549700E-01,5.348500E-02
33,86,0,2.974700E-02,1.041800E-02
33,87,0,4.034600E-03,1.438300E-03
33,88,0,2.271600E-04,8.360600E-05
33,89,0,8.741200E-06,3.232200E-06
33,90,0,1.621100E-07,6.005800E-08
33,91,0,1.842200E-09,6.960600E-10
34,76,0,5.123100E-09,1.973200E-09
34,77,0,2.133000E-08,8.293700E-09
34,77,1,2.560500E-07,9.955600E-08
34,78,0,1.259300E-05,4.796200E-06
34,79,0,2.576200E-04,9.807900E-05
34,79,1,2.146100E-05,8.170600E-06
34,80,0,4.867100E-03,1.841000E-03
34,81,0,3.109200E-03,1.109700E-03
34,81,1,3.732300E-02,1.332100E-02
34,82,0,2.467800E-01,7.484500E-02
34,83,0,5.560700E-01,1.227700E-01
34,83,1,6.985300E-02,1.542200E-02
34,84,0,1.318700E+00,2.163600E-01
34,85,0,1.387000E+00,2.617300E-01
34,86,0,1.106300E+00,2.679800E-01
34,87,0,4.139100E-01,1.371800E-01
34,88,0,1.074800E-01,3.892300E-02
34,89,0,1.300700E-02,4.805500E-03
34,90,0,1.148100E-03,4.253400E-04
34,91,0,4.058800E-05,1.533600E-05
34,92,0,1.000200E-06,3.827400E-07
34,93,0,1.093800E-08,4.191300E-09
35,78,0,9.211800E-10,3.508500E-10
35,79,0,1.349000E-08,5.138500E-09
35,79,1,8.335300E-08,3.174900E-08
35,80,0,7.863700E-07,2.992300E-07
35,80,1,4.449100E-06,1.693000E-06
35,81,0,2.085100E-04,7.721000E-05
35,82,0,2.969300E-03,1.073600E-03
35,82,1,6.575400E-04,2.377600E-04
35,83,0,3.953300E-02,1.397300E-02
35,84,0,1.055900E-01,3.627200E-02
35,84,1,1.055900E-01,3.627200E-02
35,85,0,8.366400E-01,2.265800E-01
35,86,0,1.551400E+00,3.214600E-01
35,87,0,2.214000E+00,4.401500E-01
35,88,0,1.389900E+00,3.752900E-01
35,89,0,7.755500E-01,2.719300E-01
35,90,0,2.037300E-01,7.601300E-02
35,91,0,3.471000E-02,1.314700E-02
35,92,0,2.705800E-03,1.035700E-03
35,93,0,1.545100E-04,5.921100E-05
35,94,0,3.661500E-06,1.645300E-06
35,95,0,7.779300E-08,2.833300E-08
35,96,0,6.770200E-10,3.138700E-10
36,80,0,3.268500E-10,1.243800E-10
36,81,0,3.831800E-08,1.419200E-08
36,81,1,3.192100E-09,1.182300E-09
36,82,0,3.599400E-06,1.304200E-06
36,83,0,1.065700E-04,3.840800E-05
36,83,1,1.338700E-05,4.824800E-06
36,84,0,3.012900E-03,1.099600E-03
36,85,0,3.023500E-02,1.067500E-02
36,85,1,3.798100E-03,1.341000E-03
36,86,0,2.727100E-01,8.897900E-02
36,87,0,1.023400E+00,2.892500E-01
36,88,0,2.637800E+00,4.052100E-01
36,89,0,3.178500E+00,4.903500E-01
36,90,0,2.662700E+00,5.659600E-01
36,91,0,1.151200E+00,3.734400E-01
36,92,0,4.338400E-01,1.636200E-01
36,93,0,7.950000E-02,3.051000E-02
36,94,0,8.816400E-03,3.964600E-03
36,95,0,5.703700E-04,2.077400E-04
36,96,0,2.330700E-05,1.080500E-05
36,97,0,6.549000E-07,2.350600E-07
36,98,0,8.648800E-09,4.177000E-09
37,83,0,2.637700E-09,9.507100E-10
37,83,1,1.210600E-08,4.363500E-09
37,84,0,2.587600E-07,9.453300E-08
37,84,1,9.052400E-07,3.307200E-07
37,85,0,6.459100E-05,2.304700E-05
37,86,0,3.376500E-04,1.187700E-04
37,86,1,1.181300E-03,4.155200E-04
37,87,0,2.496100E-02,8.840200E-03
37,88,0,1.676800E-01,5.868300E-02
37,89,0,9.631200E-01,2.819100E-01
37,90,0,1.236600E-01,2.881200E-02
37,90,1,2.001000E+00,4.662400E-01
37,91,0,3.310100E+00,4.612500E-01
37,92,0,2.650500E+00,5.231700E-01
37,93,0,1.908300E+00,5.082100E-01
37,94,0,5.657200E-01,2.414000E-01
37,95,0,1.685500E-01,6.049500E-02
37,96,0,9.755000E-03,4.521300E-03
37,96,1,9.755000E-03,4.521300E-03
37,97,0,2.467200E-03,8.855100E-04
37,98,0,4.665300E-05,2.253100E-05
37,98,1,4.665300E-05,2.253100E-05
37,99,0,4.404000E-06,1.583600E-06
37,100,0,7.317800E-08,3.056500E-08
37,101,0,1.006400E-09,4.237300E-10
38,85,0,4.019700E-09,1.434300E-09
38,85,1,5.049400E-10,1.801800E-10
38,86,0,5.375200E-07,1.891700E-07
38,87,0,2.433200E-05,8.677100E-06
38,87,1,3.056500E-06,1.090000E-06
38,88,0,8.587200E-04,3.159700E-04
38,89,0,1.380800E-02,5.087100E-03
38,90,0,1.255700E-01,4.532600E-02
38,91,0,5.214500E-01,1.760000E-01
38,92,0,1.827800E+00,4.608300E-01
38,93,0,3.273800E+00,5.642700E-01
38,94,0,3.291400E+00,6.317000E-01
38,95,0,2.275200E+00,4.670800E-01
38,96,0,1.017800E+00,4.080800E-01
38,97,0,3.512900E-01,1.230800E-01
38,98,0,5.832300E-02,2.830100E-02
38,99,0,7.762900E-03,2.792400E-03
38,100,0,5.846000E-04,2.442000E-04
38,101,0,2.314300E-05,9.743900E-06
38,102,0,7.718800E-07,3.022900E-07
38,103,0,9.430300E-09,3.545000E-09
39,87,0,1.313900E-10,4.685600E-11
39,87,1,1.045900E-09,3.730000E-10
39,88,0,4.483800E-08,1.650200E-08
39,88,1,7.129200E-08,2.623900E-08
39,89,0,1.067000E-06,3.945300E-07
39,89,1,8.493700E-06,3.140700E-06
39,90,0,6.507700E-05,2.410900E-05
39,90,1,1.859900E-04,6.890300E-05
39,91,0,5.257900E-04,1.984500E-04
39,91,1,4.185600E-03,1.579700E-03
39,92,0,4.591500E-02,1.741000E-02
39,93,0,2.820500E-02,1.012800E-02
39,93,1,3.385700E-01,1.215700E-01
39,94,0,9.340000E-01,3.492100E-01
39,95,0,2.460500E+00,4.652900E-01
39,96,0,5.145400E-01,1.244500E-01
39,96,1,1.800100E+00,4.353800E-01
39,97,0,2.729100E-01,4.852500E-02
39,97,1,1.263800E+00,2.247100E-01
39,97,2,9.087100E-01,1.615700E-01
39,98,0,1.005800E-01,4.648000E-02
39,98,1,7.887300E-01,3.644800E-01
39,99,0,5.328500E-01,1.904300E-01
39,100,0,5.771000E-02,2.455600E-02
39,100,1,5.771000E-02,2.455600E-02
39,101,0,2.058600E-02,8.716400E-03
39,102,0,9.752000E-04,3.821500E-04
39,102,1,9.752000E-04,3.821500E-04
39,103,0,1.110300E-04,4.173800E-05
39,104,0,3.978800E-10,1.698500E-10
39,105,0,3.713500E-10,1.522100E-10
39,106,0,5.644700E-07,2.350100E-07
39,107,0,1.866100E-09,7.742500E-10
40,89,0,2.101200E-10,7.769600E-11
40,90,0,3.410100E-09,1.263300E-09
40,90,1,2.674100E-08,9.906700E-09
40,91,0,1.744800E-06,6.592600E-07
40,92,0,8.458200E-05,3.236500E-05
40,93,0,2.063800E-03,7.902800E-04
40,94,0,2.251400E-02,1.003400E-02
40,95,0,1.604700E-01,5.558100E-02
40,96,0,6.883800E-01,2.525500E-01
40,97,0,1.873400E+00,3.941700E-01
40,98,0,2.471500E+00,5.116000E-01
40,99,0,2.347300E+00,3.364000E-01
40,100,0,1.418900E+00,4.299200E-01
40,101,0,6.307600E-01,2.740700E-01
40,102,0,2.778900E-01,1.133900E-01
40,103,0,4.745500E-02,1.798500E-02
40,104,0,2.127500E-04,9.082800E-05
40,105,0,1.557200E-04,6.383300E-05
40,106,0,1.732700E-03,7.215600E-04
40,107,0,2.841200E-05,1.178800E-05
40,108,0,1.386500E-07,5.888600E-08
40,109,0,3.339300E-10,1.485100E-10
41,92,0,2.862300E-09,1.095300E-09
41,92,1,1.001500E-09,3.832300E-10
41,93,0,4.380700E-07,1.678700E-07
41,93,1,5.503000E-08,2.108800E-08
41,94,0,1.168100E-05,5.248700E-06
41,94,1,4.087100E-06,1.836500E-06
41,95,0,4.584100E-04,1.669000E-04
41,95,1,5.758600E-05,2.096600E-05
41,96,0,5.487500E-03,2.533700E-03
41,97,0,5.320900E-02,1.853600E-02
41,97,1,6.684100E-03,2.328500E-03
41,98,0,3.144000E-02,1.346800E-02
41,98,1,1.778800E-01,7.620200E-02
41,99,0,8.636300E-01,2.143400E-01
41,99,1,1.084900E-01,2.692500E-02
41,100,0,1.856300E-01,4.298700E-02
41,100,1,1.455700E+00,3.370900E-01
41,101,0,2.152300E+00,3.962800E-01
41,102,0,7.776000E-01,1.781200E-01
41,102,1,7.776000E-01,1.781200E-01
41,103,0,8.790300E-01,2.475700E-01
41,104,0,9.795000E-02,4.155400E-02
41,104,1,9.795000E-02,4.155400E-02
41,105,0,1.799900E-01,7.182200E-02
41,106,0,1.393500E-01,5.611300E-02
41,107,0,1.706700E-02,7.051500E-03
41,108,0,4.660700E-04,1.979300E-04
41,109,0,8.487400E-06,3.774700E-06
41,110,0,2.232100E-08,9.610400E-09
42,94,0,5.711400E-10,2.566500E-10
42,95,0,6.479000E-08,2.359700E-08
42,96,0,2.833400E-06,1.313600E-06
42,97,0,9.533700E-05,3.421600E-05
42,98,0,1.203800E-03,5.807000E-04
42,99,0,1.521000E-02,5.415800E-03
42,100,0,8.978500E-02,3.549600E-02
42,101,0,3.761600E-01,1.316000E-01
42,102,0,1.117700E+00,2.739000E-01
42,103,0,1.656200E+00,2.563200E-01
42,104,0,1.835100E+00,2.753400E-01
42,105,0,1.472700E+00,1.538400E-01
42,106,0,9.596500E-01,1.830200E-01
42,107,0,4.815900E-01,1.458200E-01
42,108,0,8.789700E-02,3.551300E-02
42,109,0,7.873700E-03,3.488000E-03
42,110,0,1.709300E-04,7.358800E-05
42,111,0,1.991000E-06,7.702000E-07
42,112,0,1.587900E-08,5.891700E-09
42,113,0,1.341500E-10,5.753900E-11
43,97,0,5.291800E-09,1.899300E-09
43,97,1,6.647400E-10,2.385900E-10
43,98,0,2.720500E-07,1.313900E-07
43,99,0,1.082400E-05,3.892200E-06
43,99,1,1.359700E-06,4.889300E-07
43,100,0,2.428800E-04,1.014400E-04
43,101,0,3.212400E-03,1.351100E-03
43,102,0,1.452100E-02,5.647000E-03
43,102,1,1.452100E-02,5.647000E-03
43,103,0,1.358000E-01,4.929500E-02
43,104,0,2.234000E-01,9.193000E-02
43,105,0,1.803800E-01,7.032300E-02
43,106,0,3.552700E-01,1.261100E-01
43,107,0,7.598000E-01,1.823000E-01
43,108,0,7.274000E-01,1.828100E-01
43,109,0,3.151500E-01,1.220300E-01
43,110,0,4.591100E-02,1.947600E-02
43,111,0,3.174500E-03,1.226800E-03
43,112,0,1.354300E-04,5.025000E-05
43,113,0,4.215100E-06,1.807900E-06
43,114,0,1.414400E-07,6.168800E-08
43,115,0,5.433600E-09,1.909700E-09
43,116,0,2.381500E-10,8.166600E-11
44,99,0,3.658100E-10,1.315400E-10
44,100,0,2.657300E-08,1.109900E-08
44,101,0,1.264400E-06,5.323400E-07
44,102,0,4.046300E-05,1.584700E-05
44,103,0,1.198500E-04,4.504200E-05
44,103,1,5.500600E-04,2.067300E-04
44,104,0,1.924500E-04,8.215300E-05
44,105,0,1.531500E-04,6.277200E-05
44,106,0,9.204900E-03,3.817400E-03
44,107,0,9.929200E-02,3.926200E-02
44,108,0,4.785100E-01,1.509500E-01
44,109,0,8.306400E-01,1.888800E-01
44,110,0,5.979700E-01,1.715000E-01
44,111,0,2.112300E-01,7.404400E-02
44,112,0,4.473800E-02,1.638400E-02
44,113,0,2.465900E-03,1.056200E-03
44,113,1,2.465900E-03,1.056200E-03
44,114,0,5.342000E-04,2.329500E-04
44,115,0,5.971600E-05,2.098800E-05
44,116,0,6.617600E-06,2.269300E-06
44,117,0,4.646000E-07,1.601400E-07
44,118,0,3.407300E-10,1.182700E-10
45,102,0,1.662400E-09,6.510500E-10
45,102,1,4.751900E-10,1.861000E-10
45,103,0,1.008500E-08,3.791000E-09
45,103,1,1.210500E-07,4.550700E-08
45,104,0,6.723000E-11,2.870000E-11
45,104,1,3.803700E-10,1.623800E-10
45,105,0,3.255300E-10,1.334300E-10
45,105,1,2.711900E-11,1.111600E-11
45,106,0,1.850500E-06,7.704200E-07
45,106,1,8.356500E-06,3.479000E-06
45,107,0,6.416800E-04,2.661400E-04
45,108,0,2.807500E-03,1.178900E-03
45,108,1,1.588400E-02,6.670200E-03
45,109,0,1.533500E-01,6.223600E-02
45,110,0,5.757300E-01,1.627800E-01
45,110,1,8.648800E-03,2.445400E-03
45,111,0,8.409200E-01,1.349000E-01
45,112,0,3.489900E-01,8.383500E-02
45,112,1,3.489900E-01,8.383500E-02
45,113,0,2.451100E-01,9.328000E-02
45,114,0,4.035600E-02,1.702700E-02
45,114,1,4.035600E-02,1.702700E-02
45,115,0,2.524200E-02,8.783000E-03
45,116,0,1.246000E-03,4.263400E-04
45,116,1,5.626500E-03,1.925200E-03
45,117,0,1.243300E-03,4.283700E-04
45,118,0,8.449200E-06,2.932700E-06
45,119,0,3.487600E-07,1.217000E-07
45,120,0,1.566000E-08,5.511200E-09
45,121,0,2.811400E-10,1.021200E-10
46,106,0,4.252000E-10,1.770300E-10
46,107,0,3.591100E-08,1.490000E-08
46,107,1,1.323700E-07,5.492200E-08
46,108,0,3.435500E-05,1.459100E-05
46,109,0,3.241800E-04,1.440200E-04
46,109,1,1.194900E-03,5.308800E-04
46,110,0,3.532000E-02,1.486200E-02
46,111,0,5.242200E-02,1.732500E-02
46,111,1,1.932300E-01,6.386100E-02
46,112,0,8.111300E-01,1.691500E-01
46,113,0,1.370800E-01,2.827200E-02
46,113,1,6.291600E-01,1.297600E-01
46,114,0,6.404800E-01,1.584500E-01
46,115,0,1.056100E-01,2.630600E-02
46,115,1,3.892700E-01,9.696400E-02
46,116,0,3.076300E-01,9.168000E-02
46,117,0,2.895800E-02,9.455500E-03
46,117,1,1.067400E-01,3.485400E-02
46,118,0,7.856100E-03,2.719800E-03
46,119,0,1.010200E-03,3.523900E-04
46,120,0,1.229000E-04,4.324900E-05
46,121,0,7.157000E-06,2.599700E-06
46,122,0,4.550700E-07,1.671600E-07
46,123,0,2.297100E-08,8.397000E-09
46,124,0,5.607900E-10,2.061700E-10
47,108,0,4.388200E-10,1.863800E-10
47,108,1,1.981600E-09,8.416200E-10
47,109,0,4.888500E-08,2.174100E-08
47,109,1,5.868100E-07,2.609800E-07
47,110,0,1.907500E-05,8.212400E-06
47,110,1,8.613500E-05,3.708500E-05
47,111,0,3.084100E-04,1.189800E-04
47,111,1,3.702100E-03,1.428200E-03
47,112,0,5.908800E-02,2.120900E-02
47,113,0,1.320100E-02,5.057400E-03
47,113,1,1.584700E-01,6.070900E-02
47,114,0,4.349400E-02,1.427500E-02
47,114,1,3.410700E-01,1.119400E-01
47,115,0,5.269700E-02,1.011700E-02
47,115,1,6.325700E-01,1.214400E-01
47,116,0,1.572200E-01,2.703900E-02
47,116,1,7.099800E-01,1.221000E-01
47,117,0,6.264500E-02,1.134700E-02
47,117,1,7.519800E-01,1.362000E-01
47,118,0,3.590600E-02,1.067100E-02
47,118,1,2.815600E-01,8.367800E-02
47,119,0,9.145700E-03,3.036200E-03
47,119,1,1.097800E-01,3.644700E-02
47,120,0,9.739200E-03,3.376100E-03
47,120,1,2.783500E-02,9.648900E-03
47,121,0,6.827600E-03,2.473400E-03
47,122,0,4.074800E-04,1.496100E-04
47,122,1,7.805200E-04,2.865700E-04
47,123,0,1.627500E-04,5.948900E-05
47,124,0,4.265200E-06,1.568100E-06
47,124,1,8.169800E-06,3.003600E-06
47,125,0,3.112100E-10,1.165900E-10
47,126,0,3.811000E-10,1.512400E-10
47,127,0,2.251600E-06,7.896100E-07
47,128,0,8.410100E-08,3.213600E-08
47,129,0,1.836600E-09,7.248300E-10
48,110,0,1.228100E-08,5.287700E-09
48,111,0,3.994600E-07,1.545300E-07
48,111,1,2.468100E-06,9.547800E-07
48,112,0,2.158300E-04,8.007000E-05
48,113,0,2.929500E-04,1.254500E-04
48,113,1,1.810100E-03,7.751500E-04
48,114,0,1.370300E-02,5.916900E-03
48,115,0,8.732300E-03,2.949700E-03
48,115,1,5.395500E-02,1.822500E-02
48,116,0,1.747000E-01,5.456600E-02
48,117,0,5.074400E-02,1.417900E-02
48,117,1,3.135400E-01,8.761100E-02
48,118,0,8.194900E-01,1.447600E-01
48,119,0,1.363500E-01,2.541300E-02
48,119,1,6.258100E-01,1.166400E-01
48,120,0,5.541900E-01,1.324800E-01
48,121,0,5.087900E-02,1.574300E-02
48,121,1,2.335200E-01,7.225800E-02
48,122,0,1.274800E-01,4.402500E-02
48,123,0,8.095200E-03,2.899100E-03
48,123,1,3.715500E-02,1.330600E-02
48,124,0,1.038400E-02,3.801500E-03
48,125,0,2.427700E-05,9.094900E-06
48,125,1,1.114200E-04,4.174300E-05
48,126,0,1.649000E-04,6.543800E-05
48,127,0,4.169400E-03,1.460400E-03
48,128,0,4.999100E-04,1.910000E-04
48,129,0,6.384400E-06,2.519600E-06
48,129,1,2.930300E-05,1.156400E-05
48,130,0,1.425400E-06,5.217500E-07
48,131,0,1.890200E-08,6.781100E-09
49,112,0,3.532200E-09,1.310600E-09
49,112,1,2.769900E-08,1.027700E-08
49,113,0,9.802600E-07,4.204300E-07
49,113,1,1.231400E-07,5.281500E-08
49,114,0,3.440800E-06,1.500600E-06
49,114,1,6.382200E-06,2.783400E-06
49,114,2,1.308500E-05,5.706600E-06
49,115,0,2.591700E-04,9.107000E-05
49,115,1,3.255700E-05,1.144000E-05
49,116,0,2.889000E-04,9.895800E-05
49,116,1,5.358600E-04,1.835500E-04
49,116,2,1.098700E-03,3.763300E-04
49,117,0,8.521800E-03,2.921400E-03
49,117,1,1.070500E-03,3.669900E-04
49,118,0,2.253500E-02,7.193200E-03
49,118,1,4.179800E-02,1.334200E-02
49,118,2,8.569700E-02,2.735500E-02
49,119,0,3.226200E-01,9.008400E-02
49,119,1,4.052800E-02,1.131600E-02
49,120,0,1.956500E-01,4.445600E-02
49,120,1,1.956500E-01,4.445600E-02
49,120,2,1.956500E-01,4.445600E-02
49,121,0,6.723100E-01,1.199400E-01
49,121,1,8.445400E-02,1.506700E-02
49,122,0,2.010100E-01,3.708900E-02
49,122,1,2.872400E-01,5.300000E-02
49,122,2,2.872400E-01,5.300000E-02
49,123,0,5.702500E-01,1.296100E-01
49,123,1,7.163500E-02,1.628100E-02
49,124,0,1.362300E-01,3.993200E-02
49,124,1,2.609500E-01,7.648800E-02
49,125,0,1.478500E-01,5.082700E-02
49,125,1,1.857300E-02,6.384900E-03
49,126,0,6.910800E-02,2.530200E-02
49,126,1,1.323700E-01,4.846600E-02
49,127,0,2.950600E-01,8.974600E-02
49,127,1,3.706600E-02,1.127400E-02
49,128,0,2.989400E-02,1.107800E-02
49,128,1,1.055800E-02,3.912900E-03
49,128,2,7.750600E-02,2.872300E-02
49,129,0,2.326200E-02,9.148700E-03
49,129,1,2.922100E-03,1.149300E-03
49,130,0,5.623200E-04,2.058300E-04
49,130,1,1.822500E-03,6.671100E-04
49,130,2,1.359000E-03,4.974500E-04
49,131,0,6.913000E-05,2.480100E-05
49,131,1,6.913000E-05,2.480100E-05
49,131,2,6.913000E-05,2.480100E-05
49,132,0,4.262000E-06,1.576700E-06
49,133,0,3.916200E-08,1.403100E-08
49,133,1,4.919400E-09,1.762600E-09
49,134,0,1.356400E-10,4.907500E-11
50,114,0,1.462400E-09,6.378000E-10
50,115,0,5.434300E-08,1.909900E-08
50,116,0,8.949600E-07,3.068900E-07
50,117,0,1.595400E-06,5.499000E-07
50,117,1,9.857600E-06,3.397700E-06
50,118,0,1.488300E-03,5.162800E-04
50,119,0,1.428100E-03,4.963100E-04
50,119,1,8.823900E-03,3.066600E-03
50,120,0,3.973800E-02,1.375700E-02
50,121,0,2.431100E-02,8.293800E-03
50,121,1,1.115800E-01,3.806600E-02
50,122,0,3.113400E-01,9.703800E-02
50,123,0,4.582800E-01,1.166500E-01
50,123,1,9.985000E-02,2.541600E-02
50,124,0,8.449000E-01,1.669900E-01
50,125,0,9.649600E-01,9.507500E-02
50,125,1,2.102400E-01,2.071500E-02
50,126,0,1.401200E+00,2.276800E-01
50,127,0,1.063200E+00,1.543000E-01
50,127,1,2.316600E-01,3.361900E-02
50,128,0,2.108500E-01,5.377400E-02
50,128,1,9.521500E-01,2.428300E-01
50,129,0,1.273700E-01,4.704500E-02
50,129,1,5.845900E-01,2.159300E-01
50,130,0,6.533200E-02,2.490200E-02
50,130,1,2.950200E-01,1.124500E-01
50,131,0,1.522200E-02,5.570200E-03
50,131,1,6.986300E-02,2.556600E-02
50,132,0,7.569300E-03,2.807300E-03
50,133,0,3.760100E-04,1.347400E-04
50,134,0,6.217500E-06,2.249600E-06
50,135,0,5.795500E-08,2.034500E-08
50,136,0,3.995100E-10,1.361500E-10
51,117,0,5.204800E-10,1.794000E-10
51,118,0,1.442900E-07,5.008300E-08
51,118,1,4.124000E-07,1.431400E-07
51,119,0,7.369500E-06,2.571700E-06
51,119,1,6.012500E-06,2.098100E-06
51,120,0,3.155500E-05,1.110400E-05
51,120,1,9.018500E-05,3.173500E-05
51,121,0,1.428800E-03,5.185100E-04
51,122,0,2.281600E-03,8.341900E-04
51,122,1,5.268300E-03,1.926200E-03
51,123,0,3.758700E-02,1.342600E-02
51,124,0,3.021100E-02,1.025700E-02
51,124,1,2.806300E-02,9.528100E-03
51,124,2,7.762600E-02,2.635600E-02
51,125,0,1.737800E-01,5.872200E-02
51,126,0,1.056400E-01,3.838700E-02
51,126,1,3.819000E-02,1.387800E-02
51,126,2,4.111200E-02,1.493900E-02
51,127,0,5.029500E-01,1.370700E-01
51,128,0,6.565900E-01,1.567700E-01
51,128,1,4.929100E-01,1.176800E-01
51,129,0,8.412000E-01,1.537900E-01
51,129,1,1.142300E+00,2.088400E-01
51,130,0,9.563000E-01,2.045000E-01
51,130,1,9.563000E-01,2.045000E-01
51,131,0,1.340700E+00,4.182700E-01
51,132,0,1.724400E-01,6.610800E-02
51,132,1,2.741900E-01,1.051100E-01
51,133,0,1.208900E-01,4.433700E-02
51,134,0,1.706400E-03,6.189200E-04
51,134,1,7.705700E-03,2.794900E-03
51,135,0,4.803900E-04,1.686600E-04
51,136,0,1.279200E-05,4.359500E-06
51,137,0,2.222100E-07,7.924500E-08
51,138,0,2.279300E-09,8.044600E-10
52,119,1,5.513600E-10,1.924000E-10
52,120,0,2.008000E-08,7.066700E-09
52,121,0,8.340000E-08,3.029400E-08
52,121,1,5.153100E-07,1.871800E-07
52,122,0,1.089900E-05,4.003200E-06
52,123,0,1.574400E-05,5.754500E-06
52,123,1,9.727600E-05,3.555600E-05
52,124,0,1.491900E-03,5.478400E-04
52,125,0,1.948700E-05,7.299600E-06
52,125,1,1.204000E-04,4.510200E-05
52,126,0,1.861900E-04,7.388100E-05
52,127,0,1.577600E-03,5.497900E-04
52,127,1,7.240700E-03,2.523400E-03
52,128,0,7.066700E-02,2.589300E-02
52,129,0,5.175800E-02,1.777300E-02
52,129,1,2.375500E-01,8.157300E-02
52,130,0,1.390800E+00,3.211300E-01
52,131,0,5.034400E-01,8.231700E-02
52,131,1,2.310700E+00,3.778100E-01
52,132,0,2.773700E+00,3.455300E-01
52,133,0,3.013000E-01,7.414300E-02
52,133,1,1.382900E+00,3.403000E-01
52,134,0,7.397700E-01,2.565300E-01
52,135,0,1.474000E-01,5.198700E-02
52,136,0,2.091400E-02,7.135200E-03
52,137,0,1.168100E-03,4.166000E-04
52,138,0,6.136500E-05,2.165800E-05
52,139,0,1.208800E-06,4.273600E-07
52,140,0,1.448900E-08,5.434100E-09
52,141,0,1.170900E-10,4.246000E-11
53,122,0,3.861700E-10,1.418500E-10
53,123,0,1.384500E-08,5.061000E-09
53,124,0,4.489000E-07,1.650400E-07
53,125,0,3.349100E-10,1.254700E-10
53,126,0,3.503500E-10,1.390400E-10
53,127,0,7.434300E-06,2.607100E-06
53,128,0,1.446000E-04,5.524600E-05
53,129,0,2.172400E-03,8.560700E-04
53,130,0,2.007600E-02,7.261300E-03
53,130,1,4.445800E-03,1.608000E-03
53,131,0,2.285300E-01,7.563100E-02
53,132,0,2.960500E-01,8.506600E-02
53,132,1,4.707100E-01,1.352500E-01
53,133,0,1.100200E+00,1.789100E-01
53,133,1,1.494100E+00,2.429500E-01
53,134,0,1.140300E+00,1.625100E-01
53,134,1,1.813100E+00,2.583900E-01
53,135,0,2.323900E+00,4.738000E-01
53,136,0,1.710500E-01,5.263500E-02
53,136,1,7.724300E-01,2.376800E-01
53,137,0,2.507400E-01,8.726300E-02
53,138,0,4.047400E-02,1.426300E-02
53,139,0,3.956000E-03,1.398500E-03
53,140,0,1.450800E-04,5.441100E-05
53,141,0,5.588200E-06,2.026400E-06
53,142,0,7.832200E-08,3.064600E-08
53,143,0,6.978200E-10,2.635700E-10
54,127,0,2.517000E-11,8.826900E-12
54,127,1,2.003700E-10,7.026700E-11
54,128,0,1.805600E-08,6.899400E-09
54,129,0,9.713700E-08,3.833500E-08
54,129,1,6.001800E-07,2.368700E-07
54,130,0,3.536900E-05,1.294600E-05
54,131,0,1.784200E-04,6.398200E-05
54,131,1,8.188800E-04,2.936600E-04
54,132,0,4.773800E-03,1.755900E-03
54,132,1,1.102300E-02,4.054500E-03
54,133,0,2.940400E-02,1.009100E-02
54,133,1,1.349600E-01,4.631700E-02
54,134,0,1.974400E-01,5.474000E-02
54,134,1,8.915600E-01,2.471900E-01
54,135,0,4.625500E-01,8.643000E-02
54,135,1,2.122900E+00,3.966900E-01
54,136,0,4.020200E+00,5.802800E-01
54,137,0,2.572200E+00,4.802500E-01
54,138,0,1.730100E+00,4.856500E-01
54,139,0,4.926000E-01,1.681700E-01
54,140,0,8.478100E-02,3.170000E-02
54,141,0,9.456600E-03,3.429000E-03
54,142,0,6.323300E-04,2.474300E-04
54,143,0,1.774300E-05,6.701400E-06
54,144,0,3.250300E-07,1.347900E-07
54,145,0,2.749700E-09,1.147500E-09
55,130,0,1.894800E-10,6.935800E-11
55,130,1,1.072000E-09,3.924100E-10
55,131,0,1.890000E-07,6.780500E-08
55,132,0,1.016100E-05,3.759000E-06
55,133,0,6.057800E-04,2.170100E-04
55,134,0,5.657100E-03,2.039700E-03
55,134,1,8.994900E-03,3.243100E-03
55,135,0,7.807300E-02,2.649900E-02
55,135,1,1.060200E-01,3.598400E-02
55,136,0,3.474000E-01,1.053700E-01
55,136,1,4.627600E-01,1.403600E-01
55,137,0,2.143500E+00,4.578600E-01
55,138,0,8.692300E-01,1.550000E-01
55,138,1,2.484300E+00,4.430000E-01
55,139,0,3.246200E+00,5.068900E-01
55,140,0,1.357800E+00,4.059500E-01
55,141,0,6.496800E-01,2.234300E-01
55,142,0,1.284900E-01,5.029500E-02
55,143,0,1.750000E-02,6.606800E-03
55,144,0,5.054500E-04,2.096100E-04
55,144,1,5.054500E-04,2.096100E-04
55,145,0,4.279900E-05,1.786100E-05
55,146,0,8.719900E-07,3.719500E-07
55,147,0,1.130800E-08,4.140600E-09
56,132,0,3.743400E-10,1.384800E-10
56,133,0,1.198400E-08,4.293600E-09
56,133,1,7.404500E-08,2.652900E-08
56,134,0,1.375000E-05,4.974800E-06
56,135,0,1.136500E-04,3.989100E-05
56,135,1,5.216400E-04,1.830900E-04
56,136,0,2.495800E-03,8.481800E-04
56,136,1,1.127000E-02,3.830100E-03
56,137,0,1.825100E-02,6.342200E-03
56,137,1,8.376900E-02,2.910900E-02
56,138,0,7.232300E-01,2.210700E-01
56,139,0,2.012400E+00,4.444000E-01
56,140,0,3.028700E+00,4.479200E-01
56,141,0,2.826800E+00,3.756100E-01
56,142,0,1.871800E+00,4.462500E-01
56,143,0,6.889000E-01,2.225600E-01
56,144,0,1.911600E-01,7.694100E-02
56,145,0,2.439100E-02,1.013100E-02
56,146,0,2.322800E-03,9.902300E-04
56,147,0,9.747200E-05,3.569000E-05
56,148,0,2.779500E-06,1.156200E-06
56,149,0,3.758200E-08,1.554400E-08
56,150,0,3.458200E-10,1.446800E-10
57,134,0,3.127700E-10,1.131600E-10
57,135,0,9.020300E-08,3.166500E-08
57,136,0,3.293900E-06,1.122500E-06
57,136,1,3.293900E-06,1.122500E-06
57,137,0,2.418500E-04,8.624500E-05
57,138,0,4.889800E-03,1.723400E-03
57,139,0,5.821300E-02,2.022200E-02
57,140,0,2.384600E-01,8.326000E-02
57,141,0,9.860400E-01,2.657800E-01
57,142,0,1.636300E+00,3.896400E-01
57,143,0,2.106900E+00,2.729900E-01
57,144,0,1.342500E+00,3.059900E-01
57,145,0,6.830600E-01,2.101500E-01
57,146,0,3.769100E-02,1.495000E-02
57,146,1,1.318600E-01,5.230300E-02
57,147,0,3.397500E-02,1.220500E-02
57,148,0,3.001800E-03,1.246600E-03
57,149,0,1.995300E-04,8.251300E-05
57,150,0,5.769000E-06,2.413500E-06
57,151,0,1.227700E-07,5.173600E-08
57,152,0,9.757100E-10,3.889600E-10
58,136,0,1.787900E-10,6.092900E-11
58,137,0,3.856000E-09,1.375100E-09
58,137,1,1.769800E-08,6.311500E-09
58,138,0,4.012000E-07,1.416000E-07
58,138,1,1.811700E-06,6.394300E-07
58,139,0,1.446300E-05,5.113000E-06
58,139,1,6.637900E-05,2.346700E-05
58,140,0,1.497900E-03,5.616100E-04
58,141,0,1.578900E-02,5.706200E-03
58,142,0,1.078900E-01,4.144200E-02
58,143,0,3.597900E-01,1.235900E-01
58,144,0,8.959500E-01,2.647800E-01
58,145,0,1.084000E+00,2.515700E-01
58,146,0,1.012100E+00,2.063900E-01
58,147,0,5.334800E-01,1.274600E-01
58,148,0,2.098100E-01,7.663200E-02
58,149,0,4.039300E-02,1.629000E-02
58,150,0,5.568900E-03,2.320500E-03
58,151,0,3.634700E-04,1.531200E-04
58,152,0,1.373900E-05,5.476800E-06
58,153,0,2.150300E-07,8.272100E-08
58,154,0,3.354200E-09,1.319100E-09
59,139,0,4.463600E-09,1.578100E-09
59,140,0,2.540000E-07,9.526400E-08
59,141,0,1.245100E-05,4.514900E-06
59,142,0,4.482800E-05,1.754000E-05
59,142,1,2.024300E-04,7.920400E-05
59,143,0,3.865700E-03,1.458300E-03
59,144,0,1.617000E-03,6.644700E-04
59,144,1,2.616700E-02,1.075200E-02
59,145,0,1.410600E-01,5.571500E-02
59,146,0,3.132800E-01,1.145800E-01
59,147,0,6.359500E-01,1.293500E-01
59,148,0,6.624800E-02,1.476900E-02
59,148,1,5.195000E-01,1.158100E-01
59,149,0,4.282000E-01,1.080900E-01
59,150,0,1.553400E-01,5.581900E-02
59,151,0,4.552300E-02,1.825100E-02
59,152,0,4.854500E-03,1.916600E-03
59,153,0,3.511000E-04,1.348700E-04
59,154,0,1.625000E-05,6.390100E-06
59,155,0,5.507100E-07,2.178000E-07
59,156,0,8.758700E-09,3.293600E-09
59,157,0,1.152100E-10,4.516000E-11
60,141,0,6.291600E-11,2.281500E-11
60,141,1,2.887600E-10,1.047200E-10
60,142,0,3.386600E-08,1.325100E-08
60,143,0,1.648200E-06,6.225300E-07
60,144,0,5.870700E-05,2.434600E-05
60,145,0,8.759800E-04,3.654300E-04
60,146,0,8.354300E-03,3.547200E-03
60,147,0,4.701600E-02,1.667600E-02
60,148,0,1.821400E-01,6.576400E-02
60,149,0,3.208000E-01,9.534400E-02
60,150,0,4.269900E-01,8.751300E-02
60,151,0,2.958600E-01,7.093000E-02
60,152,0,1.232700E-01,3.410900E-02
60,153,0,2.343100E-02,8.076300E-03
60,154,0,4.776700E-03,1.825300E-03
60,155,0,4.629600E-04,1.823700E-04
60,156,0,3.368900E-05,1.266200E-05
60,157,0,1.266300E-06,4.963300E-07
60,158,0,3.643800E-08,1.421800E-08
60,159,0,4.886400E-10,1.875700E-10
61,144,0,3.087100E-09,1.280300E-09
61,145,0,2.304600E-07,9.618000E-08
61,146,0,6.486100E-06,2.766700E-06
61,147,0,1.803600E-04,6.603500E-05
61,148,0,3.703600E-04,1.538200E-04
61,148,1,1.672400E-03,6.945800E-04
61,149,0,1.564500E-02,6.379900E-03
61,150,0,5.410000E-02,2.138800E-02
61,151,0,1.466000E-01,4.994900E-02
61,152,0,1.549100E-02,3.999700E-03
61,152,1,3.739300E-02,9.654400E-03
61,152,2,8.408600E-02,2.171000E-02
61,153,0,9.378900E-02,1.608400E-02
61,154,0,2.284800E-02,6.063000E-03
61,154,1,2.284800E-02,6.063000E-03
61,155,0,1.796200E-02,5.897600E-03
61,156,0,3.450800E-03,1.232000E-03
61,157,0,5.572800E-04,2.159000E-04
61,158,0,4.422300E-05,1.723000E-05
61,159,0,2.619900E-06,1.005500E-06
61,160,0,8.500900E-08,3.375600E-08
61,161,0,2.185000E-09,8.158000E-10
62,146,0,2.894700E-10,1.234700E-10
62,147,0,2.637500E-08,9.657600E-09
62,148,0,1.517900E-06,6.314300E-07
62,149,0,3.508100E-05,1.450900E-05
62,150,0,5.646500E-04,2.360800E-04
62,151,0,4.257300E-03,1.783900E-03
62,152,0,1.613600E-02,6.196800E-03
62,153,0,4.727400E-03,1.597100E-03
62,153,1,2.169800E-02,7.330400E-03
62,154,0,4.684200E-02,1.222200E-02
62,155,0,4.146900E-02,8.670400E-03
62,156,0,2.902200E-02,4.448900E-03
62,157,0,1.112600E-02,3.198300E-03
62,158,0,3.517000E-03,1.200200E-03
62,159,0,5.382400E-04,2.002300E-04
62,160,0,7.444100E-05,2.938800E-05
62,161,0,5.244000E-06,1.956600E-06
62,162,0,2.533500E-07,9.884900E-08
62,163,0,5.869300E-09,2.315900E-09
62,164,0,1.045700E-10,4.066300E-11
63,149,0,3.156500E-09,1.305500E-09
63,150,0,1.406500E-07,5.884300E-08
63,150,1,1.793700E-08,7.503800E-09
63,151,0,5.831200E-06,2.457200E-06
63,152,0,1.790000E-05,7.134900E-06
63,152,1,3.659300E-06,1.458600E-06
63,152,2,4.130800E-05,1.646500E-05
63,153,0,4.497100E-04,1.726600E-04
63,154,0,7.129600E-04,2.768000E-04
63,154,1,1.365600E-03,5.302100E-04
63,155,0,7.191700E-03,2.658800E-03
63,156,0,1.147100E-02,3.530100E-03
63,157,0,1.526500E-02,3.616800E-03
63,158,0,1.056500E-02,2.229900E-03
63,159,0,5.815100E-03,1.304500E-03
63,160,0,1.918500E-03,6.377200E-04
63,161,0,5.416200E-04,1.867500E-04
63,162,0,6.859600E-05,2.637100E-05
63,163,0,6.845700E-06,2.694300E-06
63,164,0,3.367900E-07,1.309300E-07
63,165,0,1.232000E-08,4.817900E-09
63,166,0,2.090100E-10,8.411900E-11
64,151,0,2.909400E-10,1.226000E-10
64,152,0,1.500400E-08,5.981100E-09
64,153,0,3.170700E-07,1.219800E-07
64,154,0,6.761300E-06,2.658900E-06
64,155,0,1.169900E-05,4.624400E-06
64,155,1,5.369700E-05,2.122500E-05
64,156,0,4.356400E-04,1.627800E-04
64,157,0,1.410700E-03,5.364000E-04
64,158,0,3.559000E-03,1.211700E-03
64,159,0,4.240800E-03,1.173500E-03
64,160,0,4.773500E-03,9.572100E-04
64,161,0,2.956600E-03,4.886700E-04
64,162,0,1.375900E-03,3.450600E-04
64,163,0,3.346500E-04,1.146700E-04
64,164,0,6.715200E-05,2.488200E-05
64,165,0,6.524800E-06,2.530500E-06
64,166,0,4.813200E-07,1.935000E-07
64,167,0,3.141300E-08,1.225100E-08
64,168,0,1.248300E-09,4.856200E-10
65,154,1,1.355500E-10,5.330900E-11
65,154,2,3.876600E-10,1.524600E-10
65,155,0,2.551200E-08,1.009000E-08
65,156,0,1.186900E-07,4.463300E-08
65,156,1,3.394400E-07,1.276400E-07
65,156,2,2.831100E-08,1.064600E-08
65,157,0,6.856400E-06,2.687100E-06
65,158,0,4.266400E-05,1.662200E-05
65,158,1,2.636500E-06,1.027200E-06
65,159,0,2.120200E-04,8.040200E-05
65,160,0,5.567300E-04,2.112300E-04
65,161,0,1.217000E-03,3.716500E-04
65,162,0,1.215400E-03,3.290900E-04
65,163,0,1.014500E-03,2.020500E-04
65,164,0,4.545200E-04,1.085100E-04
65,165,0,1.658600E-04,4.942900E-05
65,166,0,3.043000E-05,1.136100E-05
65,167,0,8.230500E-06,3.134600E-06
65,168,0,8.788000E-07,3.406200E-07
65,169,0,6.308500E-08,2.353600E-08
65,170,0,2.596600E-09,1.019500E-09
66,157,0,2.284900E-10,8.956300E-11
66,157,1,1.048700E-09,4.110700E-10
66,158,0,3.784200E-08,1.476600E-08
66,159,0,4.811400E-07,1.846800E-07
66,160,0,5.316900E-06,2.110400E-06
66,161,0,2.950500E-05,1.097200E-05
66,162,0,1.133400E-04,4.314200E-05
66,163,0,2.159500E-04,7.815700E-05
66,164,0,3.361400E-04,9.598200E-05
66,165,0,2.422400E-04,5.495900E-05
66,165,1,2.018000E-05,4.578500E-06
66,166,0,1.670300E-04,3.257100E-05
66,167,0,1.029100E-04,2.591900E-05
66,168,0,4.217700E-05,1.318700E-05
66,169,0,7.672600E-06,2.691600E-06
66,170,0,1.327400E-06,5.142000E-07
66,171,0,1.023900E-07,4.025700E-08
66,172,0,5.470000E-09,2.055900E-09
66,173,0,1.396500E-10,5.481200E-11
67,160,0,3.906000E-10,1.551100E-10
67,160,1,2.449500E-10,9.727100E-11
67,160,2,7.155400E-10,2.841400E-10
67,161,0,3.035900E-08,1.133500E-08
67,161,1,2.529100E-09,9.442600E-10
67,162,0,6.160900E-08,2.403700E-08
67,162,1,2.782100E-07,1.085400E-07
67,163,0,2.480700E-06,9.778400E-07
67,163,1,2.066500E-07,8.146000E-08
67,164,0,1.889700E-06,7.295700E-07
67,164,1,8.533300E-06,3.294500E-06
67,165,0,3.062600E-05,1.150400E-05
67,166,0,7.906100E-06,2.846400E-06
67,166,1,3.570200E-05,1.285400E-05
67,167,0,9.228400E-05,2.486400E-05
67,168,0,2.102700E-05,4.619700E-06
67,168,1,6.009400E-05,1.320300E-05
67,169,0,5.198700E-05,8.873400E-06
67,170,0,1.713700E-05,5.128800E-06
67,170,1,3.795000E-06,1.135800E-06
67,171,0,6.329100E-06,2.209500E-06
67,172,0,8.714800E-07,3.175100E-07
67,173,0,9.469200E-08,3.694000E-08
67,174,0,4.925800E-09,1.915500E-09
67,175,0,1.833900E-10,7.285100E-11
68,163,0,1.352300E-09,5.335900E-10
68,164,0,2.282500E-08,8.875500E-09
68,165,0,1.783600E-07,6.973500E-08
68,166,0,1.037500E-06,4.165700E-07
68,167,0,4.949800E-06,1.901100E-06
68,167,1,4.123500E-07,1.583800E-07
68,168,0,1.735700E-05,6.241200E-06
68,169,0,2.444800E-05,7.232200E-06
68,170,0,3.360200E-05,7.549100E-06
68,171,0,2.196800E-05,4.379000E-06
68,172,0,1.085600E-05,2.015600E-06
68,173,0,2.806100E-06,8.811400E-07
68,174,0,5.835700E-07,2.079000E-07
68,175,0,5.685200E-08,2.220100E-08
68,176,0,3.516100E-09,1.398900E-09
68,177,0,1.132000E-10,4.429800E-11
69,166,0,1.551500E-10,6.244200E-11
69,166,1,5.427800E-10,2.184500E-10
69,167,0,1.555300E-08,6.066400E-09
69,168,0,1.321600E-07,5.138500E-08
69,169,0,7.472600E-07,2.773400E-07
69,170,0,2.455300E-06,9.400500E-07
69,171,0,5.787000E-06,2.043700E-06
69,172,0,6.199400E-06,1.756800E-06
69,173,0,5.466300E-06,1.172800E-06
69,174,0,2.489800E-06,5.389700E-07
69,175,0,8.888700E-07,2.426700E-07
69,176,0,1.336300E-07,4.707200E-08
69,177,0,1.750900E-08,6.548700E-09
69,178,0,1.106600E-09,4.267600E-10
70,169,0,9.134700E-10,3.409700E-10
70,170,0,1.387300E-08,5.446200E-09
70,171,0,6.504000E-09,2.557900E-09
70,171,1,7.807300E-08,3.070500E-08
70,172,0,3.567600E-07,1.324400E-07
70,173,0,7.357400E-07,2.748100E-07
70,174,0,1.185200E-06,3.778800E-07
70,175,0,8.388900E-07,2.261400E-07
70,175,1,6.988400E-08,1.883900E-08
70,176,0,1.041200E-07,1.977600E-08
70,176,1,3.642600E-07,6.918600E-08
70,177,0,1.214500E-07,2.691400E-08
70,177,1,1.525700E-08,3.380900E-09
70,178,0,3.236000E-08,9.008600E-09
70,179,0,3.853900E-09,1.382000E-09
70,180,0,3.737800E-10,1.415200E-10
71,172,0,5.562300E-10,2.091000E-10
71,173,0,5.452400E-09,2.139300E-09
71,174,0,4.051500E-09,1.571700E-09
71,174,1,1.829500E-08,7.097400E-09
71,175,0,6.608600E-08,2.573400E-08
71,176,0,6.062500E-08,2.258100E-08
71,176,1,1.732900E-08,6.454500E-09
71,177,0,4.023500E-08,1.226400E-08
71,177,1,3.352000E-08,1.021800E-08
71,177,2,5.432200E-09,1.655900E-09
71,178,0,1.211900E-08,2.965000E-09
71,178,1,2.798400E-08,6.846400E-09
71,179,0,1.527100E-08,3.021800E-09
71,179,1,1.272200E-09,2.517300E-10
71,180,0,7.035200E-10,1.855000E-10
71,180,1,7.035200E-10,1.855000E-10
71,180,2,2.237800E-09,5.900600E-10
71,181,0,6.626100E-10,2.142300E-10
72,175,0,2.269100E-10,9.013700E-11
72,176,0,1.112900E-09,4.436900E-10
72,177,0,1.434800E-09,5.576900E-10
72,177,1,1.168800E-09,4.543000E-10
72,177,2,2.205500E-10,8.572300E-11
72,178,0,1.199900E-09,4.472400E-10
72,178,1,3.181400E-09,1.185800E-09
72,178,2,1.016400E-09,3.788400E-10
72,179,0,2.378700E-09,8.259400E-10
72,179,1,5.572300E-10,1.934800E-10
72,179,2,2.057200E-09,7.142800E-10
72,180,0,8.410700E-10,2.167300E-10
72,180,1,2.942400E-09,7.582300E-10
72,181,0,1.474200E-09,3.083200E-10
72,182,0,1.026200E-10,2.020900E-11
72,182,1,3.590200E-10,7.069800E-11
73,180,1,1.195500E-10,4.598000E-11
73,181,0,2.464700E-10,9.079400E-11
73,182,0,3.778900E-11,1.276300E-11
73,182,1,4.945000E-11,1.670100E-11
73,182,2,8.275100E-11,2.794900E-11
73,183,0,1.010000E-10,2.450100E-11
73,182,2,8.275100E-11,2.794900E-11
