23, 66, 0, 1.03317e-16, 6.612319999999999e-17
24, 66, 0, 3.99e-12, 2.5536e-12
24, 69, 0, 5.0096e-16, 3.20614e-16
25, 66, 0, 9.43e-10, 6.0352e-10
25, 67, 0, 3.25e-10, 2.08e-10
25, 68, 0, 7.4e-11, 4.7360000000000005e-11
25, 69, 0, 1.0999999999999999e-11, 7.04e-12
25, 70, 0, 1.6099999999999998e-12, 1.0304e-12
25, 72, 0, 2.8224599999999997e-15, 1.8063700000000002e-15
25, 73, 0, 3.59748e-16, 2.30239e-16
26, 66, 0, 2.49e-08, 1.5936e-08
26, 67, 0, 2.15e-08, 1.3759999999999999e-08
26, 68, 0, 1.67e-08, 1.0688e-08
26, 69, 0, 6.7699999999999996e-09, 4.332800000000001e-09
26, 70, 0, 3.6200000000000003e-09, 2.3168e-09
26, 71, 0, 4.699999999999999e-10, 3.0080000000000004e-10
26, 72, 0, 1.09e-10, 6.976e-11
26, 73, 0, 1.18e-11, 7.552e-12
26, 75, 0, 2.57311e-14, 1.64679e-14
27, 66, 0, 4.67e-08, 2.9888e-08
27, 67, 0, 7.98e-08, 5.1071999999999996e-08
27, 68, 0, 1.2199999999999998e-07, 7.808000000000001e-08
27, 69, 0, 1.48e-07, 9.472e-08
27, 70, 0, 1.94e-07, 1.2416e-07
27, 71, 0, 8.92e-08, 5.7088e-08
27, 72, 0, 5.73e-08, 3.6672e-08
27, 73, 0, 2.26e-08, 1.4464e-08
27, 74, 0, 4.02e-09, 2.5728e-09
27, 75, 0, 5.65e-10, 3.6159999999999997e-10
27, 76, 0, 3.4e-11, 2.176e-11
27, 77, 0, 2.14934e-12, 1.37558e-12
27, 78, 0, 2.15698e-13, 1.3804699999999999e-13
27, 79, 0, 3.2269e-14, 2.06521e-14
28, 66, 0, 4.97e-08, 2.2365e-08
28, 67, 0, 9.920000000000001e-08, 4.4639999999999995e-08
28, 68, 0, 2.25e-07, 1.44e-07
28, 69, 0, 4.6200000000000003e-07, 2.9568e-07
28, 70, 0, 1.45e-06, 9.279999999999999e-07
28, 71, 0, 1.4999999999999998e-06, 9.6e-07
28, 72, 0, 3.1e-06, 1.984e-06
28, 73, 0, 3.09e-06, 1.9776e-06
28, 74, 0, 1.99e-06, 1.2736e-06
28, 75, 0, 7.559999999999999e-07, 4.8384e-07
28, 76, 0, 1.73e-07, 1.1072e-07
28, 77, 0, 7.05e-08, 4.512e-08
28, 78, 0, 8.329999999999999e-09, 5.3312e-09
28, 79, 0, 1.05845e-09, 6.77405e-10
28, 80, 0, 1.12e-11, 7.168e-12
28, 81, 0, 5.19177e-13, 3.3227299999999997e-13
29, 66, 0, 4.97e-08, 2.2365e-08
29, 67, 0, 9.95e-08, 4.4774999999999996e-08
29, 68, 0, 2.28e-07, 1.0259999999999999e-07
29, 68, 1, 2.52e-09, 1.6127999999999998e-09
29, 69, 0, 4.97e-07, 3.1808e-07
29, 70, 0, 8.09e-07, 5.1776e-07
29, 70, 1, 9.71e-07, 6.2144e-07
29, 71, 0, 2.59e-06, 1.6575999999999998e-06
29, 72, 0, 8.44e-06, 5.4016e-06
29, 73, 0, 1.9299999999999998e-05, 1.2352000000000001e-05
29, 74, 0, 2.76e-05, 1.7664e-05
29, 75, 0, 3.3e-05, 2.112e-05
29, 76, 0, 1.98e-05, 1.2672000000000002e-05
29, 77, 0, 2.95e-05, 1.888e-05
29, 78, 0, 9.51e-06, 6.0864e-06
29, 79, 0, 9.85e-07, 6.303999999999999e-07
29, 80, 0, 1.38e-07, 8.832e-08
29, 81, 0, 1.14e-08, 7.296e-09
29, 82, 0, 4.0399999999999995e-10, 2.5856e-10
29, 83, 0, 1.4450900000000002e-11, 9.24858e-12
29, 84, 0, 6.00743e-13, 3.84475e-13
30, 66, 0, 4.97e-08, 1.5904e-08
30, 67, 0, 9.95e-08, 3.184e-08
30, 68, 0, 2.2900000000000003e-07, 7.328e-08
30, 69, 0, 4.97e-07, 2.2365e-07
30, 69, 1, 2.92e-10, 1.8687999999999998e-10
30, 70, 0, 1.7900000000000002e-06, 5.728e-07
30, 71, 0, 2.61e-06, 1.1745e-06
30, 71, 1, 7.760000000000001e-08, 4.9663999999999994e-08
30, 72, 0, 9.94e-06, 4.472999999999999e-06
30, 73, 0, 2.96e-05, 1.8944e-05
30, 74, 0, 7.61e-05, 4.8704e-05
30, 75, 0, 0.000169, 0.00010816
30, 76, 0, 0.000279, 0.00017856
30, 77, 0, 0.000993, 0.00063552
30, 78, 0, 0.0010530000000000001, 0.0006739199999999999
30, 79, 0, 0.00029299999999999997, 0.00018752
30, 80, 0, 0.000146, 9.344e-05
30, 81, 0, 3.43e-05, 2.1952e-05
30, 82, 0, 4.53e-06, 2.8992e-06
30, 83, 0, 4.74e-07, 3.0336e-07
30, 84, 0, 2.32e-08, 1.4847999999999998e-08
30, 85, 0, 2.77805e-10, 1.7779499999999998e-10
30, 86, 0, 7.03e-12, 4.4992e-12
31, 69, 0, 4.97e-07, 1.5904e-07
31, 70, 0, 9.55e-12, 6.112e-12
31, 71, 0, 2.69e-06, 8.608e-07
31, 72, 1, 6.35e-09, 4.064e-09
31, 72, 0, 9.95e-06, 6.368e-06
31, 73, 0, 2.9900000000000002e-05, 1.3454999999999999e-05
31, 74, 1, 5.88e-05, 3.7632e-05
31, 74, 0, 6.489999999999999e-05, 4.1536e-05
31, 75, 0, 0.00019800000000000002, 0.00012671999999999998
31, 76, 0, 0.000408, 0.00018360000000000002
31, 77, 0, 0.002433, 0.0015571200000000002
31, 78, 0, 0.004556, 0.00291584
31, 79, 0, 0.0034150000000000005, 0.0021855999999999998
31, 80, 0, 0.003979, 0.00254656
31, 81, 0, 0.0031850000000000003, 0.0020384
31, 82, 0, 0.001104, 0.00070656
31, 83, 0, 0.00043000000000000004, 0.0002752
31, 84, 0, 6.2e-05, 3.968e-05
31, 85, 0, 6.1e-06, 3.903999999999999e-06
31, 86, 0, 2.3199999999999999e-07, 1.4848000000000002e-07
31, 87, 0, 1.75301e-09, 1.1219299999999999e-09
31, 88, 0, 8.07896e-11, 5.17053e-11
31, 89, 0, 7.53488e-12, 4.82233e-12
32, 70, 0, 9.55e-12, 6.112e-12
32, 72, 0, 9.95e-06, 3.184e-06
32, 73, 0, 2.9900000000000002e-05, 6.877e-06
32, 73, 1, 2.9900000000000002e-05, 9.567999999999999e-06
32, 74, 0, 7.96e-05, 2.5472e-05
32, 75, 0, 0.000199, 8.955000000000001e-05
32, 75, 1, 8.48e-06, 3.8159999999999995e-06
32, 76, 0, 0.00041799999999999997, 0.00013376
32, 77, 0, 0.0009710000000000001, 0.00043695
32, 77, 1, 0.0021739999999999997, 0.00139136
32, 78, 0, 0.006434, 0.0028953
32, 79, 1, 0.00207458, 0.00132773
32, 79, 0, 0.0052474, 0.00335834
32, 80, 0, 0.017997, 0.0115181
32, 81, 0, 0.029206000000000003, 0.0186918
32, 82, 0, 0.029924, 0.0191514
32, 83, 0, 0.028971, 0.0185414
32, 84, 0, 0.015274000000000001, 0.00977536
32, 85, 0, 0.0042639999999999996, 0.00272896
32, 86, 0, 0.00065, 0.000416
32, 87, 0, 5.75e-05, 3.68e-05
32, 88, 0, 3.12e-06, 1.9968e-06
32, 89, 0, 2.4715e-07, 1.58176e-07
32, 90, 0, 4.3014600000000003e-10, 2.75294e-10
32, 91, 0, 5.97106e-11, 3.82148e-11
33, 74, 0, 5.16e-12, 3.3024e-12
33, 74, 1, 3.6099999999999998e-12, 2.3104e-12
33, 75, 0, 0.000199, 6.368e-05
33, 76, 0, 1.77e-08, 1.1327999999999999e-08
33, 77, 0, 0.00269, 0.0008608
33, 78, 0, 0.0064670000000000005, 0.00291015
33, 79, 0, 0.007462999999999999, 0.00335835
33, 80, 0, 0.019887, 0.00894915
33, 81, 0, 0.040302, 0.0257933
33, 82, 0, 0.043373, 0.027758699999999997
33, 82, 1, 0.013456000000000001, 0.00861184
33, 83, 0, 0.11126899999999999, 0.0712122
33, 84, 1, 0.052195500000000006, 0.0334051
33, 84, 0, 0.06737549999999999, 0.0431203
33, 85, 0, 0.10315700000000001, 0.0660205
33, 86, 0, 0.042515, 0.0272096
33, 87, 0, 0.014770000000000002, 0.0094528
33, 88, 0, 0.0024519999999999998, 0.00156928
33, 89, 0, 0.00023, 0.0001472
33, 90, 0, 8.02216e-06, 5.13418e-06
33, 91, 0, 1.31112e-06, 8.39114e-07
33, 92, 0, 4.19484e-09, 2.6847e-09
33, 93, 0, 2.45146e-10, 1.5689300000000001e-10
33, 94, 0, 6.83604e-12, 4.37507e-12
34, 74, 0, 1.6899999999999999e-12, 7.604999999999999e-13
34, 76, 0, 1.77e-08, 1.1327999999999999e-08
34, 77, 0, 0.00269, 0.0006187
34, 77, 1, 8.07e-06, 2.5824e-06
34, 78, 0, 0.0064670000000000005, 0.00206944
34, 79, 0, 0.007464, 0.0033588
34, 79, 1, 0.007462999999999999, 0.00335835
34, 80, 0, 0.01992, 0.0063744000000000006
34, 81, 0, 0.0408, 0.018359999999999998
34, 81, 1, 0.000433, 0.00027712
34, 82, 0, 0.060707000000000004, 0.0194262
34, 83, 0, 0.062575, 0.040048
34, 83, 1, 0.07649399999999999, 0.048956200000000005
34, 84, 0, 0.282023, 0.18049500000000002
34, 85, 0, 0.17391900000000002, 0.111308
34, 85, 1, 0.12420199999999999, 0.0794893
34, 86, 0, 0.377712, 0.24173599999999998
34, 87, 0, 0.31573, 0.202067
34, 88, 0, 0.191789, 0.12274499999999999
34, 89, 0, 0.052277, 0.0334573
34, 90, 0, 0.013124, 0.00839936
34, 91, 0, 0.0018219999999999998, 0.0011660800000000001
34, 92, 0, 0.000162, 0.00010368
34, 93, 0, 8.04096e-06, 5.14621e-06
34, 94, 0, 2.64e-07, 1.6896e-07
34, 95, 0, 1.21525e-09, 7.777609999999999e-10
34, 96, 0, 4.3e-11, 2.752e-11
35, 78, 0, 2.19e-12, 1.4016e-12
35, 79, 0, 0.007464, 0.0023884799999999997
35, 79, 1, 1.23e-10, 7.872e-11
35, 80, 0, 1.3100000000000001e-08, 8.384e-09
35, 80, 1, 9.81e-09, 6.2784e-09
35, 81, 0, 0.040801, 0.0130563
35, 82, 0, 1.55e-05, 9.92e-06
35, 82, 1, 4.69e-06, 3.0016e-06
35, 83, 0, 0.13946799999999998, 0.0627606
35, 84, 0, 0.283534, 0.12758999999999998
35, 84, 1, 0.002685, 0.0017184
35, 85, 0, 0.328904, 0.148007
35, 86, 0, 0.42912100000000003, 0.193104
35, 86, 1, 0.052003, 0.033281899999999996
35, 87, 0, 0.623864, 0.399273
35, 88, 0, 0.657941, 0.42108199999999996
35, 89, 0, 0.48475100000000004, 0.310241
35, 90, 0, 0.301773, 0.193135
35, 91, 0, 0.149863, 0.09591229999999999
35, 92, 0, 0.038426999999999996, 0.0245933
35, 93, 0, 0.007483, 0.00478912
35, 94, 0, 0.000749, 0.00047936
35, 95, 0, 2.66843e-05, 1.70779e-05
35, 96, 0, 1.5700000000000002e-06, 1.0048e-06
35, 97, 0, 1.03351e-08, 6.61449e-09
35, 98, 0, 5.33418e-10, 3.41388e-10
35, 99, 0, 1.7508e-10, 1.12051e-10
36, 80, 0, 1.3100000000000001e-08, 8.384e-09
36, 81, 0, 7.459999999999999e-11, 4.7744000000000003e-11
36, 81, 1, 9.700000000000001e-12, 6.208e-12
36, 82, 0, 1.56e-05, 9.984e-06
36, 83, 0, 0.13946799999999998, 0.0320776
36, 83, 1, 0.13946799999999998, 0.0446298
36, 84, 0, 0.286237, 0.09159590000000001
36, 85, 0, 0.066011, 0.0211235
36, 85, 1, 0.328971, 0.105271
36, 86, 0, 0.501329, 0.160425
36, 87, 0, 0.684579, 0.30806100000000003
36, 88, 0, 0.866183, 0.389782
36, 89, 0, 0.9047970000000001, 0.57907
36, 90, 0, 1.13264, 0.362444
36, 91, 0, 1.24355, 0.286015
36, 92, 0, 0.998606, 0.44937299999999997
36, 93, 0, 0.521938, 0.234872
36, 94, 0, 0.19586299999999998, 0.125352
36, 95, 0, 0.037082000000000004, 0.0237325
36, 96, 0, 0.0048059999999999995, 0.00307584
36, 97, 0, 0.000339, 0.00021695999999999998
36, 98, 0, 2.06e-05, 1.3184e-05
36, 99, 0, 5.74273e-06, 3.67535e-06
36, 100, 0, 9.78e-09, 6.259200000000001e-09
36, 101, 0, 2.71975e-10, 1.74064e-10
37, 83, 0, 1.24e-11, 7.936e-12
37, 84, 0, 1.5100000000000002e-09, 9.663999999999999e-10
37, 85, 0, 0.32925699999999997, 0.0757291
37, 86, 1, 2.295e-06, 1.4688e-06
37, 86, 0, 4.59e-06, 2.9376e-06
37, 87, 0, 0.68473, 0.308129
37, 88, 0, 0.868457, 0.390806
37, 89, 0, 0.924235, 0.415906
37, 90, 0, 1.03338, 0.330681
37, 90, 1, 0.209365, 0.0942143
37, 91, 0, 1.6685999999999999, 0.533951
37, 92, 0, 1.89522, 0.606469
37, 93, 0, 2.02138, 0.464918
37, 94, 0, 1.60164, 0.368377
37, 95, 0, 0.978028, 0.440113
37, 96, 0, 0.344161, 0.22026300000000001
37, 97, 0, 0.092579, 0.0592506
37, 98, 0, 0.016210000000000002, 0.0103744
37, 99, 0, 0.00534425, 0.0034203199999999997
37, 100, 0, 8.999999999999999e-05, 5.76e-05
37, 101, 0, 5.97198e-06, 3.82207e-06
37, 102, 0, 1.94983e-08, 1.24789e-08
37, 103, 0, 9.1824e-10, 5.87674e-10
37, 104, 0, 3.18497e-11, 2.03838e-11
38, 84, 0, 4.53e-11, 2.8992e-11
38, 85, 1, 1.36e-12, 8.703999999999999e-13
38, 85, 0, 2.54728e-12, 1.63026e-12
38, 86, 0, 4.59e-06, 2.9376e-06
38, 87, 0, 0.68473, 0.21911399999999998
38, 87, 1, 8.36e-09, 3.762e-09
38, 88, 0, 0.86846, 0.27790699999999996
38, 89, 0, 0.9243070000000001, 0.415938
38, 90, 0, 1.2388100000000002, 0.396419
38, 91, 0, 1.6858000000000002, 0.539457
38, 92, 0, 2.04688, 0.655002
38, 93, 0, 2.67573, 0.615418
38, 94, 0, 3.09339, 0.49494200000000005
38, 95, 0, 3.4353700000000003, 0.790134
38, 96, 0, 3.2372400000000003, 0.744566
38, 97, 0, 2.1074699999999997, 0.48471699999999995
38, 98, 0, 1.26586, 0.291148
38, 99, 0, 0.36568999999999996, 0.23404200000000003
38, 100, 0, 0.07250899999999999, 0.0464058
38, 101, 0, 0.008299, 0.00531136
38, 102, 0, 0.000753, 0.00048192000000000005
38, 103, 0, 3.0118899999999997e-05, 1.92761e-05
38, 104, 0, 1.2299999999999999e-06, 7.872e-07
38, 105, 0, 3.25193e-09, 2.08124e-09
38, 106, 0, 4.4142099999999997e-10, 2.8251e-10
38, 107, 0, 1.33716e-10, 8.55782e-11
39, 88, 0, 7.07e-11, 4.5248e-11
39, 89, 0, 0.9243070000000001, 0.295778
39, 89, 1, 9.24e-05, 4.158e-05
39, 90, 1, 2.5099999999999996e-07, 1.6064e-07
39, 90, 0, 1.2388100000000002, 0.7928390000000001
39, 91, 1, 0.977777, 0.625777
39, 91, 0, 1.68582, 1.07893
39, 92, 0, 2.04737, 0.655158
39, 93, 1, 0.9296820000000001, 0.594996
39, 93, 0, 2.68349, 1.71743
39, 94, 0, 3.15656, 0.5050490000000001
39, 95, 0, 3.7763699999999996, 0.868566
39, 96, 0, 4.20859, 0.6733750000000001
39, 96, 1, 0.874222, 0.39339999999999997
39, 97, 0, 4.24771, 0.679634
39, 98, 0, 2.80237, 0.44837899999999997
39, 98, 1, 1.5367499999999998, 0.35345200000000004
39, 99, 0, 3.2649200000000005, 0.750931
39, 100, 0, 1.5396, 0.354108
39, 101, 0, 0.608933, 0.27402
39, 102, 0, 0.14851899999999998, 0.0950522
39, 103, 0, 0.028029, 0.0179386
39, 104, 0, 0.002624, 0.0016793600000000002
39, 105, 0, 7.14054e-05, 4.56995e-05
39, 106, 0, 8.232430000000001e-06, 5.26876e-06
39, 107, 0, 2.93611e-06, 1.8791100000000002e-06
39, 108, 0, 1.26363e-09, 8.087239999999999e-10
39, 109, 0, 6.728980000000001e-11, 4.30655e-11
40, 90, 1, 7.05e-12, 4.512e-12
40, 90, 0, 1.2388100000000002, 0.7928390000000001
40, 91, 0, 1.68582, 0.38774000000000003
40, 92, 0, 2.04737, 0.470895
40, 93, 0, 2.6835, 0.617204
40, 94, 0, 3.1568300000000002, 0.505093
40, 95, 0, 3.7806399999999996, 0.869548
40, 96, 0, 4.25574, 0.6809189999999999
40, 97, 0, 4.51208, 0.721933
40, 98, 0, 5.60608, 0.616669
40, 99, 0, 5.87886, 0.940618
40, 100, 0, 5.68875, 1.3084099999999999
40, 101, 0, 4.64674, 1.06875
40, 102, 0, 3.33819, 0.767784
40, 103, 0, 1.5619100000000001, 0.359239
40, 104, 0, 0.5241250000000001, 0.235856
40, 105, 0, 0.09922900000000001, 0.0635066
40, 106, 0, 0.013468, 0.00861952
40, 107, 0, 0.00408019, 0.00261132
40, 108, 0, 4.88e-05, 3.1231999999999995e-05
40, 109, 0, 2.20715e-06, 1.41258e-06
41, 92, 0, 1.27e-12, 8.127999999999999e-13
41, 93, 0, 2.6835, 0.429359
41, 93, 1, 2.5493200000000003, 0.586344
41, 94, 0, 2.57e-08, 1.6448e-08
41, 94, 1, 1.05e-08, 6.72e-09
41, 95, 0, 3.78065, 0.869548
41, 95, 1, 0.037807, 0.008695610000000001
41, 96, 0, 5.18e-05, 3.3152e-05
41, 97, 0, 4.51326, 0.722122
41, 97, 1, 4.24158, 0.678653
41, 98, 0, 5.61736, 0.61791
41, 98, 1, 0.0037589999999999998, 0.0024057600000000003
41, 99, 0, 4.12451, 0.659922
41, 99, 1, 1.87071, 0.299313
41, 100, 0, 3.0713299999999997, 0.706406
41, 100, 1, 3.0713299999999997, 0.706406
41, 101, 0, 6.04412, 0.9670599999999999
41, 102, 1, 1.24852, 0.7990499999999999
41, 102, 0, 4.58671, 2.93549
41, 103, 0, 5.19028, 1.19376
41, 104, 1, 1.48439, 0.9500099999999999
41, 104, 0, 2.00864, 1.28553
41, 105, 0, 1.94805, 0.448051
41, 106, 0, 0.681153, 0.30651900000000004
41, 107, 0, 0.188313, 0.12052
41, 108, 0, 0.025615000000000002, 0.0163936
41, 109, 0, 0.002054, 0.00131456
41, 110, 0, 7.52e-10, 4.8128e-10
41, 111, 0, 2.00992e-12, 1.2863499999999999e-12
41, 112, 0, 4.33716e-14, 2.7757799999999998e-14
41, 113, 0, 1.5359e-14, 9.829789999999999e-15
41, 114, 0, 3.64322e-17, 2.3316599999999998e-17
41, 116, 0, 1.6857099999999999e-12, 1.07885e-12
42, 94, 0, 2.57e-08, 1.6448e-08
42, 95, 0, 3.78065, 0.6049030000000001
42, 96, 0, 5.18e-05, 3.3152e-05
42, 97, 0, 4.51326, 0.722122
42, 98, 0, 5.6211400000000005, 0.618326
42, 99, 0, 5.995629999999999, 0.659519
42, 100, 0, 6.1486600000000005, 0.6763520000000001
42, 101, 0, 6.09403, 0.975045
42, 102, 0, 6.13352, 0.981363
42, 103, 0, 6.2227, 0.995632
42, 104, 0, 6.17232, 0.9875719999999999
42, 105, 0, 5.62524, 1.29381
42, 106, 0, 4.8739799999999995, 1.12102
42, 107, 0, 3.0956, 0.7119880000000001
42, 108, 0, 1.38376, 0.318265
42, 109, 0, 0.31614400000000004, 0.20233199999999998
42, 110, 0, 0.001412, 0.0009036799999999999
42, 111, 0, 4.92e-05, 3.1488e-05
42, 112, 0, 1.2499999999999999e-06, 8.000000000000001e-07
42, 113, 0, 3.75968e-07, 2.40619e-07
42, 114, 0, 1.0499999999999999e-09, 6.72e-10
42, 115, 0, 2.52747e-13, 1.61758e-13
42, 116, 0, 6.510000000000001e-08, 4.1664e-08
42, 117, 0, 3.22149e-11, 2.06175e-11
42, 118, 0, 2.9399699999999996e-12, 1.88158e-12
43, 97, 1, 1.5349999999999998e-12, 9.824e-13
43, 97, 0, 3.08e-12, 1.9712e-12
43, 98, 0, 4.67e-10, 2.9888e-10
43, 99, 0, 5.995629999999999, 0.659519
43, 99, 1, 5.27615, 0.5803769999999999
43, 100, 0, 1.81e-06, 1.1584e-06
43, 101, 0, 6.09409, 0.975054
43, 102, 0, 0.307186, 0.04914980000000001
43, 102, 1, 6.1339999999999995, 0.9814399999999999
43, 103, 0, 6.23477, 0.997562
43, 104, 0, 6.25444, 1.00071
43, 105, 0, 6.00296, 1.38068
43, 106, 0, 5.90085, 0.9441369999999999
43, 107, 0, 5.29737, 0.8475790000000001
43, 108, 0, 3.7722899999999995, 0.867626
43, 109, 0, 2.16938, 0.498957
43, 110, 0, 0.673331, 0.302999
43, 111, 0, 0.13252, 0.0848128
43, 112, 0, 0.014003, 0.00896192
43, 113, 0, 0.0025859999999999998, 0.00165504
43, 114, 0, 0.000277, 0.00017728
43, 115, 0, 4.14164e-06, 2.6506499999999998e-06
43, 116, 0, 8.7e-05, 5.568e-05
43, 117, 0, 7.07369e-07, 4.5271600000000004e-07
43, 118, 0, 5.4829899999999997e-08, 3.50911e-08
43, 119, 0, 1.314e-10, 8.40957e-11
43, 120, 0, 2.23207e-12, 1.42853e-12
44, 98, 0, 4.67e-10, 2.9888e-10
44, 99, 0, 5.995629999999999, 0.659519
44, 100, 0, 1.81e-06, 1.1584e-06
44, 101, 0, 6.09409, 0.975054
44, 102, 0, 6.13449, 0.981518
44, 103, 0, 6.23478, 0.9975639999999999
44, 104, 0, 6.254709999999999, 1.00075
44, 105, 0, 6.0063699999999995, 0.961019
44, 106, 0, 5.934480000000001, 0.949517
44, 107, 0, 5.48511, 0.877617
44, 108, 0, 4.44397, 1.02211
44, 109, 1, 0.646192, 0.413563
44, 109, 0, 2.81784, 1.80342
44, 110, 0, 2.58746, 0.595116
44, 111, 0, 1.07201, 0.482406
44, 112, 0, 0.363631, 0.232724
44, 113, 0, 0.197489, 0.12639299999999998
44, 114, 0, 0.088663, 0.056744300000000004
44, 115, 0, 0.042553, 0.027233900000000002
44, 116, 0, 0.01115, 0.007135999999999999
44, 117, 0, 0.0009830000000000001, 0.00062912
44, 118, 0, 8.970000000000001e-05, 5.7408e-05
44, 119, 0, 4.31e-06, 2.7584e-06
44, 120, 0, 8.62e-08, 5.5168e-08
44, 121, 0, 1.38903e-10, 8.88977e-11
44, 122, 0, 4.47e-12, 2.8607999999999997e-12
44, 123, 0, 7.15007e-14, 4.5760399999999996e-14
45, 103, 0, 6.23478, 0.9975639999999999
45, 103, 1, 6.17243, 0.987588
45, 104, 0, 1.8999999999999998e-08, 1.216e-08
45, 104, 1, 1.4299999999999999e-08, 9.152e-09
45, 105, 0, 6.0063699999999995, 0.96102
45, 105, 1, 1.62172, 0.259475
45, 106, 0, 5.93449, 0.949519
45, 106, 1, 1.34e-05, 8.575999999999999e-06
45, 107, 0, 5.4856799999999994, 0.877709
45, 108, 0, 4.44681, 0.7114900000000001
45, 108, 1, 0.002846, 0.00182144
45, 109, 0, 3.50544, 2.24348
45, 109, 1, 1.4296200000000001, 0.9149579999999999
45, 110, 0, 2.5953299999999997, 0.596926
45, 110, 1, 0.007871, 0.00503744
45, 111, 0, 1.10591, 0.49766000000000005
45, 112, 0, 0.39790600000000004, 0.179058
45, 113, 0, 0.25896600000000003, 0.11653499999999999
45, 114, 0, 0.14887, 0.0952768
45, 115, 0, 0.11831599999999999, 0.0757223
45, 116, 0, 0.053444, 0.0342042
45, 117, 0, 0.017372000000000002, 0.0111181
45, 118, 0, 0.005091, 0.0032582400000000004
45, 119, 0, 0.0011070000000000001, 0.00070848
45, 120, 0, 7.91e-05, 5.0623999999999995e-05
45, 121, 0, 3.05e-06, 1.9519999999999997e-06
45, 122, 0, 7.529999999999999e-08, 4.8192000000000006e-08
45, 123, 0, 1.5700000000000002e-09, 1.0048e-09
45, 124, 0, 1.43e-11, 9.152e-12
46, 104, 0, 1.8999999999999998e-08, 8.55e-09
46, 105, 0, 6.0063699999999995, 0.96102
46, 106, 0, 5.9345099999999995, 0.9495210000000001
46, 107, 0, 5.4856799999999994, 0.877709
46, 107, 1, 7.68e-08, 4.9151999999999996e-08
46, 108, 0, 4.44966, 0.711946
46, 109, 0, 3.50554, 2.24355
46, 109, 1, 6.78e-05, 4.3392e-05
46, 110, 0, 2.6032, 0.416513
46, 111, 0, 1.10455, 0.353455
46, 111, 1, 0.004757, 0.00152224
46, 112, 0, 0.39791699999999997, 0.179063
46, 113, 0, 0.259042, 0.116569
46, 114, 0, 0.149219, 0.0671486
46, 115, 0, 0.119558, 0.053801100000000004
46, 116, 0, 0.079182, 0.0356319
46, 117, 0, 0.047131, 0.0301638
46, 118, 0, 0.040009, 0.025605799999999998
46, 119, 0, 0.024146, 0.0154534
46, 120, 0, 0.007148, 0.00457472
46, 121, 0, 0.000936, 0.00059904
46, 122, 0, 0.00010899999999999999, 6.976e-05
46, 123, 0, 8.34e-06, 5.3376e-06
46, 124, 0, 3.7900000000000005e-07, 2.4256e-07
47, 107, 0, 5.4856799999999994, 0.877709
47, 108, 1, 3.885e-11, 2.4863999999999997e-11
47, 108, 0, 4.223e-11, 2.7027200000000002e-11
47, 109, 1, 3.5038600000000004, 2.24247
47, 109, 0, 3.50554, 2.24355
47, 111, 0, 1.10262, 0.352838
47, 111, 1, 1.09785, 0.351311
47, 112, 0, 0.39791699999999997, 0.179063
47, 113, 0, 0.233138, 0.10491199999999999
47, 113, 1, 0.025904, 0.0116568
47, 114, 0, 0.149219, 0.0671486
47, 115, 0, 0.08727700000000001, 0.039274699999999996
47, 115, 1, 0.032281, 0.0145265
47, 116, 0, 0.039852000000000005, 0.0179334
47, 116, 1, 0.039852000000000005, 0.0179334
47, 117, 0, 0.024924, 0.0159514
47, 117, 1, 0.024924, 0.0159514
47, 118, 0, 0.036112, 0.0162504
47, 118, 1, 0.024734, 0.015829799999999998
47, 119, 0, 0.047154, 0.0212193
47, 120, 1, 0.0098755, 0.00632032
47, 120, 0, 0.020677400000000002, 0.013233599999999998
47, 121, 0, 0.011191, 0.00716224
47, 122, 1, 0.001908, 0.00122112
47, 122, 0, 0.002018, 0.00129152
47, 123, 0, 0.00132, 0.0008447999999999999
47, 124, 0, 0.000212, 0.00013568
47, 125, 0, 6.5299999999999996e-09, 4.179200000000001e-09
47, 126, 0, 9.8e-10, 6.272e-10
47, 127, 0, 8.01e-11, 5.1264e-11
47, 128, 0, 4.75e-12, 3.04e-12
47, 129, 0, 2.67989e-13, 1.7151299999999998e-13
47, 131, 0, 1.13412e-08, 7.258380000000001e-09
47, 132, 0, 5.82617e-10, 3.72875e-10
47, 133, 0, 5.44477e-11, 3.4846500000000003e-11
48, 108, 0, 7.59e-11, 4.8576000000000006e-11
48, 111, 0, 1.10591, 0.25436000000000003
48, 112, 0, 0.39791699999999997, 0.127333
48, 113, 0, 0.256015, 0.08192479999999999
48, 113, 1, 0.003031, 0.00136395
48, 114, 0, 0.149219, 0.047750100000000004
48, 115, 0, 0.109653, 0.0493439
48, 115, 1, 0.009904999999999999, 0.00445725
48, 116, 0, 0.079705, 0.0183322
48, 117, 0, 0.037391, 0.016826
48, 117, 1, 0.012479, 0.00561555
48, 118, 0, 0.049816, 0.0159411
48, 119, 0, 0.024902000000000004, 0.011205900000000001
48, 119, 1, 0.024902000000000004, 0.011205900000000001
48, 120, 0, 0.03574, 0.016083
48, 121, 1, 0.0063835, 0.00408544
48, 121, 0, 0.0175815, 0.0112522
48, 122, 0, 0.021515, 0.0137696
48, 123, 0, 0.018989000000000002, 0.012152999999999999
48, 124, 0, 0.012093, 0.00773952
48, 125, 0, 0.0006929999999999999, 0.00044352000000000004
48, 126, 0, 0.000415, 0.0002656
48, 127, 0, 0.00011999999999999999, 7.68e-05
48, 128, 0, 3.41e-05, 2.1824e-05
48, 129, 0, 6.560000000000001e-06, 4.1984e-06
48, 130, 0, 8.410000000000001e-07, 5.3824e-07
48, 131, 0, 0.000372, 0.00023808000000000002
48, 132, 0, 2.2499999999999998e-05, 1.44e-05
48, 133, 0, 1.7859199999999998e-06, 1.14299e-06
48, 134, 0, 5.989999999999999e-09, 3.8336e-09
48, 135, 0, 1.71987e-10, 1.1007199999999999e-10
49, 113, 0, 0.259042, 0.0595797
49, 115, 0, 0.11550099999999999, 0.036960299999999995
49, 115, 1, 0.109654, 0.035089300000000004
49, 116, 2, 1.58e-11, 1.0112e-11
49, 116, 0, 1.58e-11, 1.0112e-11
49, 116, 1, 3.16e-11, 2.0224e-11
49, 117, 0, 0.031572, 0.010103000000000001
49, 117, 1, 0.034525, 0.011048
49, 118, 2, 3.92e-08, 2.5088000000000003e-08
49, 118, 0, 0.049816, 0.0159411
49, 118, 1, 7.7812e-08, 4.97997e-08
49, 119, 0, 0.026156999999999996, 0.0117707
49, 119, 1, 0.024904000000000003, 0.0112068
49, 120, 0, 0.017934, 0.0080703
49, 120, 1, 0.017934, 0.0080703
49, 121, 0, 0.007224240000000001, 0.00462352
49, 121, 1, 0.0177285, 0.0113462
49, 122, 0, 0.023093000000000002, 0.0103919
49, 122, 1, 0.0015780000000000002, 0.00100992
49, 123, 0, 0.024183, 0.0154771
49, 123, 1, 0.0066099999999999996, 0.0042304
49, 124, 1, 0.010994, 0.00703616
49, 124, 0, 0.023087, 0.0147757
49, 125, 0, 0.018735, 0.0119904
49, 125, 1, 0.018457, 0.0118125
49, 126, 1, 0.027153000000000004, 0.017377899999999998
49, 126, 0, 0.026739, 0.017113
49, 127, 0, 0.030863, 0.0197523
49, 127, 1, 0.030863, 0.0197523
49, 128, 1, 0.0275615, 0.0176394
49, 128, 0, 0.0275955, 0.0176611
49, 129, 0, 0.025043, 0.0160275
49, 129, 1, 0.025036, 0.016023
49, 130, 0, 0.025411999999999997, 0.016263700000000002
49, 131, 0, 0.077271, 0.0494534
49, 132, 0, 0.015138, 0.00968832
49, 133, 0, 0.001662, 0.00106368
49, 134, 0, 6.670000000000001e-05, 4.2688e-05
49, 135, 0, 3.7764699999999998e-06, 2.41694e-06
49, 136, 0, 1.64e-08, 1.0496e-08
49, 137, 0, 2.1036100000000002e-10, 1.34631e-10
50, 115, 0, 0.119558, 0.027498300000000003
50, 116, 0, 4.74e-11, 2.1330000000000002e-11
50, 117, 1, 0.00010103000000000001, 6.46595e-05
50, 117, 0, 0.049870000000000005, 0.0319168
50, 118, 0, 0.049816, 0.0114577
50, 119, 0, 0.049816, 0.0114577
50, 119, 1, 0.001308, 0.0005886
50, 120, 0, 0.035867, 0.008249409999999999
50, 121, 0, 0.0245605, 0.015718700000000002
50, 121, 1, 0.000819139, 0.0005242490000000001
50, 122, 0, 0.024744, 0.00791808
50, 123, 0, 0.0006219999999999999, 0.00039808
50, 123, 1, 0.031048000000000003, 0.013971599999999999
50, 124, 0, 0.04058, 0.0129856
50, 125, 0, 0.03165, 0.0142425
50, 125, 1, 0.023928, 0.0107676
50, 126, 0, 0.11864, 0.0759296
50, 127, 0, 0.149587, 0.0957357
50, 127, 1, 0.05756100000000001, 0.036839000000000004
50, 128, 1, 0.17582699999999998, 0.11252899999999999
50, 128, 0, 0.407508, 0.260805
50, 129, 0, 0.572368, 0.257566
50, 129, 1, 0.21376, 0.13680599999999998
50, 130, 1, 0.683371, 0.437357
50, 130, 0, 0.695201, 0.44492899999999996
50, 131, 1, 0.666078, 0.42629
50, 131, 0, 0.7351530000000001, 0.470498
50, 132, 0, 1.02534, 0.23582899999999998
50, 133, 0, 0.355155, 0.227299
50, 134, 0, 0.064671, 0.0413894
50, 135, 0, 0.005248, 0.0033587200000000004
50, 136, 0, 0.000252, 0.00016128
50, 137, 0, 6.9e-06, 4.416e-06
50, 138, 0, 1.2799999999999998e-07, 8.192000000000001e-08
50, 139, 0, 1.27517e-09, 8.161099999999999e-10
50, 140, 0, 1.12584e-10, 7.205380000000001e-11
51, 120, 0, 2.22e-12, 1.4208e-12
51, 120, 1, 3.2e-12, 2.048e-12
51, 121, 0, 0.024745000000000003, 0.0079184
51, 122, 0, 4e-08, 2.56e-08
51, 122, 1, 2.1199999999999998e-08, 1.3568e-08
51, 123, 0, 0.031672, 0.010135
51, 124, 0, 5.86e-05, 3.7504e-05
51, 124, 1, 2.93e-05, 1.8752e-05
51, 125, 0, 0.055594, 0.0177901
51, 126, 2, 0.0795362, 0.05090309999999999
51, 126, 0, 0.016679, 0.00750555
51, 126, 1, 0.118735, 0.05343080000000001
51, 127, 0, 0.20844000000000001, 0.093798
51, 128, 0, 0.0178998, 0.0114559
51, 128, 1, 0.41268900000000003, 0.264121
51, 129, 0, 0.843881, 0.270042
51, 130, 0, 0.7769889999999999, 0.49727299999999997
51, 130, 1, 0.8546009999999999, 0.546945
51, 131, 0, 2.5106900000000003, 0.40171
51, 132, 0, 1.7782200000000001, 0.40898999999999996
51, 132, 1, 1.4291, 0.45731299999999997
51, 133, 0, 3.16651, 0.728297
51, 134, 1, 0.776327, 0.496849
51, 134, 0, 0.8291639999999999, 0.530665
51, 135, 0, 0.531794, 0.23930700000000002
51, 136, 0, 0.083401, 0.053376599999999996
51, 137, 0, 0.009674, 0.00619136
51, 138, 0, 0.0005679999999999999, 0.00036352
51, 139, 0, 2.8000000000000003e-05, 1.7919999999999998e-05
51, 140, 0, 2.09967e-06, 1.34379e-06
51, 141, 0, 2.28579e-09, 1.4629e-09
51, 142, 0, 2.0301e-10, 1.29926e-10
51, 143, 0, 9.308190000000001e-11, 5.95724e-11
52, 122, 0, 3.8800000000000003e-08, 2.4831999999999997e-08
52, 123, 0, 4.0399999999999995e-10, 2.5856e-10
52, 123, 1, 3.11e-10, 1.9904000000000002e-10
52, 124, 0, 5.86e-05, 3.7504e-05
52, 125, 0, 0.055594, 0.0127866
52, 125, 1, 0.012509000000000001, 0.0040028799999999995
52, 126, 0, 0.118791, 0.0380131
52, 127, 0, 0.20764, 0.0664448
52, 127, 1, 0.03335, 0.0150075
52, 128, 0, 0.415731, 0.13303399999999999
52, 129, 0, 0.7928970000000001, 0.253727
52, 129, 1, 0.140091, 0.044829100000000004
52, 130, 0, 1.6318, 0.261087
52, 131, 0, 2.41069, 0.38571099999999997
52, 131, 1, 0.250716, 0.0802291
52, 132, 0, 3.9614499999999997, 0.9111330000000001
52, 133, 0, 2.99574, 0.689021
52, 133, 1, 3.1616, 0.505856
52, 134, 0, 6.80315, 1.56473
52, 135, 0, 5.19014, 1.19373
52, 136, 0, 2.944, 0.677121
52, 137, 0, 0.984059, 0.44282699999999997
52, 138, 0, 0.22670099999999999, 0.145089
52, 139, 0, 0.032085, 0.020534399999999998
52, 140, 0, 0.003435, 0.0021984
52, 141, 0, 7.49755e-05, 4.7984299999999994e-05
52, 142, 0, 7.84e-06, 5.0176e-06
52, 143, 0, 3.0531499999999997e-06, 1.95402e-06
52, 144, 0, 1.02882e-09, 6.58448e-10
52, 145, 0, 8.41585e-11, 5.3861399999999996e-11
53, 127, 0, 0.20844000000000001, 0.0479412
53, 129, 0, 0.8438910000000001, 0.19409500000000002
53, 130, 0, 3.63e-11, 2.3232e-11
53, 130, 1, 1.1399999999999999e-11, 7.296e-12
53, 131, 0, 2.61664, 0.418663
53, 132, 1, 0.004053, 0.00259392
53, 132, 0, 3.96902, 2.54017
53, 133, 1, 0.056242, 0.035994899999999996
53, 133, 0, 5.85882, 3.74964
53, 134, 0, 7.4531600000000005, 1.71423
53, 134, 1, 0.27535, 0.176224
53, 135, 0, 7.388509999999999, 1.1821599999999999
53, 136, 0, 4.64269, 0.7428309999999999
53, 136, 1, 1.74581, 0.401536
53, 137, 0, 4.947900000000001, 1.13802
53, 138, 0, 2.61951, 0.602487
53, 139, 0, 1.21415, 0.279255
53, 140, 0, 0.340066, 0.217642
53, 141, 0, 0.069773, 0.0446547
53, 142, 0, 0.008155, 0.005219199999999999
53, 143, 0, 0.0028413, 0.0018184300000000002
53, 144, 0, 1.91874e-05, 1.22799e-05
53, 145, 0, 1.8479400000000002e-06, 1.18268e-06
53, 146, 0, 3.4957000000000002e-09, 2.2372500000000003e-09
53, 147, 0, 1.91432e-10, 1.2251699999999998e-10
53, 148, 0, 2.04563e-12, 1.30921e-12
54, 129, 0, 0.8438910000000001, 0.54009
54, 130, 0, 3.8e-11, 2.432e-11
54, 131, 0, 2.61664, 0.418663
54, 131, 1, 0.036633, 0.00586128
54, 132, 0, 3.9695599999999995, 0.63513
54, 133, 0, 5.85922, 3.7499
54, 133, 1, 0.169016, 0.10816999999999999
54, 134, 0, 7.46901, 1.19504
54, 134, 1, 0.012747, 0.00815808
54, 135, 0, 7.49431, 1.19909
54, 135, 1, 1.16123, 0.18579600000000002
54, 136, 0, 7.3867199999999995, 0.812539
54, 137, 0, 6.67954, 1.06873
54, 138, 0, 6.39069, 1.02251
54, 139, 0, 5.49968, 1.26493
54, 140, 0, 4.20634, 0.9674590000000001
54, 141, 0, 2.09503, 0.48185600000000006
54, 142, 0, 0.826314, 0.37184100000000003
54, 143, 1, 0.0957899, 0.061305500000000006
54, 143, 0, 0.09863121000000001, 0.0631239
54, 144, 0, 0.03139, 0.0200896
54, 145, 0, 0.002568, 0.00164352
54, 146, 0, 0.000135, 8.64e-05
54, 147, 0, 6.2791100000000004e-06, 4.01863e-06
54, 148, 0, 7.899999999999999e-08, 5.056e-08
54, 149, 0, 3.5688699999999997e-10, 2.28408e-10
54, 150, 0, 5.28e-12, 3.3792e-12
55, 132, 0, 1.8399999999999998e-10, 1.1776e-10
55, 133, 0, 5.85922, 0.644514
55, 134, 1, 1.8900000000000001e-06, 1.2096e-06
55, 134, 0, 3.7800000000000002e-06, 2.4192e-06
55, 135, 1, 8.75e-05, 5.6000000000000006e-05
55, 135, 0, 7.49449, 4.79647
55, 136, 1, 0.001779, 0.00113856
55, 136, 0, 0.003558, 0.00227712
55, 137, 0, 6.721349999999999, 1.07542
55, 138, 0, 6.587129999999999, 1.05394
55, 138, 1, 0.11224799999999999, 0.0718387
55, 139, 0, 6.33863, 1.4578799999999998
55, 140, 0, 5.91263, 0.946021
55, 141, 0, 4.85293, 0.7764690000000001
55, 142, 0, 3.36775, 0.774583
55, 143, 0, 2.15862, 0.496483
55, 144, 0, 0.8520019999999999, 0.383401
55, 145, 0, 0.252621, 0.16167700000000002
55, 146, 0, 0.039511, 0.025286999999999997
55, 147, 0, 0.005843409999999999, 0.0037397800000000003
55, 148, 0, 0.00028, 0.0001792
55, 149, 0, 7.83647e-06, 5.01534e-06
55, 150, 0, 2.41e-07, 1.5423999999999998e-07
55, 151, 0, 5.03789e-10, 3.22425e-10
55, 152, 0, 4.16895e-11, 2.6681300000000003e-11
55, 153, 0, 3.60364e-12, 2.30633e-12
56, 132, 0, 4.04e-12, 2.5856000000000002e-12
56, 134, 0, 3.7800000000000002e-06, 2.4192e-06
56, 135, 1, 9.550000000000001e-09, 6.112e-09
56, 135, 0, 7.49449, 4.79647
56, 136, 1, 0.000399401, 0.00025561700000000003
56, 136, 0, 0.00356, 0.0022784
56, 137, 0, 6.72142, 1.0754299999999999
56, 137, 1, 6.35844, 1.01735
56, 138, 0, 6.61668, 1.05867
56, 139, 0, 6.35403, 1.46143
56, 140, 0, 6.02243, 0.9635889999999999
56, 141, 0, 5.29248, 1.21727
56, 142, 0, 4.65714, 0.745142
56, 143, 0, 4.4195400000000005, 0.7071270000000001
56, 144, 0, 3.7831099999999998, 0.8701159999999999
56, 145, 0, 2.4122600000000003, 0.55482
56, 146, 0, 1.25459, 0.28855600000000003
56, 147, 0, 0.399846, 0.255901
56, 148, 0, 0.090436, 0.057879
56, 149, 0, 0.01089, 0.0069696
56, 150, 0, 0.000922, 0.00059008
56, 151, 0, 1.65246e-05, 1.05758e-05
56, 152, 0, 1.6099999999999998e-06, 1.0304000000000001e-06
56, 153, 0, 1.18202e-07, 7.56493e-08
56, 154, 0, 2.8e-10, 1.792e-10
56, 155, 0, 9.2417e-12, 5.914689999999999e-12
57, 137, 0, 3.1400000000000003e-09, 2.0096e-09
57, 138, 0, 2.18e-07, 1.3952e-07
57, 139, 0, 6.3540399999999995, 1.01665
57, 140, 0, 6.022600000000001, 0.963617
57, 141, 0, 5.29515, 1.21789
57, 142, 0, 4.67748, 0.7483970000000001
57, 143, 0, 4.54669, 0.7274700000000001
57, 144, 0, 4.18844, 0.963342
57, 145, 0, 3.38923, 0.779523
57, 146, 1, 0.6626690000000001, 0.42410800000000004
57, 146, 0, 1.9172600000000002, 1.22705
57, 147, 0, 1.79317, 0.412429
57, 148, 0, 0.8820319999999999, 0.39691400000000004
57, 149, 0, 0.349446, 0.223645
57, 150, 0, 0.080966, 0.051818199999999995
57, 151, 0, 0.015378000000000001, 0.009841919999999999
57, 152, 0, 0.0015780000000000002, 0.00100992
57, 153, 0, 0.00011, 7.039999999999999e-05
57, 154, 0, 3.33e-06, 2.1312e-06
57, 155, 0, 2.0292799999999998e-07, 1.29874e-07
57, 156, 0, 4.27253e-10, 2.73442e-10
57, 157, 0, 1.60667e-11, 1.02827e-11
57, 158, 0, 3.02961e-13, 1.93895e-13
58, 138, 0, 6.54e-08, 4.1856e-08
58, 139, 0, 3.28e-10, 2.0992e-10
58, 139, 1, 2.33e-10, 1.4912e-10
58, 140, 0, 6.022600000000001, 0.963617
58, 141, 0, 5.29516, 0.8472250000000001
58, 142, 0, 4.67751, 0.748402
58, 143, 0, 4.54728, 0.727564
58, 144, 0, 4.19543, 0.9649490000000001
58, 145, 0, 3.4356, 0.790188
58, 146, 0, 2.80447, 0.44871599999999995
58, 147, 0, 2.3771299999999997, 0.54674
58, 148, 0, 1.9393500000000001, 0.446051
58, 149, 0, 1.41987, 0.326569
58, 150, 0, 0.9123640000000001, 0.410564
58, 151, 0, 0.428511, 0.27424699999999996
58, 152, 0, 0.15110099999999999, 0.09670469999999999
58, 153, 0, 0.028870000000000003, 0.0184768
58, 154, 0, 0.003431, 0.00219584
58, 155, 0, 0.000282, 0.00018048
58, 156, 0, 1.65e-05, 1.056e-05
58, 157, 0, 5.27e-07, 3.3728e-07
58, 158, 0, 1.17e-08, 7.488e-09
58, 159, 0, 6.78573e-11, 4.34287e-11
58, 160, 0, 1.2199999999999999e-12, 7.808000000000001e-13
59, 141, 0, 5.29516, 0.8472250000000001
59, 142, 1, 5.6e-10, 3.584e-10
59, 142, 0, 1.12e-09, 7.168e-10
59, 143, 0, 4.54728, 0.727564
59, 144, 0, 4.1954199999999995, 0.964947
59, 144, 1, 0.02098, 0.0048254000000000005
59, 145, 0, 3.43568, 0.7902060000000001
59, 146, 0, 2.80556, 0.44888999999999996
59, 147, 0, 2.3876999999999997, 0.54917
59, 148, 1, 0.025557, 0.0163565
59, 148, 0, 1.96491, 1.25754
59, 149, 0, 1.5957, 0.36701
59, 150, 0, 1.2422300000000002, 0.39751200000000003
59, 151, 0, 0.946099, 0.42574500000000004
59, 152, 0, 0.591169, 0.378348
59, 153, 0, 0.304674, 0.194991
59, 154, 0, 0.09066099999999999, 0.058023000000000005
59, 155, 0, 0.02544, 0.0162816
59, 156, 0, 0.004141, 0.00265024
59, 157, 0, 0.0004930000000000001, 0.00031552
59, 158, 0, 3.13e-05, 2.0032e-05
59, 159, 0, 1.49e-06, 9.536000000000001e-07
59, 160, 0, 3.55e-08, 2.272e-08
59, 161, 0, 1.1493699999999999e-10, 7.355939999999999e-11
59, 162, 0, 2.14921e-12, 1.37549e-12
59, 163, 0, 3.567e-14, 2.2828800000000004e-14
60, 142, 0, 1.12e-09, 7.168e-10
60, 143, 0, 4.54728, 0.727564
60, 144, 0, 4.19543, 0.671269
60, 145, 0, 3.43568, 0.7902060000000001
60, 146, 0, 2.80556, 0.44888999999999996
60, 147, 0, 2.3877099999999998, 0.549173
60, 148, 0, 1.99074, 0.318518
60, 149, 0, 1.5984000000000003, 0.367633
60, 150, 0, 1.2608, 0.289985
60, 151, 0, 1.02212, 0.327077
60, 152, 0, 0.79854, 0.35934299999999997
60, 153, 0, 0.60745, 0.388768
60, 154, 0, 0.39396, 0.25213399999999997
60, 155, 0, 0.228922, 0.14651
60, 156, 0, 0.11529500000000001, 0.0737888
60, 157, 0, 0.034467, 0.022058900000000003
60, 158, 0, 0.007717, 0.00493888
60, 159, 0, 0.00098, 0.0006272000000000001
60, 160, 0, 8.75e-05, 5.6000000000000006e-05
60, 161, 0, 3.77e-06, 2.4128e-06
60, 162, 0, 8.3e-08, 5.312e-08
60, 163, 0, 1.17e-09, 7.488e-10
60, 164, 0, 1.0999999999999999e-11, 7.04e-12
60, 165, 0, 2.97388e-14, 1.90328e-14
60, 166, 0, 1.6453299999999999e-15, 1.0530100000000001e-15
61, 146, 0, 4.4299999999999995e-12, 2.8352e-12
61, 147, 0, 2.3877099999999998, 0.549173
61, 148, 0, 1.07e-08, 6.848e-09
61, 148, 1, 2.25e-08, 1.44e-08
61, 149, 0, 1.5984000000000003, 0.367633
61, 150, 0, 2.6600000000000003e-05, 1.7023999999999998e-05
61, 151, 0, 1.02254, 0.327213
61, 152, 2, 0.0010533299999999999, 0.0006741329999999999
61, 152, 0, 0.799593, 0.359817
61, 152, 1, 0.0010533299999999999, 0.0006741329999999999
61, 153, 0, 0.623478, 0.28056499999999995
61, 154, 0, 0.414385, 0.186473
61, 154, 1, 0.020425, 0.013072
61, 155, 0, 0.31305, 0.140873
61, 156, 0, 0.221717, 0.141899
61, 157, 0, 0.133193, 0.0852435
61, 158, 0, 0.060546, 0.0387494
61, 159, 0, 0.022584, 0.0144538
61, 160, 0, 0.005108, 0.0032691200000000004
61, 161, 0, 0.00076, 0.00048640000000000006
61, 162, 0, 4.64e-05, 2.9695999999999998e-05
61, 163, 0, 2.47e-06, 1.5807999999999998e-06
61, 164, 0, 6.45e-08, 4.128e-08
61, 165, 0, 6.53e-10, 4.1792e-10
61, 166, 0, 3.06852e-11, 1.96385e-11
61, 167, 0, 2.71031e-14, 1.7346e-14
61, 168, 0, 3.57338e-16, 2.28697e-16
62, 146, 0, 1.55e-12, 9.92e-13
62, 147, 0, 2.3877099999999998, 0.38203400000000004
62, 148, 0, 3.2200000000000004e-08, 2.0608e-08
62, 149, 0, 1.5984000000000003, 0.367633
62, 150, 0, 2.6600000000000003e-05, 1.7023999999999998e-05
62, 151, 0, 1.02254, 0.327213
62, 152, 0, 0.801704, 0.25654499999999997
62, 153, 0, 0.623548, 0.280597
62, 154, 0, 0.435494, 0.13935799999999998
62, 155, 0, 0.31671699999999997, 0.142523
62, 156, 0, 0.23747600000000002, 0.106864
62, 157, 0, 0.167748, 0.0754866
62, 158, 0, 0.11664200000000001, 0.0746509
62, 159, 0, 0.07309, 0.046777599999999996
62, 160, 0, 0.04109, 0.0262976
62, 161, 0, 0.013433, 0.00859712
62, 162, 0, 0.0026509999999999997, 0.0016966400000000001
62, 163, 0, 0.00037, 0.0002368
62, 164, 0, 3.39e-05, 2.1696e-05
62, 165, 0, 9.6e-07, 6.144e-07
62, 166, 0, 5.02e-08, 3.2128e-08
62, 167, 0, 8.889999999999999e-10, 5.689600000000001e-10
62, 168, 0, 1.3799999999999999e-11, 8.832e-12
62, 169, 0, 1.8125599999999998e-14, 1.1600400000000001e-14
62, 171, 0, 2.40219e-17, 1.5374e-17
63, 151, 0, 1.02254, 0.235184
63, 152, 2, 5.0933300000000004e-11, 3.25973e-11
63, 152, 0, 7.64e-11, 4.8896e-11
63, 152, 1, 7.64e-11, 4.8896e-11
63, 153, 0, 0.623548, 0.199535
63, 154, 1, 1.3299999999999999e-07, 8.512e-08
63, 154, 0, 2.6599999999999997e-07, 1.7024e-07
63, 155, 0, 0.316723, 0.142525
63, 156, 0, 0.237542, 0.106894
63, 157, 0, 0.168258, 0.0757161
63, 158, 0, 0.11876199999999999, 0.0534429
63, 159, 0, 0.07911599999999999, 0.050634200000000004
63, 160, 0, 0.051088999999999996, 0.0229901
63, 161, 0, 0.023782, 0.015220500000000001
63, 162, 0, 0.00747, 0.0047808
63, 163, 0, 0.00248, 0.0015872
63, 164, 0, 0.000496, 0.00031744
63, 165, 0, 4.57e-05, 2.9248e-05
63, 166, 0, 6.120000000000001e-06, 3.9167999999999995e-06
63, 167, 0, 3.95e-07, 2.528e-07
63, 168, 0, 1.6799999999999998e-08, 1.0752e-08
63, 169, 0, 3.9799999999999997e-10, 2.5472e-10
63, 170, 0, 1.18e-11, 7.552e-12
63, 171, 0, 5.27469e-13, 3.3758e-13
63, 172, 0, 7.66465e-16, 4.905379999999999e-16
64, 152, 0, 8.02e-11, 5.1328e-11
64, 154, 0, 2.6599999999999997e-07, 1.7024e-07
64, 155, 0, 0.316723, 0.101351
64, 156, 0, 0.237542, 0.0760135
64, 157, 0, 0.16825900000000002, 0.0538429
64, 158, 0, 0.118771, 0.0380067
64, 159, 0, 0.079181, 0.0356315
64, 160, 0, 0.05146699999999999, 0.016469400000000002
64, 161, 0, 0.024741, 0.011133500000000001
64, 162, 0, 0.008895, 0.00400275
64, 163, 0, 0.003914, 0.00250496
64, 164, 0, 0.001415, 0.0009055999999999999
64, 165, 0, 0.000249, 0.00015936000000000002
64, 166, 0, 9.08e-05, 5.8111999999999995e-05
64, 167, 0, 1.41e-05, 9.024e-06
64, 168, 0, 1.97e-06, 1.2607999999999999e-06
64, 169, 0, 1.26e-07, 8.064e-08
64, 170, 0, 1.3400000000000001e-08, 8.576e-09
64, 171, 0, 7.330000000000001e-10, 4.6912e-10
64, 172, 0, 2.96e-11, 1.8944e-11
65, 157, 0, 1.69e-11, 1.0816e-11
65, 158, 0, 7.620000000000001e-10, 4.8768e-10
65, 158, 1, 7.619999999999999e-11, 4.8768e-11
65, 159, 0, 0.079181, 0.025337899999999997
65, 160, 0, 3.52e-07, 2.2528e-07
65, 161, 0, 0.024744, 0.0111348
65, 162, 0, 0.008723, 0.00392535
65, 162, 1, 0.000184, 8.28e-05
65, 163, 0, 0.003959, 0.0017815499999999998
65, 164, 0, 0.001484, 0.0006678000000000001
65, 165, 0, 0.000297, 0.00019008
65, 166, 0, 0.000135, 8.64e-05
65, 167, 0, 3.5499999999999996e-05, 2.272e-05
65, 168, 0, 8.89e-06, 5.6896000000000005e-06
65, 169, 0, 1.5399999999999999e-06, 9.856000000000001e-07
65, 170, 0, 3.84e-07, 2.4576e-07
65, 171, 0, 7.21e-08, 4.6144e-08
65, 172, 0, 7.919999999999999e-09, 5.0688e-09
66, 158, 0, 1.22e-10, 7.807999999999999e-11
66, 160, 0, 3.52e-07, 2.2528e-07
66, 161, 0, 0.024744, 0.00791808
66, 162, 0, 0.008908, 0.0028505600000000002
66, 163, 0, 0.003959, 0.00126688
66, 164, 0, 0.001485, 0.00047520000000000006
66, 165, 0, 0.000294, 9.408e-05
66, 165, 1, 0.000149, 6.705e-05
66, 166, 0, 0.000139, 6.255e-05
66, 167, 0, 3.96e-05, 1.782e-05
66, 168, 0, 1.2800000000000001e-05, 5.76e-06
66, 169, 0, 3.35e-06, 2.1439999999999997e-06
66, 170, 0, 1.77e-06, 1.1328e-06
66, 171, 0, 6.98e-07, 4.4671999999999997e-07
66, 172, 0, 2.33e-07, 1.4912e-07
67, 163, 0, 7.59e-12, 4.8576e-12
67, 164, 0, 1.17e-10, 7.488e-11
67, 164, 1, 8.17e-11, 5.2288e-11
67, 165, 0, 0.000298, 6.854e-05
67, 166, 0, 0.000139, 6.255e-05
67, 166, 1, 4.78e-09, 3.0592e-09
67, 167, 0, 3.96e-05, 1.782e-05
67, 168, 0, 1.29e-05, 5.805e-06
67, 169, 0, 3.46e-06, 1.557e-06
67, 170, 0, 1.8699999999999999e-06, 8.414999999999999e-07
67, 170, 1, 1.01e-07, 6.464e-08
67, 171, 0, 9.759999999999998e-07, 6.246400000000001e-07
67, 172, 0, 4.59e-07, 2.9376e-07
68, 164, 0, 6.19e-11, 2.7855e-11
68, 166, 0, 0.000139, 4.448e-05
68, 167, 0, 3.96e-05, 1.2672000000000002e-05
68, 167, 1, 3.959999999999999e-06, 1.782e-06
68, 168, 0, 1.29e-05, 4.128e-06
68, 169, 0, 3.46e-06, 1.557e-06
68, 170, 0, 1.9799999999999997e-06, 6.336e-07
68, 171, 0, 9.899999999999998e-07, 4.455e-07
68, 172, 0, 4.949999999999999e-07, 2.2275e-07
69, 169, 0, 3.46e-06, 1.1072e-06
69, 170, 0, 1.58e-12, 1.0112e-12
69, 171, 0, 9.899999999999998e-07, 4.455e-07
69, 172, 0, 4.949999999999999e-07, 2.2275e-07
70, 170, 0, 1.58e-12, 1.0112e-12
70, 171, 0, 9.899999999999998e-07, 3.168e-07
70, 172, 0, 4.949999999999999e-07, 1.584e-07
