23, 66, 0, 1.6470999999999998e-14, 1.05414e-14
23, 67, 0, 3.5677800000000006e-15, 2.28338e-15
23, 68, 0, 3.66465e-16, 2.34537e-16
24, 66, 0, 8.27e-11, 5.292800000000001e-11
24, 67, 0, 1.52e-11, 9.728e-12
24, 68, 0, 1.84e-12, 1.1776e-12
24, 69, 0, 1.0796399999999999e-13, 6.90972e-14
24, 71, 0, 1.79054e-15, 1.1459399999999998e-15
25, 66, 0, 8.5e-09, 5.44e-09
25, 67, 0, 3.88e-09, 2.4832000000000003e-09
25, 68, 0, 1.1600000000000001e-09, 7.424e-10
25, 69, 0, 2.84e-10, 1.8176e-10
25, 70, 0, 4.94e-11, 3.1616e-11
25, 71, 0, 4.71e-12, 3.0143999999999998e-12
25, 72, 0, 1.82236e-13, 1.16631e-13
25, 73, 0, 2.69931e-14, 1.72756e-14
26, 66, 0, 9.35e-08, 5.984e-08
26, 67, 0, 9.58e-08, 6.1312e-08
26, 68, 0, 6.64e-08, 4.2496e-08
26, 69, 0, 3.98e-08, 2.5471999999999998e-08
26, 70, 0, 1.6900000000000002e-08, 1.0816e-08
26, 71, 0, 4.11e-09, 2.6304e-09
26, 72, 0, 9.15e-10, 5.856e-10
26, 73, 0, 1.1499999999999999e-10, 7.36e-11
26, 74, 0, 1.63e-11, 1.0432e-11
26, 75, 0, 7.222969999999999e-13, 4.6227e-13
27, 66, 0, 1.94e-07, 1.2416e-07
27, 67, 0, 3.38e-07, 2.1632000000000002e-07
27, 68, 0, 4.46e-07, 2.8544e-07
27, 69, 0, 5.739999999999999e-07, 3.6736e-07
27, 70, 0, 5.45e-07, 3.488e-07
27, 71, 0, 3.18e-07, 2.0352e-07
27, 72, 0, 1.75e-07, 1.1200000000000001e-07
27, 73, 0, 5.4299999999999997e-08, 3.4752e-08
27, 74, 0, 1.96e-08, 1.2544000000000001e-08
27, 75, 0, 1.9e-09, 1.216e-09
27, 76, 0, 4.85e-10, 3.1040000000000003e-10
27, 77, 0, 2.21813e-10, 1.4196e-10
27, 78, 0, 4.26214e-11, 2.7277700000000002e-11
27, 79, 0, 2.3009400000000003e-11, 1.4726e-11
28, 66, 0, 2.0799999999999998e-07, 9.36e-08
28, 67, 0, 4.15e-07, 1.8675e-07
28, 68, 0, 7.12e-07, 4.5567999999999996e-07
28, 69, 0, 1.4e-06, 8.960000000000001e-07
28, 70, 0, 2.34e-06, 1.4976e-06
28, 71, 0, 2.75e-06, 1.7599999999999999e-06
28, 72, 0, 3.33e-06, 2.1312e-06
28, 73, 0, 2.35e-06, 1.5040000000000001e-06
28, 74, 0, 2.0599999999999998e-06, 1.3184000000000002e-06
28, 75, 0, 4.849999999999999e-07, 3.1040000000000003e-07
28, 76, 0, 3.15e-07, 2.016e-07
28, 77, 0, 9.450000000000001e-07, 6.048e-07
28, 78, 0, 2.14e-07, 1.3695999999999998e-07
28, 79, 0, 9.80283e-08, 6.27381e-08
28, 80, 0, 1.94e-09, 1.2416000000000001e-09
28, 81, 0, 2.0148299999999999e-10, 1.28949e-10
28, 82, 0, 2.53e-12, 1.6192000000000002e-12
29, 66, 0, 2.0799999999999998e-07, 9.36e-08
29, 67, 0, 4.1700000000000004e-07, 1.8765e-07
29, 68, 0, 7.26e-07, 3.267e-07
29, 68, 1, 1.5e-08, 9.6e-09
29, 69, 0, 1.56e-06, 7.02e-07
29, 70, 0, 1.36e-06, 8.704e-07
29, 70, 1, 1.73e-06, 1.1072e-06
29, 71, 0, 4.980000000000001e-06, 3.1872e-06
29, 72, 0, 9.76e-06, 6.2464e-06
29, 73, 0, 1.27e-05, 8.127999999999999e-06
29, 74, 0, 2.31e-05, 1.4784000000000001e-05
29, 75, 0, 1.1999999999999999e-05, 7.68e-06
29, 76, 0, 1.84e-05, 1.1776e-05
29, 77, 0, 0.000132, 8.448e-05
29, 78, 0, 7.52e-05, 4.8128000000000004e-05
29, 79, 0, 2.17e-05, 1.3888000000000002e-05
29, 80, 0, 4.36e-06, 2.7904e-06
29, 81, 0, 5.3e-07, 3.3919999999999997e-07
29, 82, 0, 3.86e-08, 2.4704e-08
29, 83, 0, 1.63132e-09, 1.04405e-09
29, 84, 0, 8.16579e-11, 5.2261000000000004e-11
30, 66, 0, 2.0799999999999998e-07, 6.656e-08
30, 67, 0, 4.1700000000000004e-07, 1.3344e-07
30, 68, 0, 7.33e-07, 2.3455999999999998e-07
30, 69, 0, 1.56e-06, 7.02e-07
30, 69, 1, 2.43e-09, 1.5552000000000002e-09
30, 70, 0, 3.12e-06, 7.176e-07
30, 71, 0, 5.02e-06, 2.259e-06
30, 71, 1, 1.95e-07, 1.248e-07
30, 72, 0, 1.13e-05, 5.0850000000000004e-06
30, 73, 0, 1.83e-05, 1.1712e-05
30, 74, 0, 4.85e-05, 3.1039999999999994e-05
30, 75, 0, 4.22e-05, 2.7008e-05
30, 76, 0, 0.000126, 8.064e-05
30, 77, 0, 0.0019069999999999998, 0.0012204800000000001
30, 78, 0, 0.0024850000000000002, 0.0015903999999999998
30, 79, 0, 0.001719, 0.00110016
30, 80, 0, 0.000833, 0.00053312
30, 81, 0, 0.000256, 0.00016384
30, 82, 0, 4.76e-05, 3.0464000000000002e-05
30, 83, 0, 6.9499999999999995e-06, 4.448e-06
30, 84, 0, 4.1000000000000004e-07, 2.624e-07
30, 85, 0, 3.59628e-08, 2.30162e-08
30, 86, 0, 1.0699999999999998e-09, 6.848e-10
31, 69, 0, 1.56e-06, 4.992e-07
31, 70, 0, 1.46e-10, 9.343999999999999e-11
31, 71, 0, 5.22e-06, 1.6704e-06
31, 72, 1, 2.095e-08, 1.3407999999999998e-08
31, 72, 0, 1.1400000000000001e-05, 7.296e-06
31, 73, 0, 1.8599999999999998e-05, 8.37e-06
31, 74, 1, 3.82e-05, 2.4447999999999997e-05
31, 74, 0, 4.265e-05, 2.7295999999999998e-05
31, 75, 0, 5.19e-05, 2.3355e-05
31, 76, 0, 0.000203, 9.135e-05
31, 77, 0, 0.004659, 0.00209655
31, 78, 0, 0.010868, 0.00695552
31, 79, 0, 0.015134, 0.00968576
31, 80, 0, 0.015832, 0.0101325
31, 81, 0, 0.011345000000000001, 0.0072607999999999995
31, 82, 0, 0.005129, 0.00328256
31, 83, 0, 0.001866, 0.0011942399999999998
31, 84, 0, 0.000286, 0.00018304
31, 85, 0, 9.460000000000001e-05, 6.0544e-05
31, 86, 0, 5.77e-06, 3.6927999999999996e-06
31, 87, 0, 8.42654e-08, 5.3929799999999996e-08
31, 88, 0, 5.59655e-09, 3.5817900000000003e-09
31, 89, 0, 1.27983e-09, 8.190939999999999e-10
32, 70, 0, 1.46e-10, 9.343999999999999e-11
32, 71, 0, 2.43e-12, 1.5552e-12
32, 71, 1, 1.21e-12, 7.744e-13
32, 72, 0, 1.1400000000000001e-05, 3.648e-06
32, 73, 0, 1.8599999999999998e-05, 4.278e-06
32, 73, 1, 1.8599999999999998e-05, 5.952e-06
32, 74, 0, 5.22e-05, 1.6703999999999998e-05
32, 75, 0, 5.22e-05, 2.349e-05
32, 75, 1, 2.37e-06, 1.0665e-06
32, 76, 0, 0.00020899999999999998, 6.688e-05
32, 77, 0, 0.001881, 0.00084645
32, 77, 1, 0.004167, 0.00266688
32, 78, 0, 0.014403, 0.00648135
32, 79, 1, 0.00708397, 0.00453374
32, 79, 0, 0.0210454, 0.0134691
32, 80, 0, 0.047656000000000004, 0.0304998
32, 81, 0, 0.061981999999999995, 0.039668499999999995
32, 82, 0, 0.058739, 0.037593
32, 83, 0, 0.047139, 0.030169
32, 84, 0, 0.017936, 0.011479
32, 85, 0, 0.015658, 0.010021100000000002
32, 86, 0, 0.002583, 0.00165312
32, 87, 0, 0.000359, 0.00022975999999999997
32, 88, 0, 2.81e-05, 1.7984e-05
32, 89, 0, 5.45254e-06, 3.48963e-06
32, 90, 0, 2.41939e-08, 1.54841e-08
32, 91, 0, 4.673589999999999e-09, 2.9910999999999997e-09
33, 73, 0, 1.0299999999999999e-12, 6.592e-13
33, 74, 0, 6.92e-11, 4.4288e-11
33, 74, 1, 4.8399999999999996e-11, 3.0976e-11
33, 75, 0, 5.22e-05, 1.6703999999999998e-05
33, 76, 0, 5.12e-08, 3.2768e-08
33, 77, 0, 0.005183, 0.00165856
33, 78, 0, 0.014568, 0.006555599999999999
33, 79, 0, 0.029234, 0.0131553
33, 80, 0, 0.05521499999999999, 0.024846800000000002
33, 81, 0, 0.090198, 0.0577267
33, 82, 0, 0.091764, 0.058728999999999996
33, 82, 1, 0.033035999999999996, 0.021143
33, 83, 0, 0.17493999999999998, 0.111962
33, 84, 1, 0.0558635, 0.0357527
33, 84, 0, 0.0754425, 0.0482832
33, 85, 0, 0.259343, 0.16598
33, 86, 0, 0.10662, 0.0682368
33, 87, 0, 0.038651, 0.0247366
33, 88, 0, 0.008309, 0.0053177599999999995
33, 89, 0, 0.001207, 0.00077248
33, 90, 0, 5.4003e-05, 3.4561900000000005e-05
33, 91, 0, 1.2293900000000001e-05, 7.86807e-06
33, 92, 0, 8.6637e-08, 5.54477e-08
33, 93, 0, 1.16256e-08, 7.44038e-09
34, 74, 0, 2.2599999999999998e-11, 1.017e-11
34, 76, 0, 5.1299999999999996e-08, 3.2832e-08
34, 77, 0, 0.005183, 0.00119209
34, 77, 1, 1.56e-05, 4.992e-06
34, 78, 0, 0.014569, 0.00466208
34, 79, 0, 0.029249, 0.013162100000000001
34, 79, 1, 0.029236, 0.0131562
34, 80, 0, 0.055415, 0.0177328
34, 81, 0, 0.091977, 0.0413897
34, 81, 1, 0.001547, 0.00099008
34, 82, 0, 0.134493, 0.0430378
34, 83, 0, 0.097313, 0.0437909
34, 83, 1, 0.12001500000000001, 0.0540068
34, 84, 0, 0.346086, 0.15573900000000002
34, 85, 0, 0.35077200000000003, 0.224494
34, 85, 1, 0.225817, 0.144523
34, 86, 0, 0.560026, 0.358417
34, 87, 0, 0.425758, 0.272485
34, 88, 0, 0.23458099999999998, 0.150132
34, 89, 0, 0.089251, 0.0571207
34, 90, 0, 0.022768, 0.014571500000000001
34, 91, 0, 0.0044, 0.002816
34, 92, 0, 0.000435, 0.0002784
34, 93, 0, 4.95291e-05, 3.16987e-05
34, 94, 0, 1.38e-06, 8.832e-07
34, 95, 0, 3.51974e-08, 2.25263e-08
34, 96, 0, 1.03e-09, 6.592000000000001e-10
35, 77, 0, 2.49e-12, 1.5936e-12
35, 77, 1, 1.92e-12, 1.2288e-12
35, 78, 0, 2.72e-10, 1.7408e-10
35, 79, 0, 0.029249, 0.00935968
35, 79, 1, 1.13e-08, 7.232e-09
35, 80, 0, 4.779999999999999e-07, 3.0592e-07
35, 80, 1, 3.58e-07, 2.2912e-07
35, 81, 0, 0.091987, 0.029435799999999998
35, 82, 0, 0.000144, 9.216e-05
35, 82, 1, 4.37e-05, 2.7967999999999997e-05
35, 83, 0, 0.218874, 0.0700397
35, 84, 0, 0.348796, 0.15695800000000001
35, 84, 1, 0.004818, 0.0030835199999999998
35, 85, 0, 0.672576, 0.10761200000000001
35, 86, 0, 0.6766490000000001, 0.304492
35, 86, 1, 0.117312, 0.0750797
35, 87, 0, 0.892063, 0.20517500000000002
35, 88, 0, 0.896928, 0.40361800000000003
35, 89, 0, 0.736406, 0.331383
35, 90, 0, 0.45281999999999994, 0.28980500000000003
35, 91, 0, 0.22334199999999998, 0.142939
35, 92, 0, 0.060895000000000005, 0.0389728
35, 93, 0, 0.010964, 0.00701696
35, 94, 0, 0.001463, 0.00093632
35, 95, 0, 9.25867e-05, 5.9255499999999995e-05
35, 96, 0, 8.34e-06, 5.3376e-06
35, 97, 0, 1.521e-07, 9.734410000000001e-08
35, 98, 0, 9.97819e-09, 6.38604e-09
36, 79, 1, 5.75e-13, 3.68e-13
36, 79, 0, 1.15e-12, 7.36e-13
36, 80, 0, 4.779999999999999e-07, 3.0592e-07
36, 81, 0, 5.55e-09, 3.5519999999999997e-09
36, 81, 1, 7.21e-10, 4.6144e-10
36, 82, 0, 0.000146, 9.344e-05
36, 83, 0, 0.218879, 0.050342200000000004
36, 83, 1, 0.21887500000000001, 0.07004
36, 84, 0, 0.353679, 0.113177
36, 85, 0, 0.13624, 0.0108992
36, 85, 1, 0.672994, 0.0538395
36, 86, 0, 0.8303879999999999, 0.265724
36, 87, 0, 0.998596, 0.0798877
36, 88, 0, 1.17097, 0.0936773
36, 89, 0, 1.2861, 0.295803
36, 90, 0, 1.2904, 0.58068
36, 91, 0, 1.3517899999999998, 0.31091199999999997
36, 92, 0, 0.8529439999999999, 0.383825
36, 93, 0, 0.394535, 0.252502
36, 94, 0, 0.136631, 0.08744389999999999
36, 95, 0, 0.033137, 0.0212077
36, 96, 0, 0.005537, 0.00354368
36, 97, 0, 0.000648, 0.00041472
36, 98, 0, 5.0100000000000005e-05, 3.2063999999999997e-05
36, 99, 0, 2.71802e-07, 1.7395300000000002e-07
36, 100, 0, 9.630000000000001e-08, 6.1632e-08
36, 101, 0, 1.0502799999999999e-08, 6.72181e-09
37, 83, 0, 1.47e-09, 9.408e-10
37, 84, 0, 4.8999999999999995e-08, 3.136e-08
37, 85, 0, 0.674781, 0.026991199999999996
37, 86, 1, 3.875e-05, 2.48e-05
37, 86, 0, 7.75e-05, 4.96e-05
37, 87, 0, 0.9996929999999999, 0.07997549999999999
37, 88, 0, 1.18078, 0.0944624
37, 89, 0, 1.34534, 0.147987
37, 90, 0, 1.20211, 0.384675
37, 90, 1, 0.33337300000000003, 0.213359
37, 91, 0, 2.0714099999999998, 0.331426
37, 92, 0, 2.13409, 0.34145400000000004
37, 93, 0, 1.85421, 0.42646799999999996
37, 94, 0, 1.37904, 0.31717999999999996
37, 95, 0, 0.801643, 0.360739
37, 96, 0, 0.33145, 0.212128
37, 97, 0, 0.097421, 0.062349499999999995
37, 98, 0, 0.019396, 0.0124134
37, 99, 0, 0.000714974, 0.000457584
37, 100, 0, 0.000258, 0.00016512
37, 101, 0, 2.76277e-05, 1.7681699999999997e-05
37, 102, 0, 2.2047600000000002e-07, 1.41105e-07
37, 103, 0, 3.25313e-08, 2.082e-08
37, 104, 0, 9.10187e-10, 5.82519e-10
38, 84, 0, 1.47e-09, 9.408e-10
38, 85, 1, 3.8849999999999995e-10, 2.4864e-10
38, 85, 0, 7.27661e-10, 4.657030000000001e-10
38, 86, 0, 7.75e-05, 4.96e-05
38, 87, 0, 0.9996949999999999, 0.0799756
38, 87, 1, 2.77e-07, 7.756e-09
38, 88, 0, 1.18082, 0.0944653
38, 89, 0, 1.34595, 0.148054
38, 90, 0, 1.5333599999999998, 0.49067399999999994
38, 91, 0, 2.1238099999999998, 0.169905
38, 92, 0, 2.39255, 0.263181
38, 93, 0, 2.61334, 0.41813500000000003
38, 94, 0, 2.65314, 0.424503
38, 95, 0, 2.75422, 0.6334700000000001
38, 96, 0, 2.28703, 0.526017
38, 97, 0, 1.47087, 0.3383
38, 98, 0, 0.69847, 0.31431200000000004
38, 99, 0, 0.25589100000000004, 0.16377
38, 100, 0, 0.058364, 0.037353000000000004
38, 101, 0, 0.009888000000000001, 0.00632832
38, 102, 0, 0.0011070000000000001, 0.00070848
38, 103, 0, 0.000138595, 8.87007e-05
38, 104, 0, 4.57e-06, 2.9248000000000004e-06
38, 105, 0, 8.36848e-08, 5.355829999999999e-08
38, 106, 0, 1.2831200000000002e-08, 8.211990000000001e-09
39, 87, 0, 1.58e-10, 1.0112e-10
39, 88, 0, 1.14e-08, 7.296e-09
39, 89, 0, 1.34595, 0.148054
39, 89, 1, 0.000135, 1.4850000000000002e-05
39, 90, 1, 8.25e-06, 5.28e-06
39, 90, 0, 1.5333700000000001, 0.9813580000000001
39, 91, 1, 1.232, 0.7884769999999999
39, 91, 0, 2.12418, 1.35947
39, 92, 0, 2.3974100000000003, 0.191793
39, 93, 1, 0.921425, 0.589712
39, 93, 0, 2.64776, 1.6945700000000001
39, 94, 0, 2.82466, 0.310713
39, 95, 0, 3.37183, 0.539492
39, 96, 0, 3.7324900000000003, 0.597198
39, 96, 1, 1.30092, 0.299212
39, 97, 0, 3.77966, 0.604746
39, 98, 0, 1.98746, 0.457116
39, 98, 1, 1.2891599999999999, 0.296506
39, 99, 0, 2.51777, 0.579088
39, 100, 0, 1.2921500000000001, 0.297194
39, 101, 0, 0.516088, 0.23224
39, 102, 0, 0.147744, 0.0945562
39, 103, 0, 0.03068, 0.019635200000000002
39, 104, 0, 0.0040809999999999996, 0.0026118400000000003
39, 105, 0, 0.000220133, 0.00014088500000000002
39, 106, 0, 2.86405e-05, 1.8329900000000002e-05
39, 107, 0, 1.38094e-07, 8.838e-08
39, 108, 0, 1.67299e-08, 1.07071e-08
39, 109, 0, 3.6422800000000004e-09, 2.33106e-09
40, 89, 0, 3.92e-11, 2.5088e-11
40, 90, 1, 1.7199999999999999e-09, 1.1008e-09
40, 90, 0, 1.5333700000000001, 0.9813580000000001
40, 91, 0, 2.12418, 0.169934
40, 92, 0, 2.3974200000000003, 0.191794
40, 93, 0, 2.64793, 0.29127200000000003
40, 94, 0, 2.82693, 0.310963
40, 95, 0, 3.39295, 0.271436
40, 96, 0, 3.85654, 0.617046
40, 97, 0, 4.2407, 0.339256
40, 98, 0, 4.50271, 0.720433
40, 99, 0, 4.83453, 0.773525
40, 100, 0, 4.2005, 0.966116
40, 101, 0, 3.22006, 0.740614
40, 102, 0, 2.0404999999999998, 0.469316
40, 103, 0, 0.99345, 0.44705300000000003
40, 104, 0, 0.323258, 0.206885
40, 105, 0, 0.07878600000000001, 0.0504231
40, 106, 0, 0.012074999999999999, 0.0077280000000000005
40, 107, 0, 0.000588328, 0.00037653000000000003
40, 108, 0, 8.4e-05, 5.376000000000001e-05
40, 109, 0, 1.55174e-05, 9.93113e-06
41, 91, 0, 1.05e-11, 6.72e-12
41, 92, 0, 1.21e-09, 7.743999999999999e-10
41, 93, 0, 2.64793, 0.29127200000000003
41, 93, 1, 2.51553, 0.276708
41, 94, 0, 2.6e-06, 1.6639999999999999e-06
41, 94, 1, 1.07e-06, 6.848e-07
41, 95, 0, 3.39302, 0.271441
41, 95, 1, 0.033942, 0.00271536
41, 96, 0, 0.00101, 0.0006464
41, 97, 0, 4.25028, 0.255017
41, 97, 1, 3.98808, 0.319046
41, 98, 0, 4.54825, 0.7277210000000001
41, 98, 1, 0.015182, 0.00971648
41, 99, 0, 3.40736, 0.5451779999999999
41, 99, 1, 1.7169699999999999, 0.394903
41, 100, 0, 2.5192300000000003, 0.579424
41, 100, 1, 2.5192300000000003, 0.579424
41, 101, 0, 4.95686, 0.7930980000000001
41, 102, 1, 1.40773, 0.900945
41, 102, 0, 3.44823, 2.20687
41, 103, 0, 4.26514, 0.980982
41, 104, 1, 1.2633699999999999, 0.808556
41, 104, 0, 1.5869000000000002, 1.01561
41, 105, 0, 1.57071, 0.361263
41, 106, 0, 0.574894, 0.25870200000000004
41, 107, 0, 0.13023500000000002, 0.0833504
41, 108, 0, 0.023663, 0.0151443
41, 109, 0, 0.003435, 0.0021984
41, 110, 0, 7.759999999999999e-10, 4.966400000000001e-10
41, 111, 0, 3.96232e-12, 2.53589e-12
41, 112, 0, 1.77419e-13, 1.1354800000000001e-13
41, 113, 0, 1.17865e-13, 7.54335e-14
41, 116, 0, 5.7758e-09, 3.6965099999999997e-09
42, 93, 1, 1.1350000000000001e-12, 7.264e-13
42, 93, 0, 2.2700000000000002e-12, 1.4528e-12
42, 94, 0, 2.6e-06, 1.6639999999999999e-06
42, 95, 0, 3.39302, 0.271441
42, 96, 0, 0.00101, 0.0006464
42, 97, 0, 4.250290000000001, 0.255018
42, 98, 0, 4.56373, 0.5020100000000001
42, 99, 0, 5.12793, 0.410235
42, 100, 0, 5.0644599999999995, 0.8103130000000001
42, 101, 0, 5.08502, 0.8136040000000001
42, 102, 0, 5.35937, 0.8574989999999999
42, 103, 0, 5.6143600000000005, 0.8982979999999999
42, 104, 0, 5.24646, 0.839433
42, 105, 0, 4.71713, 1.08494
42, 106, 0, 3.3262300000000002, 0.765034
42, 107, 0, 1.60017, 0.36804
42, 108, 0, 0.638937, 0.287522
42, 109, 0, 0.210779, 0.134899
42, 110, 0, 0.0010710000000000001, 0.00068544
42, 111, 0, 0.000101, 6.463999999999999e-05
42, 112, 0, 5.33e-06, 3.4112e-06
42, 113, 0, 3.00439e-06, 1.92281e-06
42, 114, 0, 6.54e-09, 4.1856e-09
42, 115, 0, 1.8821999999999998e-12, 1.20461e-12
42, 116, 0, 2.8999999999999997e-05, 1.856e-05
42, 117, 0, 3.85666e-08, 2.46827e-08
42, 118, 0, 3.56087e-09, 2.27896e-09
43, 97, 1, 1.3849999999999999e-09, 8.864e-10
43, 97, 0, 2.7699999999999997e-09, 1.7728e-09
43, 98, 0, 1.2199999999999998e-07, 7.808000000000001e-08
43, 99, 0, 5.127940000000001, 0.307676
43, 99, 1, 4.51258, 0.270755
43, 100, 0, 7.4e-05, 4.736e-05
43, 101, 0, 5.08594, 0.559454
43, 102, 0, 0.27286900000000003, 0.0436591
43, 102, 1, 5.3640300000000005, 0.858245
43, 103, 0, 5.67621, 0.624383
43, 104, 0, 5.50653, 0.605718
43, 105, 0, 5.52813, 0.8845000000000001
43, 106, 0, 4.95396, 0.7926340000000001
43, 107, 0, 3.52772, 0.564435
43, 108, 0, 2.4015999999999997, 0.552369
43, 109, 0, 1.5003499999999999, 0.34508
43, 110, 0, 0.757516, 0.340882
43, 111, 0, 0.325349, 0.208223
43, 112, 0, 0.08892499999999999, 0.056912
43, 113, 0, 0.019845, 0.012700799999999998
43, 114, 0, 0.002783, 0.00178112
43, 115, 0, 2.9618800000000002e-05, 1.8956e-05
43, 116, 0, 0.007796000000000001, 0.00498944
43, 117, 0, 0.000101449, 6.492769999999999e-05
43, 118, 0, 7.94817e-06, 5.08683e-06
43, 119, 0, 3.54431e-08, 2.26836e-08
43, 120, 0, 7.52846e-10, 4.81821e-10
44, 98, 0, 1.2199999999999998e-07, 7.808000000000001e-08
44, 99, 0, 5.127940000000001, 0.307676
44, 100, 0, 7.4e-05, 4.736e-05
44, 101, 0, 5.08594, 0.559454
44, 102, 0, 5.36872, 0.8589950000000001
44, 103, 0, 5.67648, 0.45411799999999997
44, 104, 0, 5.50941, 0.606035
44, 105, 0, 5.5507599999999995, 0.44406100000000004
44, 106, 0, 5.06374, 0.810199
44, 107, 0, 3.82977, 0.6127630000000001
44, 108, 0, 3.0159499999999997, 0.69367
44, 109, 1, 0.47967, 0.306989
44, 109, 0, 1.9834, 1.26938
44, 110, 0, 2.31074, 0.531471
44, 111, 0, 2.15457, 0.49555099999999996
44, 112, 0, 1.7004299999999999, 0.391099
44, 113, 0, 1.27651, 0.293596
44, 114, 0, 0.697866, 0.31404
44, 115, 0, 0.31689, 0.20281000000000002
44, 116, 0, 0.20137800000000003, 0.128882
44, 117, 0, 0.036309, 0.0232378
44, 118, 0, 0.0033510000000000002, 0.0021446399999999997
44, 119, 0, 0.00015099999999999998, 9.664e-05
44, 120, 0, 3.7800000000000002e-06, 2.4192e-06
44, 121, 0, 3.72933e-08, 2.3867700000000003e-08
44, 122, 0, 4.1899999999999995e-10, 2.6816e-10
45, 101, 0, 7.54e-12, 4.8256e-12
45, 101, 1, 2.25e-11, 1.44e-11
45, 102, 0, 1.0499999999999999e-09, 6.72e-10
45, 102, 1, 1.0499999999999999e-09, 6.72e-10
45, 103, 0, 5.67648, 0.45411799999999997
45, 103, 1, 5.6197099999999995, 0.44957699999999995
45, 104, 0, 2.76e-06, 1.7664e-06
45, 104, 1, 2.08e-06, 1.3312e-06
45, 105, 0, 5.550809999999999, 0.33304900000000004
45, 105, 1, 1.49871, 0.11989699999999999
45, 106, 0, 5.0641, 0.810256
45, 106, 1, 0.000357, 0.00022848
45, 107, 0, 3.8346400000000003, 0.42180999999999996
45, 108, 0, 3.02766, 0.696361
45, 108, 1, 0.011702, 0.00748928
45, 109, 0, 2.54592, 1.62939
45, 109, 1, 1.0331299999999999, 0.6612009999999999
45, 110, 0, 2.3202, 0.533645
45, 110, 1, 0.009452, 0.00604928
45, 111, 0, 2.23418, 0.513862
45, 112, 0, 1.9323199999999998, 0.309172
45, 113, 0, 1.77964, 0.40931700000000004
45, 114, 0, 1.42224, 0.455117
45, 115, 0, 1.2203600000000001, 0.390517
45, 116, 0, 0.732785, 0.32975299999999996
45, 117, 0, 0.37934, 0.242778
45, 118, 0, 0.116071, 0.07428549999999999
45, 119, 0, 0.018776, 0.0120166
45, 120, 0, 0.001779, 0.00113856
45, 121, 0, 9.81e-05, 6.2784e-05
45, 122, 0, 2.8500000000000002e-06, 1.824e-06
45, 123, 0, 4.1200000000000005e-08, 2.6368e-08
46, 102, 0, 1.68e-10, 1.0752e-10
46, 103, 0, 2.8100000000000003e-12, 1.7983999999999999e-12
46, 104, 0, 2.75e-06, 1.7599999999999999e-06
46, 105, 0, 5.550809999999999, 0.33304900000000004
46, 106, 0, 5.0644599999999995, 0.8103130000000001
46, 107, 0, 3.83465, 0.421811
46, 107, 1, 4.52e-06, 2.8928e-06
46, 108, 0, 3.03944, 0.48631100000000005
46, 109, 0, 2.5466200000000003, 1.6298400000000002
46, 109, 1, 0.00045700000000000005, 0.00029248
46, 110, 0, 2.32965, 0.37274399999999996
46, 111, 0, 2.23143, 0.513229
46, 111, 1, 0.009609, 0.00221007
46, 112, 0, 1.9323799999999998, 0.15459
46, 113, 0, 1.78017, 0.284827
46, 114, 0, 1.4255200000000001, 0.45616700000000004
46, 115, 0, 1.23739, 0.39596600000000004
46, 116, 0, 0.9099269999999999, 0.291177
46, 117, 0, 0.759635, 0.34183600000000003
46, 118, 0, 0.5244719999999999, 0.33566199999999996
46, 119, 0, 0.243566, 0.155882
46, 120, 0, 0.077154, 0.049378599999999995
46, 121, 0, 0.014757999999999999, 0.00944512
46, 122, 0, 0.00159, 0.0010176
46, 123, 0, 8.59e-05, 5.4976e-05
46, 130, 0, 1.06e-10, 6.784e-11
47, 106, 0, 5.310000000000001e-12, 3.3983999999999997e-12
47, 106, 1, 1.24e-11, 7.936e-12
47, 107, 0, 3.83465, 0.421811
47, 107, 1, 7.07e-10, 4.5248e-10
47, 108, 1, 1.23e-08, 7.872e-09
47, 108, 0, 1.33701e-08, 8.55687e-09
47, 109, 1, 2.5454, 1.62906
47, 109, 0, 2.5466200000000003, 1.6298400000000002
47, 111, 0, 2.2275300000000002, 0.245029
47, 111, 1, 2.21789, 0.510116
47, 112, 0, 1.9323799999999998, 0.15459
47, 113, 0, 1.6021500000000002, 0.176237
47, 113, 1, 0.178017, 0.0409439
47, 114, 0, 1.4255200000000001, 0.45616700000000004
47, 115, 0, 0.9032969999999999, 0.289055
47, 115, 1, 0.334096, 0.106911
47, 116, 0, 0.45819299999999996, 0.146622
47, 116, 1, 0.45819299999999996, 0.146622
47, 117, 0, 0.404822, 0.18217
47, 117, 1, 0.404822, 0.18217
47, 118, 0, 0.5138539999999999, 0.231234
47, 118, 1, 0.351955, 0.15838
47, 119, 0, 0.557505, 0.250877
47, 120, 1, 0.169309, 0.10835700000000001
47, 120, 0, 0.309107, 0.19782799999999998
47, 121, 0, 0.226481, 0.144948
47, 122, 1, 0.0396925, 0.0254032
47, 122, 0, 0.0412825, 0.026420799999999998
47, 123, 0, 0.01527, 0.0097728
47, 124, 0, 2.26e-06, 1.4464e-06
47, 125, 0, 1.31e-07, 8.384e-08
47, 126, 0, 5.11e-09, 3.2704e-09
47, 127, 0, 1.3e-10, 8.32e-11
47, 128, 0, 2.04e-12, 1.3056e-12
47, 129, 0, 5.33541e-14, 3.41466e-14
47, 130, 0, 1.39e-06, 8.896e-07
47, 131, 0, 2.91056e-08, 1.8627599999999998e-08
47, 132, 0, 1.7904999999999998e-09, 1.1459200000000001e-09
48, 108, 0, 2.41e-08, 1.5424e-08
48, 109, 0, 3.03e-11, 1.9391999999999998e-11
48, 111, 0, 2.2341900000000003, 0.178735
48, 112, 0, 1.9323799999999998, 0.15459
48, 113, 0, 1.75936, 0.14074899999999999
48, 113, 1, 0.020828, 0.00229108
48, 114, 0, 1.4255200000000001, 0.32787
48, 115, 0, 1.1348799999999999, 0.124836
48, 115, 1, 0.10251800000000001, 0.023579100000000002
48, 116, 0, 0.916407, 0.210774
48, 117, 0, 0.607387, 0.19436399999999998
48, 117, 1, 0.20292499999999997, 0.0913163
48, 118, 0, 0.71272, 0.22807
48, 119, 0, 0.305014, 0.13725600000000002
48, 119, 1, 0.305014, 0.13725600000000002
48, 120, 0, 0.599547, 0.26979600000000004
48, 121, 1, 0.17493299999999998, 0.111957
48, 121, 0, 0.401563, 0.257
48, 122, 0, 0.49583400000000005, 0.317334
48, 123, 0, 0.272025, 0.174096
48, 124, 0, 0.043871999999999994, 0.0280781
48, 125, 0, 0.012735, 0.0081504
48, 126, 0, 0.0025429999999999997, 0.00162752
48, 127, 0, 0.000337, 0.00021568
48, 128, 0, 3.27e-05, 2.0928e-05
48, 129, 0, 1.36e-06, 8.704e-07
48, 130, 0, 0.001473, 0.00094272
48, 131, 0, 0.000124, 7.936e-05
48, 132, 0, 8.99e-06, 5.7536e-06
48, 133, 0, 2.0566499999999998e-07, 1.3162500000000002e-07
48, 134, 0, 5.24e-09, 3.3536e-09
49, 113, 0, 1.78017, 0.10681
49, 115, 0, 1.1954, 0.131494
49, 115, 1, 1.13489, 0.12483699999999999
49, 116, 2, 2.05333e-09, 1.31413e-09
49, 116, 0, 2.05333e-09, 1.31413e-09
49, 116, 1, 4.10667e-09, 2.62827e-09
49, 117, 0, 0.513075, 0.118007
49, 117, 1, 0.560825, 0.17946399999999998
49, 118, 2, 5.1e-06, 3.264e-06
49, 118, 0, 0.712751, 0.22808
49, 118, 1, 1.01235e-05, 6.4790399999999995e-06
49, 119, 0, 0.321009, 0.144454
49, 119, 1, 0.305187, 0.137334
49, 120, 0, 0.305436, 0.137446
49, 120, 1, 0.305436, 0.137446
49, 121, 0, 0.236324, 0.151247
49, 121, 1, 0.414796, 0.26547
49, 122, 0, 0.626322, 0.281845
49, 122, 1, 0.130489, 0.083513
49, 123, 0, 0.6078870000000001, 0.389048
49, 123, 1, 0.156024, 0.09985541
49, 124, 1, 0.445276, 0.284976
49, 124, 0, 0.489148, 0.313054
49, 125, 0, 0.46616799999999997, 0.298348
49, 125, 1, 0.46107400000000004, 0.295087
49, 126, 1, 0.36644, 0.23452199999999998
49, 126, 0, 0.363897, 0.232894
49, 127, 0, 0.211046, 0.13506900000000002
49, 127, 1, 0.211046, 0.13506900000000002
49, 128, 1, 0.11059, 0.0707776
49, 128, 0, 0.110623, 0.07079869999999999
49, 129, 0, 0.028303, 0.0181139
49, 129, 1, 0.028301999999999997, 0.0181133
49, 130, 0, 0.137588, 0.0880563
49, 131, 0, 0.031672, 0.0202701
49, 132, 0, 0.006431, 0.00411584
49, 133, 0, 0.000541, 0.00034624
49, 134, 0, 3.13e-05, 2.0032e-05
49, 135, 0, 3.94569e-07, 2.52524e-07
49, 136, 0, 2.76e-08, 1.7664e-08
49, 137, 0, 1.21586e-09, 7.78152e-10
50, 115, 0, 1.23739, 0.13611299999999998
50, 116, 0, 6.16e-09, 2.772e-09
50, 117, 1, 0.0016418399999999999, 0.0010507799999999999
50, 117, 0, 0.810312, 0.5186
50, 118, 0, 0.7127610000000001, 0.163935
50, 119, 0, 0.610938, 0.140516
50, 119, 1, 0.016052, 0.0072234
50, 120, 0, 0.610938, 0.140516
50, 121, 0, 0.6413829999999999, 0.410485
50, 121, 1, 0.027736599999999997, 0.0177514
50, 122, 0, 0.775646, 0.24820699999999998
50, 123, 0, 0.080872, 0.0517581
50, 123, 1, 0.796943, 0.255022
50, 124, 0, 1.0763099999999999, 0.24755200000000002
50, 125, 0, 0.748839, 0.336978
50, 125, 1, 0.580118, 0.261053
50, 126, 0, 1.56154, 0.499693
50, 127, 0, 1.49034, 0.163937
50, 127, 1, 0.470625, 0.30119999999999997
50, 128, 1, 1.0406900000000001, 0.666043
50, 128, 0, 2.30329, 1.4741
50, 129, 0, 1.52082, 0.349788
50, 129, 1, 0.599113, 0.269601
50, 130, 1, 0.6687150000000001, 0.42797699999999994
50, 130, 0, 0.725654, 0.46441800000000005
50, 131, 1, 0.377005, 0.241283
50, 131, 0, 0.40533, 0.259411
50, 132, 0, 0.41245400000000004, 0.263971
50, 133, 0, 0.096332, 0.061652500000000006
50, 134, 0, 0.015494, 0.00991616
50, 135, 0, 0.001681, 0.00107584
50, 136, 0, 0.00010499999999999999, 6.72e-05
50, 137, 0, 5.18e-06, 3.3151999999999996e-06
50, 138, 0, 1.8e-07, 1.152e-07
50, 139, 0, 1.00361e-08, 6.42312e-09
51, 119, 0, 1.7599999999999999e-10, 1.1264e-10
51, 120, 0, 1.38e-08, 8.832e-09
51, 120, 1, 1.98e-08, 1.2672000000000001e-08
51, 121, 0, 0.647598, 0.148948
51, 122, 0, 0.000132, 8.448e-05
51, 122, 1, 6.98e-05, 4.4672e-05
51, 123, 0, 0.880621, 0.202543
51, 124, 0, 3.7500000000000003e-05, 2.3999999999999997e-05
51, 124, 1, 1.88e-05, 1.2032000000000001e-05
51, 125, 0, 1.32945, 0.212711
51, 126, 2, 1.04759, 0.670456
51, 126, 0, 0.220587, 0.0705879
51, 126, 1, 1.56425, 0.50056
51, 127, 0, 1.9862399999999998, 0.21848599999999999
51, 128, 0, 0.145271, 0.09297319999999999
51, 128, 1, 2.40332, 1.53813
51, 129, 0, 2.65892, 0.6115510000000001
51, 130, 0, 1.17393, 0.751315
51, 130, 1, 1.58588, 1.01496
51, 131, 0, 2.7581499999999997, 0.303397
51, 132, 0, 1.73791, 0.39971900000000005
51, 132, 1, 1.31538, 0.302537
51, 133, 0, 1.7185800000000002, 0.395273
51, 134, 1, 0.343893, 0.22009099999999998
51, 134, 0, 0.356552, 0.228193
51, 135, 0, 0.20393299999999998, 0.130517
51, 136, 0, 0.033448, 0.0214067
51, 137, 0, 0.004403, 0.00281792
51, 138, 0, 0.00040300000000000004, 0.00025791999999999997
51, 139, 0, 2.6399999999999998e-05, 1.6896e-05
51, 140, 0, 3.05321e-07, 1.95405e-07
51, 141, 0, 3.63592e-08, 2.32699e-08
51, 142, 0, 1.06354e-09, 6.80668e-10
52, 120, 0, 1.35e-12, 8.64e-13
52, 121, 1, 2.105e-10, 1.3472e-10
52, 121, 0, 3.97003e-10, 2.5408200000000003e-10
52, 122, 0, 0.000128, 8.192e-05
52, 123, 0, 6.24e-06, 3.9936e-06
52, 123, 1, 4.8e-06, 3.072e-06
52, 124, 0, 3.7500000000000003e-05, 2.3999999999999997e-05
52, 125, 0, 1.32945, 0.212711
52, 125, 1, 0.299125, 0.04786
52, 126, 0, 1.56584, 0.360144
52, 127, 0, 1.9786100000000002, 0.158289
52, 127, 1, 0.31779799999999997, 0.034957800000000004
52, 128, 0, 2.46209, 0.39393400000000006
52, 129, 0, 2.4984800000000003, 0.399756
52, 129, 1, 0.441591, 0.101566
52, 130, 0, 2.93546, 0.675157
52, 131, 0, 3.09641, 0.340605
52, 131, 1, 0.7997239999999999, 0.255912
52, 132, 0, 5.10267, 0.142875
52, 133, 0, 2.2769, 0.728608
52, 133, 1, 2.92498, 0.672744
52, 134, 0, 3.9530000000000003, 0.909189
52, 135, 0, 2.56062, 0.4097
52, 136, 0, 1.00055, 0.45024899999999995
52, 137, 0, 0.332042, 0.21250700000000003
52, 138, 0, 0.077124, 0.0493594
52, 139, 0, 0.013035, 0.0083424
52, 140, 0, 0.001533, 0.00098112
52, 141, 0, 0.00015490300000000002, 9.91378e-05
52, 142, 0, 5.3400000000000005e-06, 3.4176e-06
52, 143, 0, 6.15947e-08, 3.94206e-08
52, 144, 0, 8.43833e-09, 5.40053e-09
53, 123, 0, 1.1500000000000002e-09, 7.359999999999999e-10
53, 127, 0, 1.9862399999999998, 0.15889899999999998
53, 129, 0, 2.65921, 0.425474
53, 130, 0, 0.002185, 0.0013984
53, 130, 1, 0.0006860000000000001, 0.00043904
53, 131, 0, 3.78113, 0.226868
53, 132, 1, 0.082371, 0.052717499999999994
53, 132, 0, 5.256530000000001, 3.36418
53, 133, 1, 0.35992799999999997, 0.23035400000000003
53, 133, 0, 5.54148, 3.54655
53, 134, 0, 5.79802, 0.6377820000000001
53, 134, 1, 0.767067, 0.34518
53, 135, 0, 5.82774, 0.466219
53, 136, 0, 2.5446400000000002, 0.585268
53, 136, 1, 1.56005, 0.358813
53, 137, 0, 2.8152, 0.647496
53, 138, 0, 1.4617099999999998, 0.336192
53, 139, 0, 0.59062, 0.265779
53, 140, 0, 0.17319600000000002, 0.110845
53, 141, 0, 0.03429, 0.0219456
53, 142, 0, 0.004215, 0.0026976
53, 143, 0, 0.000162025, 0.00010369599999999999
53, 144, 0, 1.88351e-05, 1.20545e-05
53, 145, 0, 1.58438e-07, 1.014e-07
53, 146, 0, 7.82721e-09, 5.00941e-09
53, 147, 0, 3.6622500000000003e-09, 2.34384e-09
54, 129, 0, 2.65921, 1.7019
54, 130, 0, 0.002291, 0.00146624
54, 131, 0, 3.78122, 0.226873
54, 131, 1, 0.053001999999999994, 0.0031801200000000003
54, 132, 0, 5.26905, 0.147533
54, 133, 0, 5.559349999999999, 3.5579899999999998
54, 133, 1, 0.17228300000000002, 0.110261
54, 134, 0, 5.931100000000001, 0.474488
54, 134, 1, 0.09775999999999999, 0.0625664
54, 135, 0, 6.17175, 0.370305
54, 135, 1, 1.10093, 0.35229699999999997
54, 136, 0, 5.50452, 0.605497
54, 137, 0, 4.922540000000001, 0.787606
54, 138, 0, 4.23167, 0.6770670000000001
54, 139, 0, 3.25837, 0.749425
54, 140, 0, 2.05691, 0.47308999999999996
54, 141, 0, 0.9643010000000001, 0.43393599999999993
54, 142, 0, 0.296391, 0.18969
54, 143, 1, 0.028913499999999998, 0.0185046
54, 143, 0, 0.0290755, 0.0186083
54, 144, 0, 0.007941, 0.00508224
54, 145, 0, 0.0006749999999999999, 0.00043200000000000004
54, 146, 0, 3.93e-05, 2.5152000000000002e-05
54, 147, 0, 1.56025e-05, 9.98559e-06
54, 148, 0, 4.81e-08, 3.0784e-08
54, 149, 0, 3.46589e-09, 2.21817e-09
54, 150, 0, 8.88e-12, 5.6832e-12
55, 131, 0, 2.5000000000000002e-08, 1.5999999999999998e-08
55, 132, 0, 1.26e-06, 8.064e-07
55, 133, 0, 5.5593900000000005, 0.33356399999999997
55, 134, 1, 0.00036500000000000004, 0.0002336
55, 134, 0, 0.0007300000000000001, 0.0004672
55, 135, 1, 0.002906, 0.0018598400000000002
55, 135, 0, 6.17757, 3.95364
55, 136, 1, 0.025766, 0.0164902
55, 136, 0, 0.051532, 0.0329805
55, 137, 0, 5.158320000000001, 0.825332
55, 138, 0, 5.05478, 0.404382
55, 138, 1, 0.6307400000000001, 0.14507
55, 139, 0, 4.79392, 0.527331
55, 140, 0, 4.49875, 0.719801
55, 141, 0, 3.7654300000000003, 0.86605
55, 142, 0, 2.37314, 0.545823
55, 143, 0, 1.08284, 0.249054
55, 144, 0, 0.369127, 0.236241
55, 145, 0, 0.081927, 0.052433299999999995
55, 146, 0, 0.012829, 0.00821056
55, 147, 0, 0.00345384, 0.00221046
55, 148, 0, 0.00011599999999999999, 7.424e-05
55, 149, 0, 9.11701e-06, 5.83489e-06
55, 150, 0, 1.7e-07, 1.088e-07
55, 151, 0, 4.72807e-09, 3.02596e-09
56, 132, 0, 2.7700000000000003e-08, 1.7728e-08
56, 133, 0, 7.329999999999999e-09, 4.6912e-09
56, 134, 0, 0.0007300000000000001, 0.0004672
56, 135, 1, 4.365e-06, 2.7936e-06
56, 135, 0, 6.17758, 3.95365
56, 136, 1, 0.005874590000000001, 0.00375973
56, 136, 0, 0.05173899999999999, 0.033113000000000004
56, 137, 0, 5.1608, 0.825729
56, 137, 1, 4.88153, 0.781045
56, 138, 0, 5.23095, 0.418476
56, 139, 0, 4.89297, 0.391438
56, 140, 0, 4.8734399999999996, 0.38987499999999997
56, 141, 0, 4.78239, 0.7651830000000001
56, 142, 0, 4.13598, 0.661756
56, 143, 0, 3.12508, 0.718768
56, 144, 0, 2.09871, 0.48270300000000005
56, 145, 0, 1.03091, 0.463909
56, 146, 0, 0.39434099999999994, 0.25237800000000005
56, 147, 0, 0.11768600000000001, 0.0753191
56, 148, 0, 0.02392, 0.015308800000000001
56, 149, 0, 0.003263, 0.00208832
56, 150, 0, 0.000263, 0.00016832000000000001
56, 151, 0, 2.01432e-05, 1.2891699999999999e-05
56, 152, 0, 5.259999999999999e-07, 3.3664e-07
56, 153, 0, 1.2735199999999999e-08, 8.15055e-09
56, 154, 0, 2.01e-10, 1.2864e-10
57, 135, 0, 1.0699999999999998e-09, 6.848e-10
57, 137, 0, 2.2700000000000003e-06, 1.4527999999999999e-06
57, 138, 0, 4.43e-05, 2.8352e-05
57, 139, 0, 4.89359, 0.391487
57, 140, 0, 4.879379999999999, 0.292763
57, 141, 0, 4.82302, 0.530532
57, 142, 0, 4.30848, 0.344678
57, 143, 0, 3.6195699999999995, 0.579131
57, 144, 0, 3.1000199999999998, 0.341002
57, 145, 0, 2.34226, 0.53872
57, 146, 1, 0.623788, 0.399224
57, 146, 0, 1.01813, 0.651603
57, 147, 0, 1.02914, 0.463113
57, 148, 0, 0.48532699999999995, 0.310609
57, 149, 0, 0.166422, 0.10651000000000001
57, 150, 0, 0.035046, 0.0224294
57, 151, 0, 0.004458999999999999, 0.00285376
57, 152, 0, 0.000519, 0.00033216
57, 153, 0, 3.35e-05, 2.1439999999999998e-05
57, 154, 0, 1.44e-06, 9.216e-07
57, 155, 0, 1.78389e-08, 1.14169e-08
57, 156, 0, 8.56412e-10, 5.48104e-10
57, 157, 0, 3.77903e-11, 2.41858e-11
58, 137, 0, 1.68e-10, 1.0752e-10
58, 138, 0, 1.3300000000000001e-05, 8.511999999999999e-06
58, 139, 0, 3.25e-07, 2.0799999999999998e-07
58, 139, 1, 2.3e-07, 1.4720000000000002e-07
58, 140, 0, 4.87939, 0.292763
58, 141, 0, 4.82317, 0.38585400000000003
58, 142, 0, 4.31017, 0.344814
58, 143, 0, 3.6323399999999997, 0.290587
58, 144, 0, 3.16609, 0.253287
58, 145, 0, 2.55693, 0.588095
58, 146, 0, 2.13493, 0.491035
58, 147, 0, 1.86576, 0.597043
58, 148, 0, 1.48983, 0.342661
58, 149, 0, 1.01759, 0.45791699999999996
58, 150, 0, 0.48424799999999996, 0.309919
58, 151, 0, 0.151031, 0.09665989999999999
58, 152, 0, 0.045156999999999996, 0.0289005
58, 153, 0, 0.007580999999999999, 0.00485184
58, 154, 0, 0.0008430000000000001, 0.0005395199999999999
58, 155, 0, 7.6e-05, 4.864e-05
58, 156, 0, 4.3e-06, 2.752e-06
58, 157, 0, 1.61e-07, 1.0304e-07
58, 158, 0, 4.2699999999999995e-09, 2.7328e-09
58, 159, 0, 1.60806e-10, 1.0291600000000001e-10
59, 139, 0, 1.3799999999999999e-11, 8.832e-12
59, 140, 0, 9.44e-10, 6.0416e-10
59, 141, 0, 4.82317, 0.38585400000000003
59, 142, 1, 7.2e-07, 4.608e-07
59, 142, 0, 1.44e-06, 9.216e-07
59, 143, 0, 3.63237, 0.29059
59, 144, 0, 3.1665, 0.25332000000000005
59, 144, 1, 0.016208, 0.00129664
59, 145, 0, 2.5605599999999997, 0.588929
59, 146, 0, 2.15653, 0.237218
59, 147, 0, 1.95596, 0.625908
59, 148, 1, 0.132127, 0.0845613
59, 148, 0, 1.62196, 1.0380500000000001
59, 149, 0, 1.55397, 0.357412
59, 150, 0, 1.1526399999999999, 0.368844
59, 151, 0, 0.670824, 0.301871
59, 152, 0, 0.43115200000000004, 0.275937
59, 153, 0, 0.167849, 0.107423
59, 154, 0, 0.044959, 0.0287738
59, 155, 0, 0.01014, 0.0064896
59, 156, 0, 0.001472, 0.00094208
59, 157, 0, 0.00014, 8.96e-05
59, 158, 0, 9.58e-06, 6.1312e-06
59, 159, 0, 4.2299999999999996e-07, 2.7072e-07
59, 160, 0, 1.3100000000000001e-08, 8.384e-09
59, 161, 0, 2.1383200000000002e-10, 1.36853e-10
59, 162, 0, 5.97497e-12, 3.8239800000000004e-12
60, 141, 0, 1.18e-12, 7.552e-13
60, 142, 0, 1.44e-06, 9.216e-07
60, 143, 0, 3.63237, 0.29059
60, 144, 0, 3.16651, 0.25332000000000005
60, 145, 0, 2.56057, 0.40969099999999997
60, 146, 0, 2.15662, 0.237228
60, 147, 0, 1.95693, 0.626219
60, 148, 0, 1.7615599999999998, 0.405158
60, 149, 0, 1.5926699999999998, 0.17519300000000002
60, 150, 0, 1.27201, 0.292562
60, 151, 0, 0.8944169999999999, 0.205716
60, 152, 0, 0.8246359999999999, 0.527767
60, 153, 0, 0.547056, 0.35011600000000004
60, 154, 0, 0.285789, 0.182905
60, 155, 0, 0.140045, 0.0896288
60, 156, 0, 0.047522, 0.030414100000000003
60, 157, 0, 0.01086, 0.006950400000000001
60, 158, 0, 0.001832, 0.00117248
60, 159, 0, 0.000204, 0.00013056
60, 160, 0, 1.62e-05, 1.0368e-05
60, 161, 0, 9.11e-07, 5.8304e-07
60, 162, 0, 3e-08, 1.92e-08
60, 163, 0, 6.31e-10, 4.0384e-10
60, 164, 0, 9.73e-12, 6.2272e-12
60, 165, 0, 6.424640000000001e-13, 4.11177e-13
61, 144, 0, 9.88e-12, 6.3232e-12
61, 145, 0, 6.69e-10, 4.2816e-10
61, 146, 0, 3.0599999999999996e-08, 1.9584e-08
61, 147, 0, 1.95693, 0.626219
61, 148, 0, 6.41e-06, 4.1024e-06
61, 148, 1, 1.3500000000000001e-05, 8.64e-06
61, 149, 0, 1.59294, 0.175223
61, 150, 0, 0.002216, 0.00141824
61, 151, 0, 0.9051490000000001, 0.0995664
61, 152, 2, 0.015794, 0.010108200000000001
61, 152, 0, 0.84043, 0.37819400000000003
61, 152, 1, 0.015794, 0.010108200000000001
61, 153, 0, 0.655907, 0.29515800000000003
61, 154, 0, 0.36477699999999996, 0.16415
61, 154, 1, 0.078988, 0.0505523
61, 155, 0, 0.333277, 0.21329700000000001
61, 156, 0, 0.20398999999999998, 0.130554
61, 157, 0, 0.09388400000000001, 0.0600858
61, 158, 0, 0.034838, 0.0222963
61, 159, 0, 0.009049, 0.00579136
61, 160, 0, 0.001745, 0.0011168
61, 161, 0, 0.000239, 0.00015296
61, 162, 0, 1.99e-05, 1.2736e-05
61, 163, 0, 1.05e-06, 6.72e-07
61, 164, 0, 4.2e-08, 2.688e-08
61, 165, 0, 1.6900000000000002e-09, 1.0816e-09
61, 166, 0, 1.5415399999999998e-11, 9.86587e-12
61, 167, 0, 4.97612e-13, 3.1847100000000003e-13
62, 146, 0, 1.07e-08, 6.848e-09
62, 147, 0, 1.95693, 0.450095
62, 148, 0, 1.9299999999999998e-05, 1.2352000000000001e-05
62, 149, 0, 1.59294, 0.175223
62, 150, 0, 0.00222, 0.0014208
62, 151, 0, 0.9051969999999999, 0.09957169999999999
62, 152, 0, 0.872593, 0.27923000000000003
62, 153, 0, 0.659283, 0.296677
62, 154, 0, 0.45568800000000004, 0.14582
62, 155, 0, 0.36778700000000003, 0.16550399999999998
62, 156, 0, 0.268502, 0.120826
62, 157, 0, 0.17009200000000002, 0.108859
62, 158, 0, 0.10218, 0.0653952
62, 159, 0, 0.049655, 0.0317792
62, 160, 0, 0.019995000000000002, 0.0127968
62, 161, 0, 0.006031, 0.00385984
62, 162, 0, 0.001192, 0.00076288
62, 163, 0, 0.00015000000000000001, 9.599999999999999e-05
62, 164, 0, 1.51e-05, 9.664e-06
62, 165, 0, 1.51e-06, 9.664e-07
62, 166, 0, 7.74e-08, 4.9536e-08
62, 167, 0, 2.1199999999999997e-09, 1.3568000000000001e-09
62, 168, 0, 4.9500000000000004e-11, 3.168e-11
62, 169, 0, 1.1670800000000001e-12, 7.46931e-13
63, 149, 0, 7.8e-12, 4.992e-12
63, 151, 0, 0.9051969999999999, 0.09957169999999999
63, 152, 2, 2.03333e-07, 1.3013300000000002e-07
63, 152, 0, 3.05e-07, 1.952e-07
63, 152, 1, 3.05e-07, 1.952e-07
63, 153, 0, 0.659293, 0.21097400000000002
63, 154, 1, 4.375e-05, 2.8000000000000003e-05
63, 154, 0, 8.75e-05, 5.6000000000000006e-05
63, 155, 0, 0.368427, 0.165792
63, 156, 0, 0.271461, 0.12215699999999999
63, 157, 0, 0.178308, 0.0802386
63, 158, 0, 0.118815, 0.053466799999999995
63, 159, 0, 0.07216199999999999, 0.0461837
63, 160, 0, 0.042465, 0.0191093
63, 161, 0, 0.021596, 0.013821400000000001
63, 162, 0, 0.008323, 0.00532672
63, 163, 0, 0.0022140000000000003, 0.00141696
63, 164, 0, 0.00051, 0.0003264
63, 165, 0, 0.00011999999999999999, 7.68e-05
63, 166, 0, 1.5200000000000002e-05, 9.727999999999999e-06
63, 167, 0, 1.05e-06, 6.72e-07
63, 168, 0, 6.099999999999999e-08, 3.9040000000000004e-08
63, 169, 0, 3.07e-09, 1.9648e-09
63, 170, 0, 9.85e-11, 6.304e-11
63, 171, 0, 7.4407e-13, 4.76205e-13
63, 172, 0, 4.20239e-14, 2.68953e-14
64, 152, 0, 3.2e-07, 2.048e-07
64, 153, 0, 2.28e-09, 1.4591999999999999e-09
64, 154, 0, 8.76e-05, 5.6064000000000004e-05
64, 155, 0, 0.368428, 0.11789700000000002
64, 156, 0, 0.27147299999999996, 0.0868714
64, 157, 0, 0.178397, 0.0570871
64, 158, 0, 0.119254, 0.0381613
64, 159, 0, 0.07358, 0.033111
64, 160, 0, 0.045763, 0.0146442
64, 161, 0, 0.026675, 0.0120038
64, 162, 0, 0.013519000000000002, 0.008652159999999999
64, 163, 0, 0.005482, 0.00350848
64, 164, 0, 0.002263, 0.0014483200000000001
64, 165, 0, 0.0010580000000000001, 0.0006771199999999999
64, 166, 0, 0.000295, 0.0001888
64, 167, 0, 4.76e-05, 3.0464000000000002e-05
64, 168, 0, 6.57e-06, 4.2048e-06
64, 169, 0, 8.23e-07, 5.2672e-07
64, 170, 0, 6.54e-08, 4.1856e-08
64, 171, 0, 3.1699999999999996e-09, 2.0288000000000003e-09
64, 172, 0, 2.1100000000000002e-10, 1.3504e-10
65, 155, 0, 1.44e-10, 9.216000000000001e-11
65, 156, 0, 4.4000000000000005e-09, 2.8159999999999998e-09
65, 156, 1, 4.63e-10, 2.9632e-10
65, 157, 0, 8.3e-08, 5.312e-08
65, 158, 0, 1.05e-06, 6.72e-07
65, 158, 1, 1.0500000000000001e-07, 6.719999999999999e-08
65, 159, 0, 0.073589, 0.0235485
65, 160, 0, 4.9500000000000004e-05, 3.1679999999999995e-05
65, 161, 0, 0.026855999999999998, 0.0120852
65, 162, 0, 0.013468, 0.0060606
65, 162, 1, 0.00049, 0.00031360000000000003
65, 163, 0, 0.006105000000000001, 0.00274725
65, 164, 0, 0.003018, 0.0013580999999999999
65, 165, 0, 0.001937, 0.00123968
65, 166, 0, 0.0008770000000000001, 0.0005612799999999999
65, 167, 0, 0.000266, 0.00017024
65, 168, 0, 7.53e-05, 4.8192e-05
65, 169, 0, 2.13e-05, 1.3632e-05
65, 170, 0, 3.91e-06, 2.5024e-06
65, 171, 0, 4.66e-07, 2.9824e-07
65, 172, 0, 7.57e-08, 4.8448e-08
66, 157, 0, 6.2999999999999994e-12, 4.032e-12
66, 158, 0, 1.68e-07, 1.0752e-07
66, 159, 0, 4.42e-09, 2.8288e-09
66, 160, 0, 4.96e-05, 3.1744e-05
66, 161, 0, 0.026855999999999998, 0.008593920000000001
66, 162, 0, 0.013961, 0.00446752
66, 163, 0, 0.006117999999999999, 0.0019577600000000002
66, 164, 0, 0.0030540000000000003, 0.00097728
66, 165, 0, 0.00201, 0.0006432
66, 165, 1, 0.0009809999999999999, 0.00044144999999999997
66, 166, 0, 0.001024, 0.0004608
66, 167, 0, 0.000389, 0.00024896
66, 168, 0, 0.00015999999999999999, 0.00010240000000000001
66, 169, 0, 7.74e-05, 4.9536e-05
66, 170, 0, 2.7300000000000003e-05, 1.7471999999999998e-05
66, 171, 0, 7.000000000000001e-06, 4.4799999999999995e-06
66, 172, 0, 2.56e-06, 1.6384e-06
67, 161, 0, 1.64e-10, 1.0496e-10
67, 161, 1, 2.14e-11, 1.3696e-11
67, 162, 0, 1.92e-09, 1.2288e-09
67, 162, 1, 1.8100000000000002e-09, 1.1584e-09
67, 163, 0, 2.22e-08, 1.4207999999999999e-08
67, 163, 1, 2.88e-09, 1.8432e-09
67, 164, 0, 1.6399999999999999e-07, 1.0496e-07
67, 164, 1, 1.15e-07, 7.360000000000001e-08
67, 165, 0, 0.002035, 0.00046805
67, 166, 0, 0.001025, 0.00046125
67, 166, 1, 2.78e-06, 1.7792e-06
67, 167, 0, 0.000397, 0.00017865
67, 168, 0, 0.000172, 7.74e-05
67, 169, 0, 9.61e-05, 4.3245e-05
67, 170, 0, 3.5900000000000005e-05, 2.2975999999999998e-05
67, 170, 1, 8.54e-06, 5.465600000000001e-06
67, 171, 0, 1.7599999999999998e-05, 1.1264e-05
67, 172, 0, 1.1400000000000001e-05, 7.296e-06
68, 163, 0, 3.25e-12, 2.08e-12
68, 164, 0, 8.69e-08, 3.9105e-08
68, 165, 0, 1.03e-09, 6.592000000000001e-10
68, 166, 0, 0.001028, 0.00032896
68, 167, 0, 0.000398, 0.00012736
68, 167, 1, 3.98e-05, 1.791e-05
68, 168, 0, 0.000173, 5.536e-05
68, 169, 0, 9.680000000000001e-05, 4.356e-05
68, 170, 0, 4.5900000000000004e-05, 1.4688e-05
68, 171, 0, 1.9600000000000002e-05, 8.82e-06
68, 172, 0, 1.51e-05, 6.794999999999999e-06
69, 166, 0, 1.98e-12, 1.2671999999999999e-12
69, 167, 0, 2.61e-11, 1.6704e-11
69, 168, 0, 2.4700000000000003e-10, 1.5808e-10
69, 169, 0, 9.680000000000001e-05, 3.0975999999999996e-05
69, 170, 0, 1.19e-08, 7.616e-09
69, 171, 0, 1.97e-05, 8.865e-06
69, 172, 0, 1.53e-05, 6.885e-06
70, 170, 0, 1.19e-08, 7.616e-09
70, 171, 0, 1.97e-05, 6.304e-06
70, 172, 0, 1.53e-05, 4.896e-06
