23, 66, 0, 5.17176e-17, 3.30993e-17
24, 66, 0, 2.44994e-12, 1.56796e-12
24, 69, 0, 1.01806e-15, 6.51557e-16
25, 66, 0, 9.68976e-10, 6.20144e-10
25, 67, 0, 5.58986e-10, 3.5775100000000004e-10
25, 68, 0, 9.38976e-11, 6.00945e-11
25, 69, 0, 1.58996e-11, 1.01757e-11
25, 70, 0, 1.5699600000000001e-12, 1.00477e-12
25, 72, 0, 8.21149e-15, 5.25535e-15
26, 66, 0, 8.259789999999999e-08, 5.2862700000000005e-08
26, 67, 0, 1.03997e-07, 6.65583e-08
26, 68, 0, 7.419809999999999e-08, 4.74868e-08
26, 69, 0, 2.82993e-08, 1.81115e-08
26, 70, 0, 1.23997e-08, 7.9358e-09
26, 71, 0, 3.25992e-09, 2.08635e-09
26, 72, 0, 3.8899e-10, 2.48954e-10
26, 73, 0, 2.21994e-11, 1.42076e-11
26, 75, 0, 6.97914e-14, 4.4666500000000006e-14
27, 66, 0, 1.95995e-07, 1.2543700000000001e-07
27, 67, 0, 6.31984e-07, 4.0447e-07
27, 68, 0, 8.43979e-07, 5.40146e-07
27, 69, 0, 1.1699699999999998e-06, 7.487809999999999e-07
27, 70, 0, 1.12997e-06, 7.23182e-07
27, 71, 0, 1.25997e-06, 8.063799999999999e-07
27, 72, 0, 3.5299099999999996e-07, 2.2591400000000002e-07
27, 73, 0, 8.959780000000001e-08, 5.7342600000000004e-08
27, 74, 0, 8.43979e-09, 5.40146e-09
27, 75, 0, 1.0899700000000001e-09, 6.97582e-10
27, 76, 0, 4.0199e-11, 2.57274e-11
27, 77, 0, 1.47826e-12, 9.46087e-13
27, 78, 0, 6.20611e-14, 3.9719100000000004e-14
28, 66, 0, 2.49994e-07, 1.12497e-07
28, 67, 0, 1.10997e-06, 7.10382e-07
28, 68, 0, 3.27992e-06, 2.09915e-06
28, 69, 0, 7.9098e-06, 5.06227e-06
28, 70, 0, 2.54994e-05, 1.63196e-05
28, 71, 0, 5.81985e-05, 3.72471e-05
28, 72, 0, 6.50984e-05, 4.1663e-05
28, 73, 0, 3.71991e-05, 2.38074e-05
28, 74, 0, 1.50996e-05, 9.66376e-06
28, 75, 0, 4.60988e-06, 2.95033e-06
28, 76, 0, 7.379810000000001e-07, 4.72308e-07
28, 77, 0, 5.12987e-08, 3.28312e-08
28, 78, 0, 2.93993e-09, 1.88155e-09
28, 79, 0, 4.5780599999999993e-11, 2.92996e-11
29, 66, 0, 2.49994e-07, 1.12497e-07
29, 67, 0, 1.1199699999999999e-06, 5.03987e-07
29, 68, 0, 3.3699200000000003e-06, 2.15675e-06
29, 68, 1, 1.0299699999999999e-07, 6.59183e-08
29, 69, 0, 9.359759999999999e-06, 5.99025e-06
29, 70, 0, 1.5199600000000001e-05, 9.72776e-06
29, 70, 1, 2.0199500000000002e-05, 1.29277e-05
29, 71, 0, 0.000139996, 8.95978e-05
29, 72, 0, 0.00024599400000000003, 0.000157436
29, 73, 0, 0.00042698899999999996, 0.000273273
29, 74, 0, 0.000350991, 0.00022463399999999998
29, 75, 0, 0.000425989, 0.000272633
29, 76, 0, 0.000149996, 9.599760000000001e-05
29, 77, 0, 4.66988e-05, 2.9887199999999997e-05
29, 78, 0, 6.549840000000001e-06, 4.19189e-06
29, 79, 0, 7.14982e-07, 4.57589e-07
29, 80, 0, 2.6299300000000002e-08, 1.68316e-08
29, 81, 0, 1.16997e-09, 7.487810000000001e-10
29, 82, 0, 2.8899299999999998e-11, 1.84955e-11
29, 83, 0, 7.405709999999999e-13, 4.739660000000001e-13
30, 66, 0, 2.49994e-07, 1.12497e-07
30, 67, 0, 1.1199699999999999e-06, 5.03987e-07
30, 68, 0, 3.42991e-06, 1.54346e-06
30, 69, 0, 9.40976e-06, 4.23439e-06
30, 69, 1, 3.8099e-08, 2.4383400000000002e-08
30, 70, 0, 3.66991e-05, 1.65146e-05
30, 71, 0, 0.000143996, 9.21577e-05
30, 71, 1, 1.71996e-05, 1.10077e-05
30, 72, 0, 0.00041399, 0.000264953
30, 73, 0, 0.00111297, 0.0007123019999999999
30, 74, 0, 0.00244394, 0.0015641199999999998
30, 75, 0, 0.00557686, 0.0035691900000000003
30, 76, 0, 0.0069488300000000005, 0.00444725
30, 77, 0, 0.00473888, 0.00303288
30, 78, 0, 0.00283993, 0.0018175499999999998
30, 79, 0, 0.0007589809999999999, 0.000485748
30, 80, 0, 0.000129997, 8.31979e-05
30, 81, 0, 1.47996e-05, 9.47176e-06
30, 82, 0, 1.75996e-06, 1.12637e-06
30, 83, 0, 2.56994e-08, 1.64476e-08
30, 84, 0, 1.52996e-09, 9.79175e-10
30, 85, 0, 2.25382e-11, 1.44244e-11
31, 69, 0, 9.40976e-06, 4.23439e-06
31, 70, 0, 2.19994e-09, 1.40796e-09
31, 71, 0, 0.000161996, 7.289819999999999e-05
31, 72, 1, 1.3349700000000002e-06, 8.54379e-07
31, 72, 0, 0.00041599, 0.000266233
31, 73, 0, 0.00115497, 0.000739181
31, 74, 1, 0.00196095, 0.00125501
31, 74, 0, 0.00220969, 0.0014142
31, 75, 0, 0.0078218, 0.00351981
31, 76, 0, 0.0124017, 0.00558076
31, 77, 0, 0.0185315, 0.0118602
31, 78, 0, 0.0199025, 0.012737600000000002
31, 79, 0, 0.0195915, 0.0125386
31, 80, 0, 0.007654810000000001, 0.00489908
31, 81, 0, 0.0038539, 0.0024665
31, 82, 0, 0.0011349700000000001, 0.000726382
31, 83, 0, 7.8098e-05, 4.99827e-05
31, 84, 0, 1.18997e-05, 7.615810000000001e-06
31, 85, 0, 3.51991e-07, 2.2527399999999998e-07
31, 86, 0, 1.2199699999999999e-08, 7.8078e-09
31, 87, 0, 1.0344899999999999e-10, 6.62076e-11
31, 88, 0, 2.23758e-12, 1.4320500000000001e-12
32, 70, 0, 2.20994e-09, 1.41436e-09
32, 71, 0, 1.21997e-10, 7.8078e-11
32, 71, 1, 6.11985e-11, 3.9167e-11
32, 72, 0, 0.00041599, 0.000133117
32, 73, 0, 0.00115497, 0.000184795
32, 73, 1, 0.00115497, 0.000369591
32, 74, 0, 0.00270793, 0.000622824
32, 75, 0, 0.0079808, 0.00255386
32, 75, 1, 0.00045198899999999997, 0.00020339499999999999
32, 76, 0, 0.0138417, 0.0031835799999999997
32, 77, 0, 0.0122047, 0.00549211
32, 77, 1, 0.017257599999999998, 0.0110448
32, 78, 0, 0.0526687, 0.0237009
32, 79, 1, 0.058042800000000006, 0.0371474
32, 79, 0, 0.0779655, 0.049897899999999995
32, 80, 0, 0.188919, 0.120908
32, 81, 0, 0.138088, 0.08837600000000001
32, 82, 0, 0.0828719, 0.053038
32, 83, 0, 0.024784399999999998, 0.015862
32, 84, 0, 0.0172716, 0.0110538
32, 85, 0, 0.00131697, 0.0008428590000000001
32, 86, 0, 0.00021799500000000002, 0.00013951599999999998
32, 87, 0, 3.58991e-06, 2.29754e-06
32, 88, 0, 1.05997e-07, 6.78383e-08
32, 89, 0, 1.00525e-09, 6.43362e-10
32, 90, 0, 2.39315e-10, 1.53161e-10
33, 73, 0, 5.6998599999999997e-11, 3.64791e-11
33, 74, 0, 3.4099100000000003e-09, 2.18235e-09
33, 74, 1, 2.3899399999999997e-09, 1.52956e-09
33, 75, 0, 0.0079808, 0.00183558
33, 76, 0, 5.55986e-06, 3.55831e-06
33, 77, 0, 0.025958300000000004, 0.00597042
33, 78, 0, 0.0538266, 0.0172245
33, 79, 0, 0.14321, 0.09165469999999999
33, 80, 0, 0.23071099999999997, 0.147655
33, 81, 0, 0.343024, 0.21953599999999998
33, 82, 0, 0.241612, 0.154632
33, 82, 1, 0.158746, 0.10159699999999999
33, 83, 0, 0.482533, 0.308821
33, 84, 1, 0.0778315, 0.0498122
33, 84, 0, 0.09442110000000001, 0.060429500000000004
33, 85, 0, 0.106269, 0.0680124
33, 86, 0, 0.0429359, 0.027479000000000003
33, 87, 0, 0.0032659200000000003, 0.00209019
33, 88, 0, 0.000244994, 0.000156796
33, 89, 0, 1.56996e-05, 1.0047699999999999e-05
33, 90, 0, 2.7379700000000003e-06, 1.7523000000000001e-06
33, 92, 0, 1.82384e-10, 1.16726e-10
33, 93, 0, 3.45025e-10, 2.20816e-10
34, 74, 0, 1.11997e-09, 5.03987e-10
34, 75, 0, 4.959880000000001e-11, 3.17432e-11
34, 76, 0, 5.5698599999999996e-06, 3.5647100000000002e-06
34, 77, 0, 0.025958300000000004, 0.00415334
34, 77, 1, 7.8098e-05, 1.79625e-05
34, 78, 0, 0.0538366, 0.00861386
34, 79, 0, 0.143511, 0.0459236
34, 79, 1, 0.14324900000000002, 0.0644622
34, 80, 0, 0.23405499999999999, 0.037448800000000004
34, 81, 0, 0.367623, 0.0294098
34, 81, 1, 0.0213995, 0.0017119600000000002
34, 82, 0, 0.5854940000000001, 0.0163938
34, 83, 0, 0.574983, 0.0632481
34, 83, 1, 0.40276, 0.257766
34, 84, 0, 1.46362, 0.46835699999999997
34, 85, 0, 0.641256, 0.410404
34, 85, 1, 0.591772, 0.378734
34, 86, 0, 0.8415739999999999, 0.538607
34, 87, 0, 0.330259, 0.211366
34, 88, 0, 0.109414, 0.0700251
34, 89, 0, 0.0171586, 0.0109815
34, 90, 0, 0.00575686, 0.00368439
34, 92, 0, 8.63978e-06, 5.52946e-06
34, 93, 0, 1.19731e-05, 7.66276e-06
34, 94, 0, 2.15995e-09, 1.38237e-09
34, 95, 0, 1.3258299999999999e-11, 8.48533e-12
35, 77, 0, 7.9598e-12, 5.09427e-12
35, 77, 1, 6.12985e-12, 3.9231e-12
35, 78, 0, 9.02977e-10, 5.77905e-10
35, 79, 0, 0.143511, 0.0229618
35, 79, 1, 1.0299699999999999e-07, 6.59183e-08
35, 80, 0, 9.77975e-06, 6.25904e-06
35, 80, 1, 7.33982e-06, 4.69748e-06
35, 81, 0, 0.36777699999999997, 0.014711100000000001
35, 82, 0, 0.000821979, 0.00026303300000000003
35, 82, 1, 0.000247994, 0.000158716
35, 83, 0, 1.01436, 0.324595
35, 84, 0, 1.54358, 0.49394699999999997
35, 84, 1, 0.14219, 0.0910019
35, 85, 0, 2.11968, 0.953855
35, 86, 0, 1.53142, 0.689141
35, 86, 1, 0.690471, 0.441901
35, 87, 0, 2.05656, 0.123394
35, 88, 0, 1.282, 0.0769199
35, 89, 0, 0.615651, 0.036939
35, 90, 0, 0.225955, 0.036152899999999995
35, 91, 0, 0.0475408, 0.0304261
35, 92, 0, 0.00575986, 0.0036863100000000004
35, 93, 0, 0.00830779, 0.00531699
35, 94, 0, 1.73996e-05, 1.1135699999999999e-05
35, 95, 0, 2.0706299999999998e-07, 1.3252e-07
35, 96, 0, 8.96977e-09, 5.74066e-09
35, 97, 0, 2.5848e-10, 1.65427e-10
35, 98, 0, 1.8365e-10, 1.17536e-10
36, 79, 1, 2.8749299999999997e-12, 1.83995e-12
36, 79, 0, 5.7498599999999995e-12, 3.67991e-12
36, 80, 0, 9.77975e-06, 6.25904e-06
36, 81, 0, 8.1098e-08, 5.19027e-08
36, 81, 1, 1.04997e-08, 6.7198299999999995e-09
36, 82, 0, 0.0008299790000000001, 0.000132797
36, 83, 0, 1.01452, 0.0101452
36, 83, 1, 1.0143900000000001, 0.0202878
36, 84, 0, 1.68931, 0.0168931
36, 85, 0, 0.523417, 0.00183196
36, 85, 1, 2.14145, 0.0428291
36, 86, 0, 2.8434399999999997, 0.0398082
36, 87, 0, 3.94308, 0.0788616
36, 88, 0, 5.12303, 0.102461
36, 89, 0, 5.2310799999999995, 0.104622
36, 90, 0, 4.12688, 0.08253759999999999
36, 91, 0, 1.9529999999999998, 0.054684
36, 92, 0, 0.756124, 0.0211715
36, 93, 0, 0.154996, 0.00619984
36, 94, 0, 0.0260473, 0.0166703
36, 95, 0, 0.000318992, 0.000204155
36, 96, 0, 0.000159996, 0.000102397
36, 97, 0, 8.96977e-06, 5.74066e-06
36, 98, 0, 8.69978e-06, 5.567859999999999e-06
36, 99, 0, 1.04745e-09, 6.70367e-10
36, 100, 0, 2.8099300000000002e-11, 1.79835e-11
37, 83, 0, 1.99995e-08, 1.2799699999999999e-08
37, 84, 0, 6.42984e-08, 4.1151e-08
37, 85, 0, 2.23709, 0.0223709
37, 86, 1, 0.00044998900000000003, 0.000287993
37, 86, 0, 0.0008999769999999999, 0.000575986
37, 87, 0, 4.01807, 0.056253
37, 88, 0, 5.46397, 0.43711799999999995
37, 89, 0, 6.23083, 0.37385
37, 90, 0, 4.175949999999999, 0.45935400000000004
37, 90, 1, 2.3379, 0.748128
37, 91, 0, 5.37118, 0.859389
37, 92, 0, 3.6848899999999998, 0.847526
37, 93, 0, 1.99791, 0.6393300000000001
37, 94, 0, 0.6142759999999999, 0.393136
37, 95, 0, 0.214463, 0.13725600000000002
37, 96, 0, 0.0315062, 0.020164
37, 97, 0, 0.0081568, 0.00522035
37, 98, 0, 0.0194105, 0.0124227
37, 99, 0, 1.63586e-05, 1.04695e-05
37, 100, 0, 7.269819999999999e-07, 4.6526800000000003e-07
37, 101, 0, 6.45478e-09, 4.13106e-09
37, 102, 0, 2.01593e-10, 1.2902e-10
37, 103, 0, 2.11799e-11, 1.3555100000000001e-11
38, 84, 0, 1.99995e-09, 1.27997e-09
38, 85, 1, 4.85988e-09, 3.11032e-09
38, 85, 0, 9.10255e-09, 5.82563e-09
38, 86, 0, 0.0008999769999999999, 0.000575986
38, 87, 0, 4.0181000000000004, 0.0562535
38, 87, 1, 6.76983e-06, 4.33269e-06
38, 88, 0, 5.46506, 0.0765108
38, 89, 0, 6.339989999999999, 0.1268
38, 90, 0, 6.788760000000001, 0.135775
38, 91, 0, 6.48296, 0.129659
38, 92, 0, 6.3920699999999995, 0.178978
38, 93, 0, 6.47828, 2.07305
38, 94, 0, 5.41196, 1.7318299999999998
38, 95, 0, 3.46757, 1.10962
38, 96, 0, 1.8279299999999998, 0.584939
38, 97, 0, 0.650805, 0.026032200000000002
38, 98, 0, 0.236889, 0.15160900000000002
38, 99, 0, 0.0252014, 0.0161289
38, 100, 0, 0.0033899100000000003, 0.00216955
38, 101, 0, 0.000223994, 0.000143356
38, 102, 0, 9.54976e-06, 6.111850000000001e-06
38, 103, 0, 7.34986e-07, 4.70391e-07
39, 87, 0, 1.33997e-09, 8.575779999999999e-10
39, 88, 0, 1.0499700000000001e-07, 6.719830000000001e-08
39, 89, 0, 6.339989999999999, 0.0887599
39, 89, 1, 0.000638984, 1.78916e-05
39, 90, 1, 7.049819999999999e-05, 4.51189e-05
39, 90, 0, 6.788900000000001, 4.3449
39, 91, 1, 3.7615299999999996, 2.40738
39, 91, 0, 6.48579, 4.15091
39, 92, 0, 6.55221, 0.131044
39, 93, 1, 2.4911499999999998, 1.59434
39, 93, 0, 6.977609999999999, 4.46567
39, 94, 0, 6.72202, 2.1510499999999997
39, 95, 0, 6.0054099999999995, 1.38124
39, 96, 0, 4.5971400000000004, 1.05734
39, 96, 1, 2.4926, 0.797631
39, 97, 0, 3.21445, 1.02862
39, 98, 0, 0.885352, 0.566625
39, 98, 1, 0.6484949999999999, 0.41503699999999993
39, 99, 0, 0.7347049999999999, 0.044082300000000005
39, 100, 0, 0.134763, 0.0862481
39, 101, 0, 0.0535297, 0.034259
39, 102, 0, 0.005295869999999999, 0.00338935
39, 103, 0, 0.0005099869999999999, 0.000326392
39, 104, 0, 1.45996e-08, 9.34377e-09
39, 105, 0, 1.64828e-10, 1.0549e-10
39, 106, 0, 4.6667599999999995e-14, 2.98672e-14
39, 107, 0, 2.3017900000000002e-14, 1.4731500000000002e-14
39, 109, 0, 2.46683e-12, 1.57877e-12
40, 88, 0, 1.7899600000000002e-12, 1.14557e-12
40, 89, 0, 2.68993e-10, 1.72156e-10
40, 90, 1, 1.5099599999999998e-08, 9.66376e-09
40, 90, 0, 6.788900000000001, 4.3449
40, 91, 0, 6.4858, 0.064858
40, 92, 0, 6.5522800000000005, 0.0655228
40, 93, 0, 6.97882, 0.0977035
40, 94, 0, 6.83117, 0.09563630000000001
40, 95, 0, 6.34928, 0.12698600000000002
40, 96, 0, 5.67323, 0.0567323
40, 97, 0, 5.420669999999999, 0.216827
40, 98, 0, 4.986, 1.5955199999999998
40, 99, 0, 4.02415, 1.28773
40, 100, 0, 3.26735, 0.19604100000000002
40, 101, 0, 1.38999, 0.444795
40, 102, 0, 0.616508, 0.394565
40, 103, 0, 0.135709, 0.0868535
40, 104, 0, 0.017729599999999998, 0.0113469
40, 105, 0, 0.0018369500000000002, 0.00117565
40, 106, 0, 7.09982e-07, 4.5438899999999995e-07
40, 107, 0, 2.56527e-07, 1.64177e-07
40, 108, 0, 5.36987e-10, 3.4367099999999997e-10
40, 109, 0, 8.56042e-08, 5.4786699999999997e-08
40, 110, 0, 3.1599200000000003e-10, 2.0223500000000003e-10
40, 111, 0, 1.36739e-12, 8.75132e-13
41, 91, 0, 1.6599599999999998e-11, 1.06237e-11
41, 92, 0, 1.80995e-09, 1.15837e-09
41, 93, 0, 6.97882, 0.06978820000000001
41, 93, 1, 6.629880000000001, 0.09281829999999999
41, 94, 0, 5.16987e-06, 3.3087200000000003e-06
41, 94, 1, 2.11995e-06, 1.3567699999999999e-06
41, 95, 0, 6.34944, 0.0888922
41, 95, 1, 0.0635244, 0.00127049
41, 96, 0, 0.00558486, 0.00357431
41, 97, 0, 5.51556, 0.110311
41, 97, 1, 5.11399, 0.20456
41, 98, 0, 5.13766, 1.64405
41, 98, 1, 0.050580700000000006, 0.0323717
41, 99, 0, 2.87993, 0.921578
41, 99, 1, 1.93148, 0.444241
41, 100, 0, 2.0946800000000003, 0.481777
41, 100, 1, 2.0946800000000003, 0.481777
41, 101, 0, 2.9119699999999997, 0.116479
41, 102, 1, 0.49503100000000005, 0.31682
41, 102, 0, 1.11154, 0.7113849999999999
41, 103, 0, 0.776371, 0.349367
41, 104, 1, 0.0791235, 0.050639
41, 104, 0, 0.0968401, 0.06197760000000001
41, 105, 0, 0.06634530000000001, 0.042461
41, 106, 0, 0.0038339, 0.0024537
41, 107, 0, 0.0008789780000000001, 0.000562546
41, 108, 0, 8.139800000000001e-05, 5.20947e-05
41, 109, 0, 5.93985e-05, 3.8015e-05
41, 110, 0, 1.23997e-06, 7.9358e-07
41, 111, 0, 2.13554e-08, 1.36674e-08
41, 112, 0, 1.99904e-11, 1.2793900000000001e-11
41, 113, 0, 8.51348e-13, 5.448630000000001e-13
42, 93, 1, 9.999749999999999e-13, 6.399840000000001e-13
42, 93, 0, 1.9999499999999998e-12, 1.27997e-12
42, 94, 0, 5.179870000000001e-06, 3.31512e-06
42, 95, 0, 6.349449999999999, 0.06349450000000001
42, 96, 0, 0.00558586, 0.00357495
42, 97, 0, 5.51561, 0.0551561
42, 98, 0, 5.18918, 0.0518918
42, 99, 0, 4.91084, 0.137504
42, 100, 0, 4.45885, 0.0624238
42, 101, 0, 3.1703099999999997, 0.348734
42, 102, 0, 2.39582, 0.0958329
42, 103, 0, 1.52715, 0.351245
42, 104, 0, 0.9226019999999999, 0.590465
42, 105, 0, 0.424443, 0.271644
42, 106, 0, 0.20913099999999998, 0.133844
42, 107, 0, 0.08640679999999999, 0.05530039999999999
42, 108, 0, 0.0454199, 0.029068699999999996
42, 109, 0, 0.006586829999999999, 0.00421557
42, 110, 0, 0.0009199769999999999, 0.000588785
42, 111, 0, 3.28992e-05, 2.10555e-05
42, 112, 0, 9.46976e-07, 6.06065e-07
42, 113, 0, 2.9543599999999998e-08, 1.89079e-08
42, 114, 0, 4.63988e-10, 2.96953e-10
42, 115, 0, 3.3623799999999997e-12, 2.15192e-12
43, 97, 1, 9.04977e-10, 5.79185e-10
43, 97, 0, 1.80995e-09, 1.15837e-09
43, 98, 0, 8.81978e-08, 5.64466e-08
43, 99, 0, 4.91084, 0.0687518
43, 99, 1, 4.32154, 0.0864308
43, 100, 0, 7.46981e-05, 4.78068e-05
43, 101, 0, 3.17116, 0.0887925
43, 102, 0, 0.12341800000000001, 0.0049367199999999995
43, 102, 1, 2.39927, 0.0479855
43, 103, 0, 1.5730000000000002, 0.251679
43, 104, 0, 0.980168, 0.627308
43, 105, 0, 0.484049, 0.30979100000000004
43, 106, 0, 0.240647, 0.15401399999999998
43, 107, 0, 0.11444800000000001, 0.0183117
43, 108, 0, 0.0752251, 0.012036
43, 109, 0, 0.0273073, 0.017476699999999998
43, 110, 0, 0.00996275, 0.0063761600000000005
43, 111, 0, 0.00191095, 0.00122301
43, 112, 0, 0.000170996, 0.000109437
43, 113, 0, 2.04995e-05, 1.31197e-05
43, 114, 0, 1.1699699999999998e-06, 7.487809999999999e-07
43, 115, 0, 5.25122e-08, 3.36078e-08
43, 116, 0, 1.19997e-09, 7.67981e-10
43, 117, 0, 1.1180600000000001e-11, 7.155590000000001e-12
43, 118, 0, 3.0397300000000003e-13, 1.94543e-13
44, 98, 0, 8.81978e-08, 5.64466e-08
44, 99, 0, 4.91084, 0.0687518
44, 100, 0, 7.46981e-05, 4.78068e-05
44, 101, 0, 3.17116, 0.0443963
44, 102, 0, 2.40274, 0.0240274
44, 103, 0, 1.5731700000000002, 0.044048699999999996
44, 104, 0, 0.980168, 0.0196034
44, 105, 0, 0.495797, 0.31731
44, 106, 0, 0.246214, 0.0049242800000000005
44, 107, 0, 0.11452899999999999, 0.00916233
44, 108, 0, 0.0757651, 0.00606121
44, 109, 1, 0.00592385, 0.00379126
44, 109, 0, 0.0332692, 0.0212923
44, 110, 0, 0.0370831, 0.00593329
44, 111, 0, 0.016997599999999998, 0.0108784
44, 112, 0, 0.00708782, 0.00453621
44, 113, 0, 0.00226894, 0.00145212
44, 114, 0, 0.0005729859999999999, 0.000366711
44, 115, 0, 8.0898e-05, 5.17747e-05
44, 116, 0, 7.3998100000000006e-06, 4.73588e-06
44, 117, 0, 3.8799e-07, 2.4831400000000004e-07
44, 118, 0, 1.4399600000000001e-08, 9.215769999999999e-09
44, 119, 0, 2.3399399999999997e-10, 1.49756e-10
44, 120, 0, 2.75993e-12, 1.76636e-12
44, 121, 0, 6.40288e-14, 4.09785e-14
45, 101, 0, 1.04997e-12, 6.71983e-13
45, 101, 1, 3.12992e-12, 2.00315e-12
45, 102, 0, 1.67996e-10, 1.07517e-10
45, 102, 1, 1.67996e-10, 1.07517e-10
45, 103, 0, 1.5731700000000002, 0.0314634
45, 103, 1, 1.55744, 0.0436082
45, 105, 0, 0.495797, 0.0297478
45, 105, 1, 0.133865, 0.0856734
45, 106, 0, 0.246227, 0.00492454
45, 106, 1, 1.2499699999999998e-05, 7.9998e-06
45, 107, 0, 0.11452899999999999, 0.006871749999999999
45, 108, 0, 0.0757651, 0.00454591
45, 108, 1, 1.0799700000000001e-09, 6.91183e-10
45, 109, 0, 0.039403, 0.0252179
45, 109, 1, 0.0167396, 0.0107133
45, 110, 0, 0.037862, 0.00302896
45, 110, 1, 0.00077898, 0.000498547
45, 111, 0, 0.0213995, 0.009629760000000001
45, 112, 0, 0.0121077, 0.00387446
45, 113, 0, 0.00940776, 0.0060209700000000005
45, 114, 0, 0.00440589, 0.00281977
45, 115, 0, 0.00239594, 0.0015333999999999999
45, 116, 0, 0.000532987, 0.000341111
45, 117, 0, 0.000132997, 8.51179e-05
45, 118, 0, 1.30997e-05, 8.383789999999999e-06
45, 119, 0, 1.06997e-06, 6.847829999999999e-07
45, 120, 0, 3.45991e-08, 2.21434e-08
45, 121, 0, 9.99975e-10, 6.39984e-10
45, 122, 0, 1.90995e-11, 1.2223700000000001e-11
46, 102, 0, 2.67993e-11, 1.71516e-11
46, 105, 0, 0.495797, 0.0138823
46, 106, 0, 0.246239, 0.00492478
46, 107, 0, 0.11452899999999999, 0.00458116
46, 108, 0, 0.0757651, 0.0030306
46, 109, 0, 0.0394034, 0.0252182
46, 109, 1, 2.80993e-07, 1.7983500000000002e-07
46, 110, 0, 0.038663, 0.0015465199999999998
46, 111, 0, 0.0215355, 0.00969096
46, 111, 1, 0.000221994, 0.00014207599999999999
46, 112, 0, 0.0132997, 0.00146296
46, 113, 0, 0.013488700000000001, 0.0060699000000000005
46, 114, 0, 0.012536700000000001, 0.00564151
46, 115, 0, 0.0124437, 0.000995495
46, 116, 0, 0.00978075, 0.00625968
46, 117, 0, 0.005493860000000001, 0.0035160699999999996
46, 118, 0, 0.00240894, 0.00154172
46, 119, 0, 0.000501987, 0.000321272
46, 120, 0, 7.9198e-05, 5.0686700000000004e-05
46, 121, 0, 6.159849999999999e-06, 3.9423e-06
46, 122, 0, 5.98985e-07, 3.8335e-07
46, 129, 0, 3.82372e-11, 2.44718e-11
47, 107, 0, 0.11452899999999999, 0.00458116
47, 109, 1, 0.039384499999999996, 0.0252061
47, 109, 0, 0.039404, 0.0252186
47, 110, 0, 1.12997e-09, 7.23182e-10
47, 110, 1, 2.54994e-09, 1.63196e-09
47, 111, 0, 0.0215355, 0.00172284
47, 111, 1, 0.021433499999999998, 0.0049296999999999995
47, 112, 0, 0.0133037, 0.0010642899999999999
47, 113, 0, 0.012149700000000001, 0.0038878999999999997
47, 113, 1, 0.0014119599999999999, 0.000635384
47, 114, 0, 0.0128567, 0.00295704
47, 115, 0, 0.0103237, 0.00113561
47, 115, 1, 0.00459988, 0.0010579699999999999
47, 116, 0, 0.006441840000000001, 0.0041227799999999995
47, 116, 1, 0.006441840000000001, 0.0041227799999999995
47, 117, 0, 0.0062438400000000005, 0.00399606
47, 117, 1, 0.0062438400000000005, 0.00399606
47, 118, 0, 0.006638829999999999, 0.00424885
47, 118, 1, 0.004547890000000001, 0.00291065
47, 119, 0, 0.00636784, 0.00407542
47, 120, 1, 0.0011054699999999999, 0.0007075019999999999
47, 120, 0, 0.00159349, 0.0010198400000000002
47, 121, 0, 0.00080998, 0.000518387
47, 122, 1, 0.00010149700000000001, 6.49584e-05
47, 122, 0, 0.00010249699999999999, 6.55984e-05
47, 123, 0, 6.93983e-08, 4.44149e-08
47, 124, 0, 7.21982e-09, 4.62068e-09
47, 125, 0, 8.939779999999999e-10, 5.72146e-10
47, 126, 0, 7.42981e-11, 4.75508e-11
47, 127, 0, 7.37981e-12, 4.72308e-12
47, 129, 0, 5.971719999999999e-07, 3.8218999999999996e-07
47, 130, 0, 4.19989e-09, 2.6879300000000003e-09
47, 131, 0, 1.41775e-10, 9.073580000000001e-11
48, 110, 0, 3.62991e-09, 2.32314e-09
48, 111, 0, 0.0215995, 0.00172796
48, 111, 1, 1.77996e-11, 1.13917e-11
48, 112, 0, 0.0133037, 0.0010642899999999999
48, 113, 0, 0.0134037, 0.00214459
48, 113, 1, 0.000157996, 5.05587e-05
48, 114, 0, 0.012859699999999998, 0.00141456
48, 115, 0, 0.0137267, 0.00109813
48, 115, 1, 0.00125497, 0.000138047
48, 116, 0, 0.0132017, 0.00211227
48, 117, 0, 0.00973976, 0.00438289
48, 117, 1, 0.00437389, 0.00196825
48, 118, 0, 0.0153176, 0.006892929999999999
48, 119, 0, 0.00888478, 0.00568626
48, 119, 1, 0.00888478, 0.00568626
48, 120, 0, 0.0191885, 0.0122807
48, 121, 1, 0.00676633, 0.00433045
48, 121, 0, 0.007576310000000001, 0.00484884
48, 122, 0, 0.0150906, 0.009658
48, 123, 0, 0.00216495, 0.00138557
48, 124, 0, 0.000974976, 0.0006239840000000001
48, 125, 0, 0.000305992, 0.000195835
48, 126, 0, 0.00012099700000000001, 7.743809999999999e-05
48, 127, 0, 3.61991e-05, 2.3167399999999998e-05
48, 128, 0, 5.0098700000000005e-06, 3.20632e-06
48, 129, 0, 0.0009199769999999999, 0.000588785
48, 130, 0, 7.969800000000001e-05, 5.10067e-05
48, 131, 0, 4.9198799999999996e-06, 3.14872e-06
48, 132, 0, 7.31982e-08, 4.6846800000000005e-08
48, 133, 0, 1.45986e-09, 9.34309e-10
48, 134, 0, 1.0099699999999999e-11, 6.46384e-12
49, 113, 0, 0.013561700000000001, 0.00149178
49, 113, 1, 1.15997e-12, 7.42381e-13
49, 114, 0, 3.10992e-10, 1.99035e-10
49, 114, 1, 2.38994e-10, 1.52956e-10
49, 115, 0, 0.0144736, 0.0008684179999999999
49, 115, 1, 0.0137267, 0.00109813
49, 116, 2, 1.44663e-07, 9.258430000000001e-08
49, 116, 0, 1.44663e-07, 9.258430000000001e-08
49, 116, 1, 2.89326e-07, 1.85169e-07
49, 117, 0, 0.009350770000000001, 0.00299224
49, 117, 1, 0.009006769999999999, 0.00405305
49, 118, 2, 1.2349700000000001e-05, 7.9038e-06
49, 118, 0, 0.0153916, 0.00354007
49, 118, 1, 2.45141e-05, 1.5689e-05
49, 119, 0, 0.00996975, 0.006380640000000001
49, 119, 1, 0.00903377, 0.0057816099999999995
49, 120, 0, 0.0108617, 0.006951509999999999
49, 120, 1, 0.0108617, 0.006951509999999999
49, 121, 0, 0.0133152, 0.00852174
49, 121, 1, 0.00908727, 0.00581585
49, 122, 0, 0.0242384, 0.015512600000000001
49, 122, 1, 0.00914777, 0.00585457
49, 123, 0, 0.0357091, 0.0228538
49, 123, 1, 0.00848279, 0.00542898
49, 124, 1, 0.0176361, 0.0112871
49, 124, 0, 0.018612, 0.0119117
49, 125, 0, 0.021963399999999998, 0.0140566
49, 125, 1, 0.0218415, 0.0139785
49, 126, 1, 0.019335500000000002, 0.0123747
49, 126, 0, 0.0192155, 0.0122979
49, 127, 0, 0.028488299999999998, 0.0182325
49, 127, 1, 0.028488299999999998, 0.0182325
49, 128, 1, 0.0109292, 0.0069946999999999995
49, 128, 0, 0.0109342, 0.0069979000000000005
49, 129, 0, 0.0429529, 0.0274899
49, 129, 1, 0.0420329, 0.026901099999999997
49, 130, 0, 0.0166976, 0.0106865
49, 131, 0, 0.00475788, 0.0030450399999999997
49, 132, 0, 0.000178996, 0.000114557
49, 133, 0, 2.27994e-05, 1.45916e-05
49, 134, 0, 3.8298999999999996e-07, 2.45114e-07
49, 135, 0, 2.73176e-09, 1.74832e-09
49, 136, 0, 2.8899299999999998e-11, 1.84955e-11
50, 114, 0, 3.0399199999999997e-10, 1.36797e-10
50, 115, 0, 0.0149816, 0.000898897
50, 116, 0, 4.3298900000000004e-07, 1.94845e-07
50, 117, 1, 2.99261e-05, 1.91527e-05
50, 117, 0, 0.014123599999999998, 0.009039130000000001
50, 118, 0, 0.015416599999999999, 0.00169583
50, 119, 0, 0.0185575, 0.00296921
50, 119, 1, 0.000503987, 0.00022679400000000002
50, 120, 0, 0.0218285, 0.0017462800000000002
50, 121, 0, 0.0226174, 0.014475100000000001
50, 121, 1, 0.00206261, 0.00132007
50, 122, 0, 0.040921, 0.00327368
50, 123, 0, 0.011510699999999999, 0.00011510700000000001
50, 123, 1, 0.0488948, 0.0220026
50, 124, 0, 0.07458010000000001, 0.0119328
50, 125, 0, 0.0736132, 0.00294453
50, 125, 1, 0.043023900000000004, 0.0193608
50, 126, 0, 0.224326, 0.0179461
50, 127, 0, 0.382153, 0.171969
50, 127, 1, 0.15539, 0.0994497
50, 128, 1, 0.33341899999999997, 0.213388
50, 128, 0, 0.6899419999999999, 0.44156300000000004
50, 129, 0, 0.813452, 0.366053
50, 129, 1, 0.298144, 0.19081199999999998
50, 130, 1, 0.393641, 0.25193
50, 130, 0, 0.400569, 0.256364
50, 131, 1, 0.253783, 0.162421
50, 131, 0, 0.257996, 0.16511699999999999
50, 132, 0, 0.0848969, 0.0135835
50, 133, 0, 0.0281923, 0.0180431
50, 134, 0, 0.00259193, 0.00165884
50, 135, 0, 9.479760000000001e-05, 6.0670499999999995e-05
50, 136, 0, 2.99992e-06, 1.91995e-06
50, 137, 0, 3.02992e-08, 1.93915e-08
50, 138, 0, 5.63986e-10, 3.60951e-10
50, 139, 0, 6.16598e-12, 3.94623e-12
51, 118, 0, 5.2998700000000005e-12, 3.39191e-12
51, 118, 1, 7.62981e-12, 4.88308e-12
51, 119, 0, 1.34997e-09, 8.639779999999999e-10
51, 120, 0, 2.2299400000000002e-08, 1.4271599999999999e-08
51, 120, 1, 3.20992e-08, 2.05435e-08
51, 121, 0, 0.023081400000000002, 0.00184651
51, 122, 0, 4.7898799999999996e-05, 3.06552e-05
51, 122, 1, 2.5399400000000003e-05, 1.62556e-05
51, 123, 0, 0.0604135, 0.0138951
51, 124, 0, 4.1698999999999995e-05, 2.6687299999999998e-05
51, 124, 1, 2.07995e-05, 1.3311699999999998e-05
51, 125, 0, 0.11695900000000001, 0.0128655
51, 126, 2, 0.150861, 0.0965511
51, 126, 0, 0.0322242, 0.00257794
51, 126, 1, 0.22545099999999998, 0.0180361
51, 127, 0, 0.555428, 0.08886849999999999
51, 128, 0, 0.105191, 0.0673222
51, 128, 1, 0.758912, 0.485704
51, 129, 0, 1.5594000000000001, 0.70173
51, 130, 0, 0.8153159999999999, 0.521802
51, 130, 1, 1.0258800000000001, 0.656562
51, 131, 0, 1.94788, 0.07791529999999999
51, 132, 0, 0.6906169999999999, 0.44199499999999997
51, 132, 1, 0.488962, 0.312936
51, 133, 0, 0.827081, 0.049624900000000007
51, 134, 1, 0.10052699999999999, 0.0643376
51, 134, 0, 0.102644, 0.0656924
51, 135, 0, 0.0377591, 0.0241658
51, 136, 0, 0.0032809199999999997, 0.0020997900000000003
51, 137, 0, 0.000161996, 0.000103677
51, 138, 0, 7.7698e-06, 4.97268e-06
51, 139, 0, 9.629760000000001e-08, 6.163049999999999e-08
51, 140, 0, 1.4945299999999998e-09, 9.56501e-10
51, 141, 0, 7.155479999999999e-11, 4.5795099999999995e-11
52, 120, 0, 5.13987e-12, 3.28952e-12
52, 121, 1, 2.54994e-10, 1.63196e-10
52, 121, 0, 4.80918e-10, 3.07787e-10
52, 122, 0, 4.6498799999999996e-05, 2.9759299999999998e-05
52, 123, 0, 6.929829999999999e-12, 4.43509e-12
52, 123, 1, 5.32987e-12, 3.4111099999999996e-12
52, 124, 0, 4.1698999999999995e-05, 2.6687299999999998e-05
52, 125, 0, 0.11695900000000001, 0.00935673
52, 125, 1, 0.0263163, 0.0028948000000000003
52, 126, 0, 0.226112, 0.018089
52, 127, 0, 0.553297, 0.060862700000000006
52, 127, 1, 0.0888698, 0.0142192
52, 128, 0, 0.8368270000000001, 0.0669462
52, 129, 0, 1.48879, 0.476412
52, 129, 1, 0.281468, 0.06473759999999999
52, 130, 0, 2.08898, 0.229788
52, 131, 0, 2.53974, 0.58414
52, 131, 1, 1.25376, 0.0501503
52, 132, 0, 4.759320000000001, 0.133261
52, 133, 0, 2.20945, 0.508175
52, 133, 1, 3.41684, 0.136674
52, 134, 0, 4.03757, 0.11305200000000001
52, 135, 0, 1.71938, 0.395457
52, 136, 0, 0.7202580000000001, 0.0288103
52, 137, 0, 0.0882158, 0.0396971
52, 138, 0, 0.019519500000000002, 0.012492499999999998
52, 139, 0, 0.000592985, 0.000189755
52, 140, 0, 7.07982e-05, 4.53109e-05
52, 141, 0, 2.4831e-06, 1.58918e-06
52, 142, 0, 2.4099399999999998e-08, 1.5423599999999998e-08
52, 143, 0, 1.8623999999999997e-10, 1.19194e-10
52, 144, 0, 2.8599699999999998e-11, 1.83038e-11
53, 127, 0, 0.55543, 0.0610973
53, 128, 0, 7.42981e-05, 4.75508e-05
53, 129, 0, 1.5913, 0.36599800000000005
53, 130, 0, 0.0024779399999999997, 0.0015858800000000002
53, 130, 1, 0.00077798, 0.000497907
53, 131, 0, 3.6041700000000003, 0.0504584
53, 132, 1, 0.0965196, 0.061772499999999994
53, 132, 0, 4.93962, 3.1613599999999997
53, 133, 1, 0.356125, 0.22791999999999998
53, 133, 0, 5.89435, 3.7723899999999997
53, 134, 0, 6.1089400000000005, 0.671984
53, 134, 1, 0.8825059999999999, 0.564804
53, 135, 0, 5.03227, 0.140904
53, 136, 0, 1.81698, 0.19986800000000002
53, 136, 1, 1.1073, 0.708675
53, 137, 0, 1.64111, 0.0656446
53, 138, 0, 0.6139979999999999, 0.0982396
53, 139, 0, 0.217696, 0.0696626
53, 140, 0, 0.0226684, 0.014507800000000001
53, 141, 0, 0.00172296, 0.0005513460000000001
53, 142, 0, 8.87978e-05, 2.84153e-05
53, 143, 0, 2.90862e-06, 1.86151e-06
53, 144, 0, 3.27205e-07, 2.09411e-07
53, 145, 0, 1.71167e-09, 1.0954700000000001e-09
53, 146, 0, 3.50413e-11, 2.24264e-11
54, 128, 0, 6.96983e-05, 5.57586e-06
54, 129, 1, 4.81488e-09, 3.08152e-09
54, 129, 0, 1.5913, 1.01843
54, 130, 0, 0.00259693, 7.27142e-05
54, 131, 0, 3.60421, 0.0252295
54, 131, 1, 0.05048570000000001, 0.0014135999999999999
54, 132, 0, 4.95343, 0.034674
54, 133, 0, 5.95034, 3.8082199999999995
54, 133, 1, 0.21107800000000002, 0.13509
54, 134, 0, 6.30645, 0.0441452
54, 134, 1, 0.143552, 0.0918735
54, 135, 0, 6.25917, 0.125183
54, 135, 1, 1.546, 0.49472099999999997
54, 136, 0, 6.77481, 0.06774809999999999
54, 137, 0, 6.042680000000001, 0.169195
54, 138, 0, 4.90427, 0.196171
54, 139, 0, 3.10332, 0.086893
54, 140, 0, 1.59227, 0.0445836
54, 141, 0, 0.341729, 0.0136692
54, 142, 0, 0.09005769999999999, 0.0036023099999999996
54, 143, 1, 0.00223899, 0.0014329500000000001
54, 143, 0, 0.0022419, 0.0014348100000000001
54, 144, 0, 0.000687983, 0.00044030900000000006
54, 145, 0, 5.93985e-05, 3.8015e-05
54, 146, 0, 1.6599600000000002e-06, 1.06237e-06
54, 147, 0, 1.79486e-09, 1.14871e-09
54, 148, 0, 1.63996e-10, 1.0495699999999999e-10
54, 149, 0, 1.0556800000000001e-11, 6.75634e-12
55, 131, 0, 1.5199600000000002e-09, 9.72776e-10
55, 132, 0, 1.09997e-07, 7.03982e-08
55, 133, 0, 5.95035, 0.05950350000000001
55, 134, 1, 0.00013399699999999998, 8.57578e-05
55, 134, 0, 0.000267993, 0.000171516
55, 135, 1, 0.00294543, 0.00188507
55, 135, 0, 6.26506, 4.00964
55, 136, 1, 0.0649569, 0.0415724
55, 136, 0, 0.129914, 0.0831448
55, 137, 0, 6.753629999999999, 0.047275399999999995
55, 138, 0, 5.70065, 0.6270709999999999
55, 138, 1, 0.699317, 0.44756300000000004
55, 139, 0, 5.74073, 0.918516
55, 140, 0, 4.48452, 0.717523
55, 141, 0, 3.65339, 0.219204
55, 142, 0, 1.34827, 0.31010299999999996
55, 143, 0, 0.409214, 0.261897
55, 144, 0, 0.10293, 0.0658755
55, 145, 0, 0.0244054, 0.015619399999999999
55, 146, 0, 0.0017059599999999999, 0.00109181
55, 147, 0, 2.80314e-05, 1.79401e-05
55, 148, 0, 2.0599499999999996e-06, 1.31837e-06
55, 149, 0, 1.64871e-07, 1.05518e-07
55, 150, 0, 4.0899e-10, 2.6175300000000003e-10
55, 151, 0, 1.1669700000000001e-11, 7.46861e-12
56, 132, 0, 2.42994e-09, 1.55516e-09
56, 133, 0, 3.76991e-10, 2.41274e-10
56, 134, 0, 0.000267993, 0.000171516
56, 135, 1, 2.40494e-06, 1.5391600000000002e-06
56, 135, 0, 6.265070000000001, 4.00964
56, 136, 1, 0.014777799999999999, 0.009457809999999999
56, 136, 0, 0.13036899999999998, 0.083436
56, 137, 0, 6.75722, 0.047300499999999995
56, 137, 1, 6.39148, 0.0447404
56, 138, 0, 5.90722, 0.118144
56, 139, 0, 6.30488, 0.252195
56, 140, 0, 6.3983, 0.179152
56, 141, 0, 6.317069999999999, 1.01073
56, 142, 0, 6.20333, 0.49626699999999996
56, 143, 0, 4.07502, 0.652003
56, 144, 0, 3.2805, 0.13122
56, 145, 0, 1.18848, 0.273349
56, 146, 0, 0.353498, 0.226239
56, 147, 0, 0.0431839, 0.0276377
56, 148, 0, 0.00472288, 0.00302264
56, 149, 0, 0.000253994, 0.00016255599999999998
56, 150, 0, 1.08997e-05, 6.975820000000001e-06
56, 151, 0, 4.04963e-07, 2.59176e-07
56, 152, 0, 3.3199200000000003e-09, 2.1247499999999997e-09
56, 153, 0, 1.71597e-11, 1.09822e-11
57, 135, 0, 7.71981e-11, 4.94068e-11
57, 137, 0, 8.029800000000001e-07, 5.139069999999999e-07
57, 138, 0, 1.78996e-05, 1.14557e-05
57, 139, 0, 6.30544, 0.17655200000000001
57, 140, 0, 6.42465, 0.12849300000000002
57, 141, 0, 6.480130000000001, 0.712815
57, 142, 0, 6.66711, 0.40002600000000005
57, 143, 0, 5.93633, 0.23745300000000003
57, 144, 0, 4.56547, 0.182619
57, 145, 0, 2.95893, 0.47342900000000004
57, 146, 1, 0.545141, 0.34889000000000003
57, 146, 0, 0.8986390000000001, 0.575129
57, 147, 0, 0.577251, 0.259763
57, 148, 0, 0.136547, 0.0873898
57, 149, 0, 0.0305472, 0.0195502
57, 150, 0, 0.00319692, 0.0020460300000000003
57, 151, 0, 0.000280993, 0.000179835
57, 152, 0, 1.07997e-05, 6.91183e-06
57, 153, 0, 2.67993e-07, 1.71516e-07
57, 154, 0, 2.9199300000000003e-09, 1.86875e-09
57, 155, 0, 1.4523299999999999e-11, 9.29489e-12
57, 156, 0, 2.76531e-13, 1.7698000000000002e-13
58, 137, 0, 1.72996e-11, 1.1071700000000001e-11
58, 138, 0, 5.36987e-06, 3.43671e-06
58, 139, 0, 1.45996e-07, 9.343769999999999e-08
58, 139, 1, 1.03997e-07, 6.65583e-08
58, 140, 0, 6.42465, 0.0899452
58, 141, 0, 6.480320000000001, 0.181449
58, 142, 0, 6.67054, 0.0933875
58, 143, 0, 5.96567, 0.11931299999999999
58, 144, 0, 4.72574, 0.09451480000000001
58, 145, 0, 3.4402500000000003, 0.13760999999999998
58, 146, 0, 2.56584, 0.0718435
58, 147, 0, 1.6587500000000002, 0.2654
58, 148, 0, 1.14419, 0.18307
58, 149, 0, 0.500899, 0.320576
58, 150, 0, 0.206019, 0.131852
58, 151, 0, 0.040418, 0.025867499999999998
58, 152, 0, 0.00668483, 0.00427829
58, 153, 0, 0.00041099, 0.00026303300000000003
58, 154, 0, 2.03995e-05, 1.30557e-05
58, 155, 0, 5.03987e-07, 3.22552e-07
58, 156, 0, 1.3099699999999999e-08, 8.38379e-09
58, 157, 0, 1.33997e-10, 8.57578e-11
58, 159, 0, 7.747489999999999e-15, 4.95839e-15
59, 140, 0, 1.1399700000000001e-10, 7.29582e-11
59, 141, 0, 6.480320000000001, 0.181449
59, 142, 1, 2.64493e-07, 1.69276e-07
59, 142, 0, 5.28987e-07, 3.38551e-07
59, 143, 0, 5.9657, 0.0835197
59, 144, 0, 4.726, 0.066164
59, 144, 1, 0.0238764, 0.000477528
59, 145, 0, 3.4439699999999998, 0.0688795
59, 146, 0, 2.58575, 0.0362006
59, 147, 0, 1.7376099999999999, 0.139008
59, 148, 1, 0.0755281, 0.048338
59, 148, 0, 1.21972, 0.7806190000000001
59, 149, 0, 0.754684, 0.12074900000000001
59, 150, 0, 0.425792, 0.136254
59, 151, 0, 0.201473, 0.128943
59, 152, 0, 0.0623734, 0.039919
59, 153, 0, 0.0147616, 0.00944744
59, 154, 0, 0.00164796, 0.00105469
59, 155, 0, 0.000182995, 0.000117117
59, 156, 0, 1.14997e-05, 7.359820000000001e-06
59, 157, 0, 5.25987e-07, 3.36632e-07
59, 158, 0, 6.3998400000000005e-09, 4.0958999999999995e-09
59, 159, 0, 1.20997e-10, 7.743810000000001e-11
59, 161, 0, 6.91584e-15, 4.42614e-15
60, 142, 0, 5.28987e-07, 3.38551e-07
60, 143, 0, 5.9657, 0.0417599
60, 144, 0, 4.72602, 0.0330821
60, 145, 0, 3.44398, 0.0344398
60, 146, 0, 2.58583, 0.0181008
60, 147, 0, 1.73836, 0.0695343
60, 148, 0, 1.30155, 0.0130155
60, 149, 0, 0.778061, 0.0622449
60, 150, 0, 0.505262, 0.007073670000000001
60, 151, 0, 0.313064, 0.0250451
60, 152, 0, 0.206507, 0.0227157
60, 153, 0, 0.0891758, 0.0401291
60, 154, 0, 0.0335202, 0.0214529
60, 155, 0, 0.0080238, 0.00513523
60, 156, 0, 0.00206495, 0.00132157
60, 157, 0, 0.00021199499999999998, 0.000135677
60, 158, 0, 1.14997e-05, 7.359820000000001e-06
60, 159, 0, 5.11987e-07, 3.2767199999999997e-07
60, 160, 0, 1.56996e-08, 1.00477e-08
60, 161, 0, 2.39994e-10, 1.53596e-10
61, 145, 0, 5.1898699999999996e-11, 3.32152e-11
61, 146, 0, 1.09997e-08, 7.03982e-09
61, 147, 0, 1.73836, 0.048674
61, 148, 0, 3.54991e-07, 2.27194e-07
61, 148, 1, 9.81975e-07, 6.28464e-07
61, 149, 0, 0.778114, 0.0311246
61, 150, 0, 0.00043698899999999993, 0.000279673
61, 151, 0, 0.31571, 0.0126284
61, 152, 2, 0.00234794, 0.00150268
61, 152, 0, 0.20885399999999998, 0.012531200000000001
61, 152, 1, 0.00234794, 0.00150268
61, 153, 0, 0.103286, 0.0113615
61, 154, 0, 0.039427000000000004, 0.00906821
61, 154, 1, 0.00590685, 0.00378039
61, 155, 0, 0.0187775, 0.0120176
61, 156, 0, 0.0076478100000000005, 0.0048946
61, 157, 0, 0.00237194, 0.00151804
61, 158, 0, 0.000265993, 0.000170236
61, 159, 0, 4.72988e-05, 3.02712e-05
61, 160, 0, 3.28992e-06, 2.10555e-06
61, 161, 0, 2.1899499999999998e-07, 1.40156e-07
61, 162, 0, 1.6599600000000001e-09, 1.06237e-09
61, 163, 0, 5.30987e-11, 3.39831e-11
61, 166, 0, 4.62292e-17, 2.95867e-17
62, 146, 0, 3.8399e-09, 2.45754e-09
62, 147, 0, 1.73836, 0.048674
62, 148, 0, 1.28997e-06, 8.25579e-07
62, 149, 0, 0.778114, 0.0217872
62, 150, 0, 0.00043698899999999993, 0.000279673
62, 151, 0, 0.31571699999999997, 0.00631434
62, 152, 0, 0.213634, 0.00598174
62, 153, 0, 0.103682, 0.00622094
62, 154, 0, 0.0466868, 0.00130723
62, 155, 0, 0.0214115, 0.00963516
62, 156, 0, 0.0127157, 0.00139872
62, 157, 0, 0.00607785, 0.000972456
62, 158, 0, 0.00185395, 0.0011865299999999999
62, 159, 0, 0.0006189839999999999, 0.00039615
62, 160, 0, 0.00015599600000000002, 9.98375e-05
62, 161, 0, 2.21994e-05, 1.4207600000000001e-05
62, 162, 0, 6.989819999999999e-07, 4.4734899999999996e-07
62, 163, 0, 5.13987e-08, 3.28952e-08
62, 164, 0, 2.25994e-09, 1.44636e-09
62, 165, 0, 6.05985e-11, 3.8783e-11
62, 166, 0, 2.18995e-12, 1.40156e-12
63, 151, 0, 0.31571699999999997, 0.00631434
63, 152, 2, 3.80657e-09, 2.4362100000000002e-09
63, 152, 0, 5.70986e-09, 3.6543099999999996e-09
63, 152, 1, 5.70986e-09, 3.6543099999999996e-09
63, 153, 0, 0.103682, 0.00622094
63, 154, 1, 1.03997e-06, 6.65583e-07
63, 154, 0, 2.07995e-06, 1.33117e-06
63, 155, 0, 0.0214295, 0.00685743
63, 156, 0, 0.0127937, 0.000767621
63, 157, 0, 0.00630084, 0.0005040670000000001
63, 158, 0, 0.0020479499999999998, 0.000921577
63, 159, 0, 0.0008679779999999999, 9.547761000000001e-05
63, 160, 0, 0.00028199299999999997, 0.000126897
63, 161, 0, 8.67978e-05, 5.5550599999999996e-05
63, 162, 0, 4.78988e-06, 3.0655200000000003e-06
63, 163, 0, 1.21997e-06, 7.8078e-07
63, 164, 0, 1.14997e-07, 7.35982e-08
63, 165, 0, 1.23997e-08, 7.9358e-09
63, 166, 0, 1.03997e-09, 6.65583e-10
63, 167, 0, 1.70996e-11, 1.09437e-11
64, 152, 0, 5.99985e-09, 3.8399e-09
64, 153, 0, 1.73996e-11, 1.11357e-11
64, 154, 0, 2.07995e-06, 1.33117e-06
64, 155, 0, 0.0214295, 0.0034287099999999997
64, 156, 0, 0.0127937, 0.000767621
64, 157, 0, 0.0063018399999999995, 0.000504147
64, 158, 0, 0.00205495, 0.00047263799999999994
64, 159, 0, 0.0008859779999999999, 5.3158699999999996e-05
64, 160, 0, 0.000315992, 0.000101117
64, 161, 0, 0.00012099700000000001, 1.3309699999999999e-05
64, 162, 0, 1.23997e-05, 7.9358e-06
64, 163, 0, 5.3798600000000005e-06, 3.44311e-06
64, 164, 0, 1.5599599999999998e-06, 9.98375e-07
64, 165, 0, 3.24992e-07, 2.07995e-07
64, 166, 0, 1.0499700000000001e-07, 6.719830000000001e-08
64, 167, 0, 3.8199e-09, 2.44474e-09
64, 168, 0, 2.09995e-10, 1.34397e-10
64, 169, 0, 8.93978e-12, 5.721459999999999e-12
65, 156, 0, 8.90978e-12, 5.70226e-12
65, 157, 0, 2.72993e-10, 1.74716e-10
65, 158, 0, 2.58993e-09, 1.6575599999999998e-09
65, 158, 1, 2.5899300000000003e-10, 1.65756e-10
65, 159, 0, 0.0008859779999999999, 5.3158699999999996e-05
65, 160, 0, 1.35997e-07, 8.70378e-08
65, 161, 0, 0.000121997, 7.31982e-06
65, 162, 0, 1.22997e-05, 7.8718e-06
65, 162, 1, 3.8099e-07, 1.71446e-07
65, 163, 0, 5.91985e-06, 3.7887e-06
65, 164, 0, 1.91995e-06, 1.22877e-06
65, 165, 0, 5.92985e-07, 3.7951e-07
65, 166, 0, 2.74993e-07, 1.75996e-07
65, 167, 0, 2.63993e-08, 1.68956e-08
65, 168, 0, 2.77993e-09, 1.77916e-09
65, 169, 0, 4.50989e-10, 2.88633e-10
65, 170, 0, 3.8799e-11, 2.48314e-11
65, 171, 0, 2.46994e-12, 1.58076e-12
66, 158, 0, 4.1399000000000004e-10, 2.64953e-10
66, 159, 0, 5.2398699999999996e-12, 3.35352e-12
66, 160, 0, 1.35997e-07, 8.70378e-08
66, 161, 0, 0.000121997, 7.31982e-06
66, 162, 0, 1.2699700000000001e-05, 5.71486e-06
66, 163, 0, 5.92985e-06, 2.6684299999999997e-06
66, 164, 0, 1.94995e-06, 8.77478e-07
66, 165, 0, 6.24984e-07, 1.9999499999999999e-07
66, 165, 1, 3.00992e-07, 1.35447e-07
66, 166, 0, 3.66991e-07, 1.65146e-07
66, 167, 0, 5.00987e-08, 3.2063200000000005e-08
66, 168, 0, 1.2199699999999999e-08, 7.8078e-09
66, 169, 0, 3.56991e-09, 2.2847399999999997e-09
66, 170, 0, 1.04997e-09, 6.71983e-10
66, 171, 0, 1.38997e-10, 8.895779999999999e-11
66, 172, 0, 1.92995e-11, 1.23517e-11
67, 163, 0, 3.9299e-12, 2.5151399999999997e-12
67, 164, 0, 2.49994e-11, 1.5999599999999998e-11
67, 164, 1, 1.74996e-11, 1.11997e-11
67, 165, 0, 6.31984e-07, 2.02235e-07
67, 166, 0, 3.67991e-07, 1.65596e-07
67, 166, 1, 5.65986e-10, 3.62231e-10
67, 167, 0, 5.08987e-08, 2.29044e-08
67, 168, 0, 1.28997e-08, 8.25579e-09
67, 169, 0, 4.36989e-09, 2.79673e-09
67, 170, 0, 1.29997e-09, 8.31979e-10
67, 170, 1, 2.46994e-10, 1.58076e-10
67, 171, 0, 3.7299100000000003e-10, 2.38714e-10
67, 172, 0, 8.179790000000001e-11, 5.23507e-11
68, 164, 0, 1.32997e-11, 5.98485e-12
68, 166, 0, 3.67991e-07, 1.65596e-07
68, 167, 0, 5.08987e-08, 2.29044e-08
68, 167, 1, 5.0898699999999995e-09, 2.29044e-09
68, 168, 0, 1.28997e-08, 5.80485e-09
68, 169, 0, 4.39989e-09, 1.97995e-09
68, 170, 0, 1.61996e-09, 5.18387e-10
68, 171, 0, 4.45989e-10, 2.00695e-10
68, 172, 0, 1.49996e-10, 9.59976e-11
69, 169, 0, 4.39989e-09, 1.97995e-09
69, 171, 0, 4.4698899999999996e-10, 2.0114499999999998e-10
69, 172, 0, 1.50996e-10, 6.79483e-11
70, 171, 0, 4.4698899999999996e-10, 2.0114499999999998e-10
70, 172, 0, 1.50996e-10, 6.79483e-11
