23, 66, 0, 3.3253e-11, 2.12819e-11
23, 67, 0, 6.34791e-12, 4.06266e-12
23, 68, 0, 6.05364e-13, 3.87433e-13
24, 66, 0, 7.9091e-08, 5.06183e-08
24, 67, 0, 1.50983e-08, 9.6629e-09
24, 68, 0, 1.43984e-09, 9.21496e-10
24, 69, 0, 6.55811e-11, 4.1971899999999996e-11
24, 70, 0, 5.67936e-12, 3.6347899999999997e-12
25, 66, 0, 8.70901e-06, 5.57377e-06
25, 67, 0, 3.9995500000000005e-06, 2.55971e-06
25, 68, 0, 9.27895e-07, 5.93853e-07
25, 69, 0, 1.55982e-07, 9.98287e-08
25, 70, 0, 2.24975e-08, 1.4398400000000001e-08
25, 71, 0, 2.13976e-09, 1.36944e-09
25, 72, 0, 1.22754e-10, 7.85628e-11
25, 73, 0, 1.64373e-11, 1.05199e-11
26, 66, 0, 0.00010998799999999999, 7.0392e-05
26, 67, 0, 0.000110987, 7.103200000000001e-05
26, 68, 0, 5.93933e-05, 3.80117e-05
26, 69, 0, 2.3697299999999998e-05, 1.51663e-05
26, 70, 0, 8.22907e-06, 5.2666000000000005e-06
26, 71, 0, 1.91978e-06, 1.22866e-06
26, 72, 0, 2.91967e-07, 1.86859e-07
26, 73, 0, 3.90956e-08, 2.5021200000000004e-08
26, 74, 0, 2.9496700000000002e-09, 1.88779e-09
26, 75, 0, 2.16502e-10, 1.38561e-10
26, 76, 0, 5.53937e-12, 3.5452000000000003e-12
27, 66, 0, 0.000258971, 8.28706e-05
27, 67, 0, 0.00045294899999999996, 0.000289887
27, 68, 0, 0.000470947, 0.000301406
27, 69, 0, 0.00039795499999999997, 0.000254691
27, 70, 0, 0.000309965, 0.00019837799999999998
27, 71, 0, 0.000168981, 0.000108148
27, 72, 0, 6.11931e-05, 3.91636e-05
27, 73, 0, 1.98977e-05, 1.27346e-05
27, 74, 0, 3.6895799999999997e-06, 2.36133e-06
27, 75, 0, 5.14942e-07, 3.29563e-07
27, 76, 0, 4.4195e-08, 2.82848e-08
27, 77, 0, 2.27432e-09, 1.4555599999999999e-09
27, 78, 0, 2.24489e-10, 1.43673e-10
28, 66, 0, 0.00028796700000000003, 3.16764e-05
28, 67, 0, 0.0005959320000000001, 0.000137064
28, 68, 0, 0.0008439039999999999, 0.000379757
28, 69, 0, 0.00112787, 0.0007218379999999999
28, 70, 0, 0.00159682, 0.00102196
28, 71, 0, 0.0017498000000000001, 0.00111987
28, 72, 0, 0.00137784, 0.00088182
28, 73, 0, 0.00101988, 0.000652726
28, 74, 0, 0.00044495000000000005, 0.000284768
28, 75, 0, 0.00014898300000000002, 9.534920000000001e-05
28, 76, 0, 3.1996400000000004e-05, 2.0477700000000002e-05
28, 77, 0, 5.40939e-06, 3.46201e-06
28, 78, 0, 5.33939e-07, 3.41721e-07
28, 79, 0, 1.9338e-08, 1.2376299999999999e-08
28, 80, 0, 1.8597899999999998e-09, 1.19027e-09
28, 82, 0, 1.01988e-12, 6.52726e-13
29, 66, 0, 0.00028796700000000003, 3.16764e-05
29, 67, 0, 0.000603932, 6.64325e-05
29, 68, 0, 0.0008689020000000001, 0.000199847
29, 68, 1, 3.5096000000000004e-05, 2.2461500000000002e-05
29, 69, 0, 0.00131485, 0.0005916830000000001
29, 70, 0, 0.0009048970000000001, 0.000579134
29, 70, 1, 0.00140584, 0.000899738
29, 71, 0, 0.00364759, 0.0016414099999999998
29, 72, 0, 0.0048004599999999994, 0.00216021
29, 73, 0, 0.0067322400000000004, 0.00430863
29, 74, 0, 0.00609331, 0.00389972
29, 75, 0, 0.00452849, 0.00289823
29, 76, 0, 0.00229174, 0.00146671
29, 77, 0, 0.000941893, 0.000602812
29, 78, 0, 0.000235973, 0.000151023
29, 79, 0, 4.5994799999999995e-05, 2.94367e-05
29, 80, 0, 5.5193700000000005e-06, 3.5324e-06
29, 81, 0, 3.46961e-07, 2.22055e-07
29, 82, 0, 2.20975e-08, 1.41424e-08
29, 83, 0, 1.85393e-09, 1.18651e-09
30, 66, 0, 0.00028796700000000003, 2.30374e-05
30, 67, 0, 0.000603932, 4.831449999999999e-05
30, 68, 0, 0.000886899, 9.75589e-05
30, 69, 0, 0.00131985, 0.0005939329999999999
30, 69, 1, 4.93944e-06, 3.16124e-06
30, 70, 0, 0.00236073, 0.000259681
30, 71, 0, 0.0036795799999999996, 0.000846304
30, 71, 1, 0.00026097, 0.000167021
30, 72, 0, 0.00596532, 0.000477226
30, 73, 0, 0.0109488, 0.00492694
30, 74, 0, 0.015099300000000001, 0.006794680000000001
30, 75, 0, 0.0197168, 0.012618699999999998
30, 76, 0, 0.0200027, 0.0128017
30, 77, 0, 0.017916, 0.0114662
30, 78, 0, 0.0105858, 0.0067749099999999994
30, 79, 0, 0.00506443, 0.0032412300000000003
30, 80, 0, 0.00152783, 0.000977809
30, 81, 0, 0.000250972, 0.00016062200000000002
30, 82, 0, 4.24952e-05, 2.71969e-05
30, 83, 0, 4.4095e-06, 2.82208e-06
30, 84, 0, 2.23975e-07, 1.43344e-07
30, 85, 0, 1.02155e-08, 6.5379299999999996e-09
30, 86, 0, 1.08988e-10, 6.97521e-11
31, 67, 0, 1.7898e-11, 1.14547e-11
31, 68, 0, 6.63925e-10, 4.24912e-10
31, 69, 0, 0.00131985, 0.000422352
31, 70, 0, 3.57959e-07, 2.29094e-07
31, 71, 0, 0.00394555, 0.000434011
31, 72, 1, 2.35973e-05, 1.51023e-05
31, 72, 0, 0.00601232, 0.00384788
31, 73, 0, 0.011340699999999999, 0.00362903
31, 74, 1, 0.0122569, 0.00784439
31, 74, 0, 0.0138999, 0.00889591
31, 75, 0, 0.026601, 0.0119704
31, 76, 0, 0.0377207, 0.008675770000000001
31, 77, 0, 0.055399699999999996, 0.035455799999999996
31, 78, 0, 0.0627889, 0.0401849
31, 79, 0, 0.0640047, 0.040963
31, 80, 0, 0.044377, 0.0284013
31, 81, 0, 0.017986000000000002, 0.011511
31, 82, 0, 0.00773512, 0.00495048
31, 83, 0, 0.00214276, 0.00137136
31, 84, 0, 0.00028796700000000003, 0.000184299
31, 85, 0, 2.4297200000000002e-05, 1.5550200000000002e-05
31, 86, 0, 1.04988e-06, 6.71924e-07
31, 87, 0, 3.82977e-08, 2.45105e-08
31, 88, 0, 3.0268199999999997e-09, 1.93716e-09
32, 69, 0, 4.64947e-12, 2.97566e-12
32, 70, 0, 3.57959e-07, 2.29094e-07
32, 71, 0, 8.70901e-09, 5.57377e-09
32, 71, 1, 4.35951e-09, 2.79008e-09
32, 72, 0, 0.00601332, 0.00048106500000000003
32, 73, 0, 0.0113447, 0.00124792
32, 73, 1, 0.011340699999999999, 0.0026083599999999997
32, 74, 0, 0.0170091, 0.0018709999999999998
32, 75, 0, 0.0269809, 0.00620562
32, 75, 1, 0.00141384, 0.0006362280000000001
32, 76, 0, 0.0399845, 0.00439829
32, 77, 0, 0.027104899999999998, 0.0121972
32, 77, 1, 0.0495084, 0.031685399999999996
32, 78, 0, 0.096936, 0.0436212
32, 79, 1, 0.0466948, 0.029884699999999997
32, 79, 0, 0.106222, 0.067982
32, 80, 0, 0.188049, 0.12035100000000001
32, 81, 0, 0.155906, 0.0997801
32, 82, 0, 0.152605, 0.097667
32, 83, 0, 0.103779, 0.0664187
32, 84, 0, 0.035456, 0.022691799999999998
32, 85, 0, 0.007914099999999999, 0.00506503
32, 86, 0, 0.000921896, 0.000590013
32, 87, 0, 9.108969999999999e-05, 5.82974e-05
32, 88, 0, 7.19918e-06, 4.607480000000001e-06
32, 89, 0, 2.10196e-07, 1.34525e-07
32, 90, 0, 2.70722e-08, 1.73262e-08
33, 71, 0, 1.3598500000000001e-12, 8.703009999999999e-13
33, 72, 0, 7.69913e-11, 4.9274399999999995e-11
33, 73, 0, 3.8395599999999995e-09, 2.45732e-09
33, 74, 0, 1.0598800000000001e-07, 6.78323e-08
33, 74, 1, 8.66902e-08, 5.5481700000000004e-08
33, 75, 0, 0.0269829, 0.00296812
33, 76, 0, 3.20964e-05, 2.05417e-05
33, 77, 0, 0.0665855, 0.0106537
33, 78, 0, 0.0997157, 0.0229346
33, 79, 0, 0.167573, 0.0754079
33, 80, 0, 0.250093, 0.0575213
33, 81, 0, 0.323416, 0.10349300000000002
33, 82, 0, 0.320107, 0.20486800000000002
33, 82, 1, 0.16757899999999998, 0.107251
33, 83, 0, 0.668459, 0.300807
33, 84, 1, 0.23002899999999998, 0.147219
33, 84, 0, 0.264941, 0.16956300000000002
33, 85, 0, 0.266098, 0.17030299999999998
33, 86, 0, 0.0788741, 0.0504794
33, 87, 0, 0.0204557, 0.013091599999999998
33, 88, 0, 0.00432351, 0.00276705
33, 89, 0, 0.0004999430000000001, 0.000319964
33, 90, 0, 6.439029999999999e-05, 4.12098e-05
33, 91, 0, 6.11249e-07, 3.91199e-07
33, 92, 0, 4.8345e-08, 3.09408e-08
33, 93, 0, 2.1799099999999998e-09, 1.39514e-09
34, 74, 0, 3.45961e-08, 2.21415e-08
34, 75, 0, 1.19986e-09, 7.67913e-10
34, 76, 0, 3.20964e-05, 2.05417e-05
34, 77, 0, 0.06658649999999999, 0.00732451
34, 77, 1, 0.00020097699999999997, 4.62248e-05
34, 78, 0, 0.0997407, 0.0109715
34, 79, 0, 0.167933, 0.038624599999999995
34, 79, 1, 0.167599, 0.053631700000000004
34, 80, 0, 0.253371, 0.0278708
34, 81, 0, 0.341174, 0.054587899999999995
34, 81, 1, 0.0163371, 0.0104558
34, 82, 0, 0.58848, 0.0647328
34, 83, 0, 0.592823, 0.26677
34, 83, 1, 0.47175000000000006, 0.15096
34, 84, 0, 1.34635, 0.430831
34, 85, 0, 0.631788, 0.40434499999999995
34, 85, 1, 0.502134, 0.32136600000000004
34, 86, 0, 0.8041750000000001, 0.361879
34, 87, 0, 0.48125599999999996, 0.21656499999999998
34, 88, 0, 0.258668, 0.165547
34, 89, 0, 0.0758264, 0.0485289
34, 90, 0, 0.0144044, 0.009218800000000001
34, 91, 0, 0.0014538399999999999, 0.0009304550000000001
34, 92, 0, 0.000114987, 7.35917e-05
34, 93, 0, 5.184839999999999e-06, 3.3183e-06
34, 94, 0, 2.30974e-07, 1.4782299999999999e-07
34, 95, 0, 2.20396e-08, 1.41054e-08
34, 96, 0, 8.97898e-11, 5.74655e-11
35, 77, 0, 4.1195300000000004e-10, 2.6365e-10
35, 77, 1, 3.5496000000000003e-10, 2.27174e-10
35, 78, 0, 2.03977e-08, 1.30545e-08
35, 79, 0, 0.167934, 0.0184727
35, 79, 1, 6.69924e-07, 4.28751e-07
35, 80, 0, 1.8097899999999998e-05, 1.15827e-05
35, 80, 1, 1.53983e-05, 9.85488e-06
35, 81, 0, 0.34146200000000004, 0.0375609
35, 82, 0, 0.00462248, 0.000184899
35, 82, 1, 0.000835905, 3.34362e-05
35, 83, 0, 1.10007, 0.0660043
35, 84, 0, 1.3812, 0.31767599999999996
35, 84, 1, 0.123575, 0.079088
35, 85, 0, 1.6351, 0.130808
35, 86, 0, 1.23061, 0.553776
35, 86, 1, 0.42711299999999996, 0.27335200000000004
35, 87, 0, 1.61905, 0.259048
35, 88, 0, 1.89138, 0.30262100000000003
35, 89, 0, 1.2693100000000002, 0.291941
35, 90, 0, 0.579423, 0.260741
35, 91, 0, 0.149124, 0.09543940000000001
35, 92, 0, 0.030412599999999998, 0.019464
35, 93, 0, 0.00115987, 0.000371158
35, 94, 0, 0.000422952, 0.000270689
35, 95, 0, 5.2420500000000004e-05, 3.35491e-05
35, 96, 0, 1.1598700000000001e-06, 7.42316e-07
35, 97, 0, 4.49819e-08, 2.8788399999999998e-08
35, 98, 0, 2.7157299999999997e-09, 1.73807e-09
36, 78, 0, 1.53983e-12, 9.854880000000001e-13
36, 79, 1, 7.74912e-11, 4.95944e-11
36, 79, 0, 1.5498199999999998e-10, 9.91888e-11
36, 80, 0, 1.8097899999999998e-05, 1.15827e-05
36, 81, 0, 3.97955e-07, 2.54691e-07
36, 81, 1, 2.78968e-08, 1.7854000000000002e-08
36, 82, 0, 0.0046514699999999996, 0.000186059
36, 83, 0, 1.1004099999999999, 0.044016200000000005
36, 83, 1, 1.10011, 0.0660066
36, 84, 0, 1.50864, 0.16595100000000002
36, 85, 0, 0.354784, 0.021287
36, 85, 1, 1.63849, 0.0655397
36, 86, 0, 1.82791, 0.420419
36, 87, 0, 2.42991, 0.0680376
36, 88, 0, 3.27312, 0.0916472
36, 89, 0, 3.5130300000000005, 0.098365
36, 90, 0, 2.95955, 0.680696
36, 91, 0, 1.78396, 0.107037
36, 92, 0, 0.842745, 0.050564700000000004
36, 93, 0, 0.2066, 0.016527999999999998
36, 94, 0, 0.07365769999999999, 0.0471409
36, 95, 0, 0.0117267, 0.00750507
36, 96, 0, 0.00135385, 0.0008664619999999999
36, 97, 0, 0.000106988, 6.847219999999999e-05
36, 98, 0, 6.45927e-06, 4.13393e-06
36, 99, 0, 1.41965e-07, 9.08574e-08
36, 100, 0, 5.3593900000000005e-09, 3.43001e-09
37, 81, 0, 4.98943e-11, 3.1932399999999996e-11
37, 83, 0, 3.06965e-07, 1.96458e-07
37, 84, 0, 9.39893e-06, 6.0153199999999995e-06
37, 85, 0, 1.66612, 0.0466514
37, 86, 1, 7.8991e-05, 5.05543e-05
37, 86, 0, 0.000157982, 0.00010110900000000001
37, 87, 0, 2.45032, 0.0980126
37, 88, 0, 3.4278000000000004, 0.205668
37, 89, 0, 4.1049299999999995, 0.451542
37, 90, 0, 2.84579, 0.455326
37, 90, 1, 1.67812, 0.385968
37, 91, 0, 4.30668, 0.6890689999999999
37, 92, 0, 3.77906, 0.604649
37, 93, 0, 2.4088600000000002, 0.554037
37, 94, 0, 1.39752, 0.32143
37, 95, 0, 0.538096, 0.242143
37, 96, 0, 0.152368, 0.0975153
37, 97, 0, 0.0302256, 0.0193444
37, 98, 0, 0.0045744800000000006, 0.00292767
37, 99, 0, 0.000337658, 0.000216101
37, 100, 0, 2.44972e-05, 1.5678200000000002e-05
37, 101, 0, 5.02368e-07, 3.21515e-07
37, 102, 0, 4.49819e-08, 2.8788399999999998e-08
37, 103, 0, 8.1709e-09, 5.2293799999999996e-09
38, 83, 0, 2.55971e-11, 1.63821e-11
38, 84, 0, 2.8396799999999997e-07, 1.81739e-07
38, 85, 1, 6.1493e-08, 3.93555e-08
38, 85, 0, 1.15176e-07, 7.37129e-08
38, 86, 0, 0.000161982, 0.00010366800000000001
38, 87, 0, 2.45041, 0.0980163
38, 87, 1, 1.00989e-05, 6.46327e-06
38, 88, 0, 3.4296300000000004, 0.205778
38, 89, 0, 4.12257, 0.11543199999999999
38, 90, 0, 4.59265, 0.183706
38, 91, 0, 4.8136, 0.192544
38, 92, 0, 5.06287, 0.556916
38, 93, 0, 4.89363, 0.5383
38, 94, 0, 4.22392, 0.971501
38, 95, 0, 3.2195300000000002, 0.7404919999999999
38, 96, 0, 1.95031, 0.44856999999999997
38, 97, 0, 0.889262, 0.40016799999999997
38, 98, 0, 0.31946, 0.204454
38, 99, 0, 0.0755354, 0.048342699999999995
38, 100, 0, 0.0103278, 0.00660981
38, 101, 0, 0.0011948599999999998, 0.0007647130000000001
38, 102, 0, 0.000106988, 6.847219999999999e-05
38, 103, 0, 1.94342e-05, 1.24379e-05
38, 104, 0, 6.46927e-07, 4.1403300000000004e-07
38, 105, 0, 4.35155e-08, 2.7849900000000002e-08
38, 106, 0, 9.14246e-09, 5.851180000000001e-09
39, 85, 0, 6.7792299999999996e-12, 4.33871e-12
39, 87, 0, 3.8295700000000005e-08, 2.45092e-08
39, 88, 0, 2.08976e-06, 1.33745e-06
39, 89, 0, 4.1226199999999995, 0.11543300000000001
39, 89, 1, 0.00045894800000000004, 5.048430000000001e-05
39, 90, 1, 0.0005069429999999999, 0.000324443
39, 90, 0, 4.59366, 2.93994
39, 91, 1, 2.79643, 1.78971
39, 91, 0, 4.82267, 3.08651
39, 92, 0, 5.1024, 0.561264
39, 93, 1, 1.84104, 1.17827
39, 93, 0, 5.18933, 3.3211699999999995
39, 94, 0, 5.06826, 0.810922
39, 95, 0, 5.02229, 0.401783
39, 96, 0, 4.6715100000000005, 0.7474419999999999
39, 96, 1, 2.55794, 0.588326
39, 97, 0, 3.83338, 0.8816769999999999
39, 98, 0, 1.5297, 0.351831
39, 98, 1, 1.21029, 0.278367
39, 99, 0, 1.4153799999999999, 0.325538
39, 100, 0, 0.44342000000000004, 0.283789
39, 101, 0, 0.120092, 0.0768591
39, 102, 0, 0.0256521, 0.0164173
39, 103, 0, 0.00434751, 0.0027824
39, 104, 0, 0.0007189189999999999, 0.00046010800000000003
39, 105, 0, 0.00010350000000000001, 6.62401e-05
39, 106, 0, 2.1745e-05, 1.3916799999999999e-05
39, 107, 0, 9.8701e-08, 6.316859999999999e-08
39, 108, 0, 2.5685900000000004e-08, 1.6439e-08
39, 109, 0, 4.26586e-09, 2.7301499999999997e-09
40, 87, 0, 1.42984e-12, 9.15096e-13
40, 88, 0, 2.15976e-10, 1.38224e-10
40, 89, 0, 1.44984e-08, 9.27895e-09
40, 90, 1, 3.22963e-07, 2.06697e-07
40, 90, 0, 4.59366, 2.93995
40, 91, 0, 4.822690000000001, 0.192908
40, 92, 0, 5.10274, 0.40821900000000005
40, 93, 0, 5.193169999999999, 0.31159
40, 94, 0, 5.09705, 0.5606749999999999
40, 95, 0, 5.1735299999999995, 0.14485900000000002
40, 96, 0, 5.20296, 0.416237
40, 97, 0, 5.1414, 0.143959
40, 98, 0, 5.13501, 0.8216009999999999
40, 99, 0, 4.28879, 0.986421
40, 100, 0, 2.53267, 0.5825130000000001
40, 101, 0, 1.40279, 0.322642
40, 102, 0, 0.655346, 0.294906
40, 103, 0, 0.24919500000000003, 0.15948500000000002
40, 104, 0, 0.0773322, 0.049492600000000005
40, 105, 0, 0.0231534, 0.014818200000000002
40, 106, 0, 0.00486445, 0.00311325
40, 107, 0, 0.00023475700000000002, 0.000150244
40, 108, 0, 6.10931e-05, 3.90996e-05
40, 109, 0, 1.01462e-05, 6.49356e-06
40, 110, 0, 2.6197e-07, 1.67661e-07
40, 111, 0, 1.3977700000000001e-08, 8.945740000000001e-09
40, 112, 0, 2.10662e-09, 1.34824e-09
41, 90, 0, 4.31951e-11, 2.76449e-11
41, 91, 0, 3.41961e-09, 2.1885500000000003e-09
41, 92, 0, 1.68981e-07, 1.0814800000000001e-07
41, 93, 0, 5.193169999999999, 0.31159
41, 93, 1, 4.93351, 0.296011
41, 94, 0, 9.96887e-05, 6.38008e-05
41, 94, 1, 2.5897100000000003e-05, 1.65741e-05
41, 95, 0, 5.17486, 0.144896
41, 95, 1, 0.0518821, 0.0014527
41, 96, 0, 0.0035156, 0.00021093599999999997
41, 97, 0, 5.5192, 0.44153600000000004
41, 97, 1, 4.8744700000000005, 0.136485
41, 98, 0, 5.38716, 0.8619450000000001
41, 98, 1, 0.04451, 0.028486400000000002
41, 99, 0, 3.06772, 0.49083499999999997
41, 99, 1, 2.04061, 0.6529959999999999
41, 100, 0, 1.92324, 0.442345
41, 100, 1, 1.92324, 0.442345
41, 101, 0, 3.1415800000000003, 0.502653
41, 102, 1, 0.926042, 0.592667
41, 102, 0, 1.5813899999999999, 1.01209
41, 103, 0, 1.80279, 0.414641
41, 104, 1, 0.44070200000000004, 0.282049
41, 104, 0, 0.518146, 0.331614
41, 105, 0, 0.451949, 0.289247
41, 106, 0, 0.19606300000000002, 0.12547999999999998
41, 107, 0, 0.052516, 0.033610299999999996
41, 108, 0, 0.0124996, 0.00799973
41, 109, 0, 0.00226974, 0.00145264
41, 110, 0, 0.00029796600000000004, 0.000190698
41, 111, 0, 3.3245500000000006e-05, 2.12771e-05
41, 112, 0, 5.01052e-06, 3.20673e-06
41, 113, 0, 3.93004e-08, 2.51522e-08
41, 114, 0, 5.21285e-09, 3.3362299999999998e-09
42, 92, 0, 7.46915e-12, 4.78026e-12
42, 93, 1, 3.02966e-10, 1.9389799999999998e-10
42, 93, 0, 6.05931e-10, 3.8779599999999996e-10
42, 94, 0, 9.978870000000001e-05, 6.38648e-05
42, 95, 0, 5.17486, 0.144896
42, 96, 0, 0.0035315999999999998, 0.00021189600000000002
42, 97, 0, 5.519629999999999, 0.331178
42, 98, 0, 5.43577, 0.597935
42, 99, 0, 5.1356, 0.143797
42, 100, 0, 3.94911, 0.43440199999999995
42, 101, 0, 3.4462399999999995, 0.7926350000000001
42, 102, 0, 3.22047, 0.740708
42, 103, 0, 3.0722300000000002, 0.33794599999999997
42, 104, 0, 2.23699, 0.514508
42, 105, 0, 1.45594, 0.465901
42, 106, 0, 1.06225, 0.47801299999999997
42, 107, 0, 0.561602, 0.252721
42, 108, 0, 0.275359, 0.17623
42, 109, 0, 0.111429, 0.0713148
42, 110, 0, 0.032806300000000004, 0.020996
42, 111, 0, 0.00743716, 0.00475978
42, 112, 0, 0.00112087, 0.000717359
42, 113, 0, 9.347460000000001e-05, 5.98237e-05
42, 114, 0, 1.23986e-05, 7.9351e-06
42, 115, 0, 6.27626e-08, 4.0168e-08
42, 116, 0, 3.92955e-08, 2.5149099999999998e-08
42, 117, 0, 5.216749999999999e-09, 3.33872e-09
43, 95, 0, 7.9191e-11, 5.0682299999999996e-11
43, 95, 1, 9.7389e-12, 6.232889999999999e-12
43, 97, 1, 1.1298699999999999e-07, 7.23118e-08
43, 97, 0, 2.2597399999999998e-07, 1.4462399999999999e-07
43, 98, 0, 5.549369999999999e-06, 3.5516e-06
43, 99, 0, 5.135689999999999, 0.143799
43, 99, 1, 4.519340000000001, 0.126542
43, 100, 0, 0.000858903, 0.000549698
43, 101, 0, 3.4522999999999997, 0.5523680000000001
43, 102, 0, 0.178364, 0.041023699999999996
43, 102, 1, 3.2369799999999995, 0.5179170000000001
43, 103, 0, 3.2033, 0.192198
43, 104, 0, 2.47386, 0.5689869999999999
43, 105, 0, 1.86214, 0.428293
43, 106, 0, 1.57172, 0.17289
43, 107, 0, 1.18521, 0.379268
43, 108, 0, 0.945211, 0.425345
43, 109, 0, 0.709252, 0.319163
43, 110, 0, 0.414957, 0.265572
43, 111, 0, 0.203323, 0.130127
43, 112, 0, 0.070259, 0.0449658
43, 113, 0, 0.0209106, 0.0133828
43, 114, 0, 0.004243520000000001, 0.00271585
43, 115, 0, 0.00014927900000000002, 9.55383e-05
43, 116, 0, 7.55914e-05, 4.8378500000000004e-05
43, 117, 0, 1.24079e-05, 7.94103e-06
43, 118, 0, 1.6689499999999999e-07, 1.0681299999999999e-07
43, 119, 0, 1.70679e-08, 1.09235e-08
43, 120, 0, 1.36207e-09, 8.71724e-10
44, 97, 0, 1.07988e-11, 6.91122e-12
44, 98, 0, 5.549369999999999e-06, 3.5516e-06
44, 99, 0, 5.135689999999999, 0.143799
44, 100, 0, 0.0008599030000000001, 0.000550338
44, 101, 0, 3.45231, 0.37975499999999995
44, 102, 0, 3.25366, 0.357902
44, 103, 0, 3.20477, 0.0897337
44, 104, 0, 2.4789, 0.39662400000000003
44, 105, 0, 1.8720500000000002, 0.299528
44, 106, 0, 1.60926, 0.0965556
44, 107, 0, 1.28359, 0.410748
44, 108, 0, 1.16906, 0.374099
44, 109, 1, 0.21187799999999998, 0.135602
44, 109, 0, 0.9230830000000001, 0.590773
44, 110, 0, 0.9742149999999999, 0.311749
44, 111, 0, 0.81613, 0.367258
44, 112, 0, 0.547484, 0.35039
44, 113, 0, 0.339459, 0.21725300000000003
44, 114, 0, 0.149666, 0.0957863
44, 115, 0, 0.0333942, 0.0213723
44, 116, 0, 0.013777400000000002, 0.00881756
44, 117, 0, 0.00277569, 0.0017764399999999998
44, 118, 0, 0.000396955, 0.000254051
44, 119, 0, 4.05954e-05, 2.59811e-05
44, 120, 0, 3.23963e-06, 2.07337e-06
44, 121, 0, 9.20657e-08, 5.8922099999999995e-08
44, 122, 0, 6.4092700000000006e-09, 4.10194e-09
44, 124, 0, 3.10965e-12, 1.9901699999999998e-12
45, 101, 0, 4.2895100000000006e-10, 2.7452899999999997e-10
45, 101, 1, 1.9197799999999998e-09, 1.22866e-09
45, 102, 0, 3.5696e-08, 2.28454e-08
45, 102, 1, 3.5696e-08, 2.28454e-08
45, 103, 0, 3.20477, 0.0897337
45, 103, 1, 3.17273, 0.08883629999999999
45, 104, 0, 1.06988e-05, 6.84722e-06
45, 104, 1, 9.06897e-06, 5.8041399999999995e-06
45, 105, 0, 1.87206, 0.112323
45, 105, 1, 0.505455, 0.116255
45, 106, 0, 1.6094000000000002, 0.09656429999999999
45, 106, 1, 0.000144984, 9.27895e-05
45, 107, 0, 1.28534, 0.295627
45, 108, 0, 1.17349, 0.269903
45, 108, 1, 0.0044345, 0.00283808
45, 109, 0, 1.17264, 0.750492
45, 109, 1, 0.480383, 0.30744499999999997
45, 110, 0, 1.02773, 0.23637799999999998
45, 110, 1, 0.0535159, 0.0342502
45, 111, 0, 1.06679, 0.48005499999999995
45, 112, 0, 1.02766, 0.113042
45, 113, 0, 0.939201, 0.300544
45, 114, 0, 0.732544, 0.32964499999999997
45, 115, 0, 0.324386, 0.207607
45, 116, 0, 0.273292, 0.17490699999999998
45, 117, 0, 0.11946000000000001, 0.0764547
45, 118, 0, 0.0389636, 0.024936700000000003
45, 119, 0, 0.00931594, 0.0059622
45, 120, 0, 0.0017288000000000002, 0.00110643
45, 121, 0, 0.000218975, 0.000140144
45, 122, 0, 2.03977e-05, 1.30545e-05
45, 123, 0, 1.3198500000000002e-06, 8.44704e-07
45, 124, 0, 6.229290000000001e-08, 3.98675e-08
45, 125, 0, 3.69524e-09, 2.3649499999999998e-09
46, 102, 0, 5.7193500000000005e-09, 3.6603899999999996e-09
46, 103, 0, 1.58982e-10, 1.01748e-10
46, 104, 0, 1.05988e-05, 6.78323e-06
46, 105, 0, 1.87206, 0.0748823
46, 106, 0, 1.6095499999999998, 0.06438200000000001
46, 107, 0, 1.28534, 0.141387
46, 107, 1, 2.4197300000000003e-06, 1.5486200000000002e-06
46, 108, 0, 1.17796, 0.129576
46, 109, 0, 1.17301, 0.750723
46, 109, 1, 0.000285968, 0.000183019
46, 110, 0, 1.08358, 0.119193
46, 111, 0, 1.07507, 0.344022
46, 111, 1, 0.0143914, 0.00921048
46, 112, 0, 1.0752, 0.0301056
46, 113, 0, 1.08711, 0.250035
46, 114, 0, 1.0372899999999998, 0.331932
46, 115, 0, 0.6465150000000001, 0.41376900000000005
46, 116, 0, 0.8702639999999999, 0.27848500000000004
46, 117, 0, 0.683358, 0.307511
46, 118, 0, 0.446215, 0.285578
46, 119, 0, 0.228101, 0.145985
46, 120, 0, 0.0925545, 0.05923490000000001
46, 121, 0, 0.027004900000000002, 0.0172832
46, 122, 0, 0.00606431, 0.00388116
46, 123, 0, 0.000954892, 0.000611131
46, 124, 0, 0.00011198700000000001, 7.16719e-05
46, 125, 0, 8.789e-06, 5.62496e-06
46, 126, 0, 6.78923e-07, 4.3451099999999997e-07
46, 127, 0, 3.91384e-08, 2.50486e-08
46, 128, 0, 5.74935e-09, 3.67958e-09
46, 130, 0, 3.95955e-12, 2.53411e-12
47, 106, 0, 2.58971e-12, 1.65741e-12
47, 106, 1, 1.17987e-11, 7.55114e-12
47, 107, 0, 1.28534, 0.141387
47, 107, 1, 4.5094899999999997e-10, 2.88607e-10
47, 108, 1, 6.89922e-09, 4.4155e-09
47, 108, 0, 7.499450000000001e-09, 4.79965e-09
47, 109, 1, 1.17244, 0.750363
47, 109, 0, 1.17301, 0.750723
47, 110, 0, 9.658910000000001e-07, 6.1817e-07
47, 110, 1, 4.1395299999999995e-06, 2.6493e-06
47, 111, 0, 1.07605, 0.0301294
47, 111, 1, 1.0707200000000001, 0.11778
47, 112, 0, 1.07581, 0.0301228
47, 113, 0, 0.978732, 0.10766099999999999
47, 113, 1, 0.11253999999999999, 0.0360129
47, 114, 0, 1.05688, 0.24308200000000002
47, 115, 0, 0.494822, 0.316686
47, 115, 1, 0.197426, 0.126352
47, 116, 0, 0.5249, 0.167968
47, 116, 1, 0.5249, 0.167968
47, 117, 0, 0.518664, 0.23339900000000002
47, 117, 1, 0.518664, 0.23339900000000002
47, 118, 0, 0.720654, 0.324294
47, 118, 1, 0.493599, 0.31590300000000004
47, 119, 0, 0.8457070000000001, 0.380568
47, 120, 1, 0.270529, 0.173139
47, 120, 0, 0.46318000000000004, 0.296435
47, 121, 0, 0.377692, 0.241723
47, 122, 1, 0.0908967, 0.058173899999999994
47, 122, 0, 0.09696099999999999, 0.062055
47, 123, 0, 0.0683323, 0.043732599999999996
47, 124, 0, 0.0189888, 0.0121529
47, 125, 0, 0.00362059, 0.0023171800000000003
47, 126, 0, 0.000685922, 0.00043899
47, 127, 0, 9.30895e-05, 5.95772e-05
47, 128, 0, 2.27974e-05, 1.45903e-05
47, 129, 0, 8.63484e-07, 5.5263e-07
47, 130, 0, 9.408929999999999e-08, 6.02172e-08
47, 131, 0, 5.8013999999999994e-09, 3.7129000000000003e-09
48, 108, 0, 1.34985e-08, 8.63902e-09
48, 109, 0, 2.73969e-11, 1.7534e-11
48, 110, 0, 5.03943e-06, 3.22523e-06
48, 111, 0, 1.0792599999999999, 0.0302194
48, 111, 1, 2.6597e-08, 1.70221e-08
48, 112, 0, 1.07581, 0.0860651
48, 113, 0, 1.07856, 0.086285
48, 113, 1, 0.0127336, 0.00101868
48, 114, 0, 1.05701, 0.116271
48, 115, 0, 0.63547, 0.025418800000000002
48, 115, 1, 0.45607, 0.006384980000000001
48, 116, 0, 1.0561900000000002, 0.11617999999999999
48, 117, 0, 0.781867, 0.250198
48, 117, 1, 0.283112, 0.12739999999999999
48, 118, 0, 1.08002, 0.34560599999999997
48, 119, 0, 0.536926, 0.241617
48, 119, 1, 0.536926, 0.241617
48, 120, 0, 1.04962, 0.472327
48, 121, 1, 0.276187, 0.176759
48, 121, 0, 0.6542250000000001, 0.418704
48, 122, 0, 0.831372, 0.26603899999999997
48, 123, 0, 0.5959500000000001, 0.26817799999999997
48, 124, 0, 0.353852, 0.226465
48, 125, 0, 0.152058, 0.097317
48, 126, 0, 0.06736840000000001, 0.0431158
48, 127, 0, 0.0204117, 0.0130635
48, 128, 0, 0.00833306, 0.00533316
48, 129, 0, 0.0020537700000000003, 0.00131441
48, 130, 0, 0.000198977, 0.000127346
48, 131, 0, 1.37984e-05, 8.831e-06
48, 132, 0, 5.33939e-07, 3.41721e-07
48, 133, 0, 2.1902399999999998e-08, 1.4017500000000001e-08
48, 134, 0, 2.0597699999999997e-10, 1.31825e-10
49, 111, 0, 1.33985e-12, 8.57503e-13
49, 112, 0, 7.98909e-11, 5.11302e-11
49, 112, 1, 7.10919e-11, 4.54988e-11
49, 113, 0, 1.09128, 0.0873027
49, 113, 1, 3.5296e-10, 2.2589400000000002e-10
49, 114, 0, 8.339050000000001e-08, 5.337e-08
49, 114, 1, 7.30917e-08, 4.6778699999999995e-08
49, 115, 0, 1.06803, 0.0299048
49, 115, 1, 0.6355160000000001, 0.025420599999999998
49, 116, 2, 7.73246e-06, 4.94877e-06
49, 116, 0, 7.73246e-06, 4.94877e-06
49, 116, 1, 1.5464899999999998e-05, 9.89754e-06
49, 117, 0, 0.682459, 0.156965
49, 117, 1, 0.722174, 0.231096
49, 118, 2, 0.000135485, 8.67102e-05
49, 118, 0, 1.08155, 0.248757
49, 118, 1, 0.000268937, 0.00017212
49, 119, 0, 0.572832, 0.183306
49, 119, 1, 0.5380389999999999, 0.172172
49, 120, 0, 0.54495, 0.24522799999999997
49, 120, 1, 0.54495, 0.24522799999999997
49, 121, 0, 0.39159, 0.250617
49, 121, 1, 0.6674979999999999, 0.427199
49, 122, 0, 0.980229, 0.225453
49, 122, 1, 0.148863, 0.0952724
49, 123, 0, 0.928994, 0.41804700000000006
49, 123, 1, 0.195172, 0.08782730000000001
49, 124, 1, 0.362257, 0.23184400000000002
49, 124, 0, 0.716109, 0.45831
49, 125, 0, 0.45771500000000004, 0.29293800000000003
49, 125, 1, 0.39689199999999997, 0.254011
49, 126, 1, 0.41943299999999994, 0.26843700000000004
49, 126, 0, 0.352065, 0.22532199999999997
49, 127, 0, 0.23952, 0.153293
49, 127, 1, 0.23952, 0.153293
49, 128, 1, 0.152718, 0.0977393
49, 128, 0, 0.16104100000000002, 0.103066
49, 129, 0, 0.0833706, 0.053357199999999994
49, 129, 1, 0.08131580000000001, 0.052042099999999994
49, 130, 0, 0.0398455, 0.0255011
49, 131, 0, 0.0071751900000000006, 0.00459212
49, 132, 0, 0.000753915, 0.000482505
49, 133, 0, 5.20941e-05, 3.33402e-05
49, 134, 0, 2.24975e-06, 1.43984e-06
49, 135, 0, 7.10462e-08, 4.54695e-08
49, 136, 0, 1.3298500000000001e-09, 8.511039999999999e-10
50, 112, 0, 3.5195999999999997e-11, 2.2525400000000003e-11
50, 114, 0, 8.16907e-08, 5.22821e-08
50, 115, 0, 1.09154, 0.030563200000000002
50, 116, 0, 2.3197400000000003e-05, 1.0438799999999999e-05
50, 117, 1, 0.00218396, 0.00139773
50, 117, 0, 1.06521, 0.681735
50, 118, 0, 1.0818299999999998, 0.119001
50, 119, 0, 1.08402, 0.119242
50, 119, 1, 0.028681699999999997, 0.00917816
50, 120, 0, 1.09032, 0.119936
50, 121, 0, 1.04356, 0.667882
50, 121, 1, 0.0466593, 0.029862
50, 122, 0, 1.1458899999999999, 0.126048
50, 123, 0, 0.0553227, 0.0354065
50, 123, 1, 1.13631, 0.261351
50, 124, 0, 1.28319, 0.141151
50, 125, 0, 0.921935, 0.05531610000000001
50, 125, 1, 0.505089, 0.22729
50, 126, 0, 1.70247, 0.136197
50, 127, 0, 1.37743, 0.316809
50, 127, 1, 0.34264, 0.21928999999999998
50, 128, 1, 0.683895, 0.437693
50, 128, 0, 1.68379, 1.07763
50, 129, 0, 1.32434, 0.30459800000000004
50, 129, 1, 0.255299, 0.16339099999999998
50, 130, 1, 0.421347, 0.26966199999999996
50, 130, 0, 0.43779999999999997, 0.280192
50, 131, 1, 0.184615, 0.11815400000000001
50, 131, 0, 0.190995, 0.122237
50, 132, 0, 0.101754, 0.0651229
50, 133, 0, 0.019069799999999998, 0.0122047
50, 134, 0, 0.00222475, 0.00142384
50, 135, 0, 0.000168981, 0.000108148
50, 136, 0, 9.16896e-06, 5.868129999999999e-06
50, 137, 0, 3.15964e-07, 2.02217e-07
50, 138, 0, 1.07988e-08, 6.91122e-09
51, 117, 0, 1.3298499999999999e-11, 8.51104e-12
51, 118, 0, 1.58982e-10, 1.01748e-10
51, 118, 1, 4.52949e-10, 2.89887e-10
51, 119, 0, 1.98977e-08, 1.27346e-08
51, 120, 0, 1.11987e-07, 7.16719e-08
51, 120, 1, 3.18964e-07, 2.04137e-07
51, 121, 0, 1.05402, 0.0421609
51, 122, 0, 9.94887e-05, 6.36728e-05
51, 122, 1, 6.95921e-05, 4.4539e-05
51, 123, 0, 1.19259, 0.131185
51, 124, 0, 0.00681523, 0.00436175
51, 124, 1, 0.0034076099999999997, 0.00218087
51, 125, 0, 1.46006, 0.23360999999999998
51, 126, 2, 1.17466, 0.751782
51, 126, 0, 0.33802200000000004, 0.027041700000000002
51, 126, 1, 1.77048, 0.106229
51, 127, 0, 2.1606400000000003, 0.0864257
51, 128, 0, 0.484363, 0.309992
51, 128, 1, 1.9931899999999998, 1.2756399999999999
51, 129, 0, 3.1483600000000003, 0.251869
51, 130, 0, 1.58756, 1.01604
51, 130, 1, 1.3175700000000001, 0.8432449999999999
51, 131, 0, 2.52542, 0.8081339999999999
51, 132, 0, 0.6133890000000001, 0.276025
51, 132, 1, 0.9307050000000001, 0.418817
51, 133, 0, 0.718279, 0.323225
51, 134, 1, 0.105623, 0.0675987
51, 134, 0, 0.10744100000000001, 0.0687621
51, 135, 0, 0.0416273, 0.0266415
51, 136, 0, 0.00576735, 0.0036911
51, 137, 0, 0.000514942, 0.000329563
51, 138, 0, 4.3695e-05, 2.79648e-05
51, 139, 0, 2.40973e-06, 1.54223e-06
51, 140, 0, 4.62431e-08, 2.95956e-08
51, 141, 0, 4.97621e-09, 3.1847700000000004e-09
52, 120, 0, 3.94955e-11, 2.5277100000000002e-11
52, 121, 1, 8.049090000000001e-10, 5.151420000000001e-10
52, 121, 0, 1.51806e-09, 9.71557e-10
52, 122, 0, 9.64891e-05, 4.34201e-05
52, 123, 0, 1.3198500000000002e-06, 8.44704e-07
52, 123, 1, 1.1398700000000001e-06, 7.29517e-07
52, 124, 0, 0.006838230000000001, 0.0043764599999999996
52, 125, 0, 1.46033, 0.11682699999999999
52, 125, 1, 0.328746, 0.0525993
52, 126, 0, 1.86371, 0.07454859999999999
52, 127, 0, 2.1704600000000003, 0.0607727
52, 127, 1, 0.36085, 0.021651
52, 128, 0, 2.4555000000000002, 0.19643999999999998
52, 129, 0, 3.11437, 0.24914999999999998
52, 129, 1, 0.705266, 0.225685
52, 130, 0, 3.5733099999999998, 0.285864
52, 131, 0, 2.8816100000000002, 0.662769
52, 131, 1, 1.34116, 0.42917099999999997
52, 132, 0, 4.08969, 0.163587
52, 133, 0, 1.31028, 0.41928800000000005
52, 133, 1, 2.7464, 0.631671
52, 134, 0, 2.40158, 0.552364
52, 135, 0, 1.08004, 0.248409
52, 136, 0, 0.359195, 0.22988499999999998
52, 137, 0, 0.079716, 0.0510182
52, 138, 0, 0.0163931, 0.0104916
52, 139, 0, 0.00221175, 0.00141552
52, 140, 0, 0.00010998799999999999, 7.0392e-05
52, 141, 0, 1.1835700000000001e-05, 7.57487e-06
52, 142, 0, 5.52937e-07, 3.5388e-07
52, 143, 0, 3.3038800000000005e-08, 2.11448e-08
53, 123, 0, 1.65981e-10, 1.06228e-10
53, 125, 0, 2.10976e-07, 1.35025e-07
53, 126, 0, 5.919330000000001e-06, 3.78837e-06
53, 127, 0, 2.1792, 0.0610175
53, 128, 0, 0.000361959, 0.000231654
53, 129, 0, 3.37463, 0.26997000000000004
53, 130, 0, 0.025260099999999997, 0.0161665
53, 130, 1, 0.00467247, 0.00299038
53, 131, 0, 4.10151, 0.164061
53, 132, 1, 0.389868, 0.24951600000000002
53, 132, 0, 4.81796, 3.08349
53, 133, 1, 0.8283250000000001, 0.530128
53, 133, 0, 5.3562899999999996, 3.42803
53, 134, 0, 5.193239999999999, 0.41545899999999997
53, 134, 1, 1.7337399999999998, 0.398761
53, 135, 0, 4.218319999999999, 0.337465
53, 136, 0, 1.58043, 0.363498
53, 136, 1, 1.2264300000000001, 0.282078
53, 137, 0, 1.3676300000000001, 0.314555
53, 138, 0, 0.526413, 0.336905
53, 139, 0, 0.19810600000000003, 0.126788
53, 140, 0, 0.0235503, 0.00753611
53, 141, 0, 0.0026477000000000002, 0.000847264
53, 142, 0, 0.000725918, 0.00046458700000000003
53, 143, 0, 7.85816e-05, 5.029219999999999e-05
53, 144, 0, 7.68476e-07, 4.91824e-07
53, 145, 0, 5.92752e-08, 3.7936099999999995e-08
53, 146, 0, 2.55178e-09, 1.63314e-09
54, 125, 1, 7.39916e-12, 4.73546e-12
54, 125, 0, 1.47983e-11, 9.47093e-12
54, 126, 0, 2.6096999999999998e-06, 1.6702099999999998e-06
54, 127, 1, 1.65481e-08, 1.05908e-08
54, 127, 0, 3.30962e-08, 2.11816e-08
54, 128, 0, 0.000339961, 0.000217575
54, 129, 1, 2.74969e-06, 1.7598e-06
54, 129, 0, 3.37463, 2.1597600000000003
54, 130, 0, 0.026064000000000004, 0.016681
54, 131, 0, 4.10262, 0.11487299999999999
54, 131, 1, 0.0583294, 0.00233318
54, 132, 0, 4.88578, 0.136802
54, 133, 0, 5.52819, 3.53804
54, 133, 1, 0.296011, 0.189447
54, 134, 0, 5.705439999999999, 0.159752
54, 134, 1, 0.42625299999999994, 0.272802
54, 135, 0, 5.66829, 0.34009700000000004
54, 135, 1, 1.6160500000000002, 0.258567
54, 136, 0, 5.0734, 0.202936
54, 137, 0, 3.9791399999999997, 0.159166
54, 138, 0, 3.1629699999999996, 0.08856320000000001
54, 139, 0, 2.0576, 0.164608
54, 140, 0, 0.934487, 0.0373795
54, 141, 0, 0.262682, 0.0210146
54, 142, 0, 0.0914976, 0.0585585
54, 143, 1, 0.00875021, 0.00560014
54, 143, 0, 0.00882879, 0.00565043
54, 144, 0, 0.00182779, 0.00116979
54, 145, 0, 0.000140984, 9.02298e-05
54, 146, 0, 6.06931e-06, 3.88436e-06
54, 147, 0, 6.0951e-08, 3.90086e-08
54, 148, 0, 2.6197e-09, 1.67661e-09
55, 127, 0, 1.20986e-12, 7.74312e-13
55, 129, 0, 7.799120000000001e-10, 4.99143e-10
55, 131, 0, 1.0998800000000001e-06, 7.039200000000001e-07
55, 132, 0, 4.3695e-05, 2.79648e-05
55, 133, 0, 5.52902, 0.33174099999999995
55, 134, 1, 0.00454099, 0.00290623
55, 134, 0, 0.00908197, 0.00581246
55, 135, 1, 0.0302661, 0.0193703
55, 135, 0, 5.72882, 3.66644
55, 136, 1, 0.112988, 0.07231209999999999
55, 136, 0, 0.225975, 0.144624
55, 137, 0, 4.92666, 0.295599
55, 138, 0, 4.32721, 0.692354
55, 138, 1, 0.665282, 0.42578
55, 139, 0, 4.42159, 0.707455
55, 140, 0, 3.5382999999999996, 0.81381
55, 141, 0, 2.45826, 0.565399
55, 142, 0, 1.41587, 0.32565
55, 143, 0, 0.5823090000000001, 0.26203899999999997
55, 144, 0, 0.149785, 0.0958624
55, 145, 0, 0.0288017, 0.0184331
55, 146, 0, 0.00331362, 0.00212072
55, 147, 0, 0.00014497000000000002, 9.27807e-05
55, 148, 0, 1.05988e-05, 6.78323e-06
55, 149, 0, 1.2485600000000002e-07, 7.9908e-08
55, 150, 0, 5.01943e-09, 3.21244e-09
55, 151, 0, 5.994749999999999e-10, 3.83664e-10
56, 131, 0, 9.828890000000002e-11, 6.29049e-11
56, 132, 0, 9.718900000000001e-07, 6.2201e-07
56, 133, 0, 5.76935e-07, 3.69238e-07
56, 134, 0, 0.00909897, 0.00582334
56, 135, 1, 0.00014898300000000002, 9.534920000000001e-05
56, 135, 0, 5.72912, 3.66664
56, 136, 1, 0.0267146, 0.0170973
56, 136, 0, 0.228787, 0.146424
56, 137, 0, 4.94821, 0.13855
56, 137, 1, 4.678240000000001, 0.18712900000000002
56, 138, 0, 4.59318, 0.275591
56, 139, 0, 4.80305, 0.288183
56, 140, 0, 4.4949, 0.125857
56, 141, 0, 4.2976, 0.687616
56, 142, 0, 3.6915400000000003, 0.590646
56, 143, 0, 2.70545, 0.6222540000000001
56, 144, 0, 1.46558, 0.337082
56, 145, 0, 0.6308549999999999, 0.283885
56, 146, 0, 0.18090599999999998, 0.11578000000000001
56, 147, 0, 0.0324303, 0.0207554
56, 148, 0, 0.0039815499999999995, 0.00254819
56, 149, 0, 0.00029696599999999996, 0.000190058
56, 150, 0, 1.37984e-05, 8.831e-06
56, 151, 0, 1.4258300000000002e-06, 9.12532e-07
56, 152, 0, 1.13987e-08, 7.2951700000000006e-09
56, 153, 0, 4.2459499999999997e-10, 2.71741e-10
56, 154, 0, 1.95978e-12, 1.25426e-12
57, 133, 0, 3.58959e-11, 2.29734e-11
57, 135, 0, 1.36984e-07, 8.76701e-08
57, 137, 0, 6.61925e-05, 4.23632e-05
57, 138, 0, 0.000738916, 0.000472906
57, 139, 0, 4.8097199999999996, 0.192389
57, 140, 0, 4.5283, 0.12679200000000002
57, 141, 0, 4.483779999999999, 0.493216
57, 142, 0, 4.1923200000000005, 0.461155
57, 143, 0, 3.75167, 0.2251
57, 144, 0, 2.95238, 0.324762
57, 145, 0, 2.17401, 0.500022
57, 146, 1, 0.541535, 0.346582
57, 146, 0, 0.7224419999999999, 0.462363
57, 147, 0, 0.515858, 0.33014899999999997
57, 148, 0, 0.153232, 0.09806820000000001
57, 149, 0, 0.029175700000000002, 0.018672400000000002
57, 150, 0, 0.0035686, 0.0022838999999999997
57, 151, 0, 0.00031896400000000003, 0.00020413700000000001
57, 152, 0, 2.08976e-05, 1.33745e-05
57, 153, 0, 1.00989e-06, 6.46327e-07
57, 154, 0, 2.59971e-08, 1.6638100000000002e-08
57, 155, 0, 6.768299999999999e-10, 4.33171e-10
58, 135, 0, 5.64936e-12, 3.61559e-12
58, 137, 0, 1.88979e-08, 1.20946e-08
58, 138, 0, 0.000221975, 0.00014206400000000001
58, 139, 0, 1.16987e-05, 7.48715e-06
58, 139, 1, 9.56892e-06, 6.12411e-06
58, 140, 0, 4.52846, 0.126797
58, 141, 0, 4.48552, 0.269131
58, 142, 0, 4.20451, 0.25227
58, 143, 0, 3.8147399999999996, 0.106813
58, 144, 0, 3.1686400000000003, 0.08872189999999999
58, 145, 0, 2.68844, 0.295729
58, 146, 0, 2.11376, 0.676403
58, 147, 0, 1.40437, 0.323005
58, 148, 0, 0.8034410000000001, 0.361548
58, 149, 0, 0.333827, 0.213649
58, 150, 0, 0.097217, 0.0622189
58, 151, 0, 0.0218195, 0.013964500000000001
58, 152, 0, 0.00364359, 0.0023319
58, 153, 0, 0.00045894800000000004, 0.000293727
58, 154, 0, 3.09965e-05, 1.9837800000000002e-05
58, 155, 0, 1.60982e-06, 1.03028e-06
58, 156, 0, 6.389279999999999e-08, 4.08914e-08
58, 157, 0, 1.66981e-09, 1.06868e-09
58, 158, 0, 3.17964e-11, 2.03497e-11
59, 139, 0, 1.86979e-09, 1.19666e-09
59, 140, 0, 6.55926e-08, 4.19792e-08
59, 141, 0, 4.48552, 0.179421
59, 142, 1, 1.51983e-05, 9.7269e-06
59, 142, 0, 3.03966e-05, 1.94538e-05
59, 143, 0, 3.8151400000000004, 0.106824
59, 144, 0, 3.1721, 0.0888187
59, 144, 1, 0.0191018, 0.0043934199999999994
59, 145, 0, 2.70888, 0.16253299999999998
59, 146, 0, 2.1978299999999997, 0.5055010000000001
59, 147, 0, 1.6172300000000002, 0.09703379999999999
59, 148, 1, 0.184278, 0.117938
59, 148, 0, 0.9877189999999999, 0.6321399999999999
59, 149, 0, 0.742331, 0.33404900000000004
59, 150, 0, 0.390968, 0.175935
59, 151, 0, 0.18332, 0.117325
59, 152, 0, 0.0693241, 0.0443675
59, 153, 0, 0.0210486, 0.0134711
59, 154, 0, 0.0035686, 0.0022838999999999997
59, 155, 0, 0.00045594799999999997, 0.000291807
59, 156, 0, 4.62948e-05, 2.96286e-05
59, 157, 0, 3.06965e-06, 1.9645799999999997e-06
59, 158, 0, 1.44984e-07, 9.27895e-08
59, 159, 0, 3.73958e-09, 2.39333e-09
59, 160, 0, 8.46904e-11, 5.4201899999999996e-11
59, 161, 0, 4.49819e-12, 2.87884e-12
60, 140, 0, 2.32974e-12, 1.49103e-12
60, 141, 0, 1.52983e-10, 9.79089e-11
60, 142, 0, 3.03966e-05, 1.94538e-05
60, 143, 0, 3.8151400000000004, 0.106824
60, 144, 0, 3.17211, 0.0888191
60, 145, 0, 2.70896, 0.16253800000000002
60, 146, 0, 2.19874, 0.241861
60, 147, 0, 1.62316, 0.0454484
60, 148, 0, 1.19784, 0.131763
60, 149, 0, 0.811835, 0.259787
60, 150, 0, 0.510879, 0.0561967
60, 151, 0, 0.338482, 0.10831400000000001
60, 152, 0, 0.214359, 0.0964614
60, 153, 0, 0.126979, 0.0812663
60, 154, 0, 0.0469857, 0.0300708
60, 155, 0, 0.0135265, 0.00865694
60, 156, 0, 0.00331662, 0.00212264
60, 157, 0, 0.00053294, 0.00034108099999999997
60, 158, 0, 6.12931e-05, 3.9227600000000004e-05
60, 159, 0, 3.96955e-06, 2.54051e-06
60, 160, 0, 2.22975e-07, 1.42704e-07
60, 161, 0, 1.0698800000000001e-08, 6.84722e-09
60, 162, 0, 2.6696999999999996e-10, 1.70861e-10
60, 163, 0, 5.55937e-12, 3.558e-12
61, 143, 0, 1.28985e-11, 8.25506e-12
61, 144, 0, 8.01909e-10, 5.132219999999999e-10
61, 145, 0, 3.17964e-08, 2.03497e-08
61, 146, 0, 9.418930000000001e-07, 6.02812e-07
61, 147, 0, 1.6231700000000002, 0.0454489
61, 148, 0, 1.66981e-06, 1.0686800000000001e-06
61, 148, 1, 9.41893e-06, 6.0281200000000005e-06
61, 149, 0, 0.8131869999999999, 0.187033
61, 150, 0, 0.000902898, 0.000577855
61, 151, 0, 0.357476, 0.057196199999999996
61, 152, 2, 0.0139524, 0.00892955
61, 152, 0, 0.22831100000000001, 0.05251159999999999
61, 152, 1, 0.0139524, 0.00892955
61, 153, 0, 0.197649, 0.0632476
61, 154, 0, 0.0802209, 0.0513414
61, 154, 1, 0.0332352, 0.021270499999999998
61, 155, 0, 0.0579304, 0.037075500000000004
61, 156, 0, 0.0289397, 0.0185214
61, 157, 0, 0.0101449, 0.0064927
61, 158, 0, 0.0026317, 0.0016842900000000002
61, 159, 0, 0.000406954, 0.00026044999999999996
61, 160, 0, 5.47938e-05, 3.5068000000000004e-05
61, 161, 0, 6.43927e-06, 4.12113e-06
61, 162, 0, 3.9595500000000003e-07, 2.53411e-07
61, 163, 0, 1.99977e-08, 1.27985e-08
61, 164, 0, 7.27918e-10, 4.65867e-10
61, 165, 0, 1.67981e-11, 1.07508e-11
61, 166, 0, 5.42305e-13, 3.4707499999999996e-13
62, 145, 0, 1.07988e-12, 6.91122e-13
62, 146, 0, 3.29963e-07, 2.11176e-07
62, 147, 0, 1.6231700000000002, 0.0454489
62, 148, 0, 1.07988e-05, 6.9112200000000006e-06
62, 149, 0, 0.81319, 0.13011
62, 150, 0, 0.0009328940000000001, 0.000597052
62, 151, 0, 0.357733, 0.028618699999999997
62, 152, 0, 0.257643, 0.0283407
62, 153, 0, 0.203537, 0.0325659
62, 154, 0, 0.12666000000000002, 0.029131699999999996
62, 155, 0, 0.0776492, 0.0178593
62, 156, 0, 0.0545728, 0.00873165
62, 157, 0, 0.0313684, 0.014115800000000001
62, 158, 0, 0.015055299999999999, 0.00963539
62, 159, 0, 0.00485245, 0.00310557
62, 160, 0, 0.00143084, 0.000915736
62, 161, 0, 0.000385956, 0.000247012
62, 162, 0, 5.59937e-05, 3.58359e-05
62, 163, 0, 6.659250000000001e-06, 4.2619199999999995e-06
62, 164, 0, 5.94933e-07, 3.8075700000000005e-07
62, 165, 0, 3.38962e-08, 2.16935e-08
62, 166, 0, 1.28985e-09, 8.25506e-10
62, 167, 0, 4.46949e-11, 2.86048e-11
62, 169, 0, 5.3389700000000004e-14, 3.41694e-14
63, 149, 0, 4.68947e-10, 3.00126e-10
63, 151, 0, 0.357733, 0.028618699999999997
63, 152, 2, 1.6464800000000001e-06, 1.0537499999999999e-06
63, 152, 0, 2.46972e-06, 1.58062e-06
63, 152, 1, 2.46972e-06, 1.58062e-06
63, 153, 0, 0.203588, 0.0223947
63, 154, 1, 0.000150483, 9.63091e-05
63, 154, 0, 0.000300966, 0.000192618
63, 155, 0, 0.0787141, 0.008658550000000001
63, 156, 0, 0.05784740000000001, 0.0016197300000000002
63, 157, 0, 0.0374938, 0.00862356
63, 158, 0, 0.0228534, 0.0052562799999999995
63, 159, 0, 0.0110028, 0.00352088
63, 160, 0, 0.005563370000000001, 0.0035605599999999995
63, 161, 0, 0.00289367, 0.0018519500000000002
63, 162, 0, 0.0008849, 0.000566336
63, 163, 0, 0.000229974, 0.000147183
63, 164, 0, 4.75946e-05, 3.04605e-05
63, 165, 0, 6.4692700000000005e-06, 4.14033e-06
63, 166, 0, 5.99932e-07, 3.8395600000000005e-07
63, 167, 0, 5.08942e-08, 3.25723e-08
63, 168, 0, 2.6697e-09, 1.70861e-09
63, 169, 0, 1.26986e-10, 8.12708e-11
63, 170, 0, 2.4197300000000002e-12, 1.5486200000000001e-12
63, 171, 0, 7.56705e-14, 4.8429100000000006e-14
64, 151, 0, 4.05954e-11, 2.59811e-11
64, 152, 0, 2.58971e-06, 1.6574099999999999e-06
64, 153, 0, 4.31951e-08, 2.76449e-08
64, 154, 0, 0.000300966, 0.000192618
64, 155, 0, 0.0787201, 0.008659209999999999
64, 156, 0, 0.0578914, 0.00162096
64, 157, 0, 0.0377027, 0.0041473000000000005
64, 158, 0, 0.0234673, 0.00258141
64, 159, 0, 0.0121026, 0.00133129
64, 160, 0, 0.00718619, 0.0007904799999999999
64, 161, 0, 0.00502843, 0.000804549
64, 162, 0, 0.0024077300000000003, 0.00108348
64, 163, 0, 0.00110687, 0.0007084
64, 164, 0, 0.00045694800000000004, 0.00029244700000000004
64, 165, 0, 0.00013398499999999999, 8.57503e-05
64, 166, 0, 2.8096800000000002e-05, 1.7982e-05
64, 167, 0, 5.5993700000000006e-06, 3.58359e-06
64, 168, 0, 7.0492e-07, 4.51149e-07
64, 169, 0, 8.15908e-08, 5.22181e-08
64, 170, 0, 3.84956e-09, 2.4637200000000003e-09
64, 171, 0, 1.7998e-10, 1.15187e-10
64, 172, 0, 9.80889e-12, 6.27769e-12
65, 153, 0, 3.33962e-12, 2.13736e-12
65, 155, 0, 3.1096499999999995e-09, 1.99017e-09
65, 156, 0, 5.9093299999999995e-08, 3.78197e-08
65, 156, 1, 3.64959e-09, 2.33574e-09
65, 157, 0, 7.21918e-07, 4.62028e-07
65, 158, 0, 5.0994199999999995e-06, 3.26363e-06
65, 158, 1, 3.05965e-07, 1.95818e-07
65, 159, 0, 0.0121246, 0.00096997
65, 160, 0, 2.10976e-05, 1.35025e-05
65, 161, 0, 0.0052584, 0.000420672
65, 162, 0, 0.00254171, 0.0005845939999999999
65, 162, 1, 0.000230974, 0.000147823
65, 163, 0, 0.0015558199999999999, 0.000357839
65, 164, 0, 0.000910897, 0.00020950599999999998
65, 165, 0, 0.00043895, 0.000280928
65, 166, 0, 0.00017298, 0.000110707
65, 167, 0, 7.0792e-05, 4.53069e-05
65, 168, 0, 1.95978e-05, 1.25426e-05
65, 169, 0, 5.21941e-06, 3.3404199999999995e-06
65, 170, 0, 5.829339999999999e-07, 3.73078e-07
65, 171, 0, 6.439270000000001e-08, 4.12113e-08
65, 172, 0, 8.59903e-09, 5.50338e-09
66, 156, 0, 7.649130000000001e-12, 4.89545e-12
66, 157, 0, 2.31974e-10, 1.48463e-10
66, 158, 0, 8.199070000000001e-07, 5.24741e-07
66, 159, 0, 4.35951e-08, 2.79008e-08
66, 160, 0, 2.14976e-05, 1.37584e-05
66, 161, 0, 0.0052604, 0.000420832
66, 162, 0, 0.00278268, 0.000306095
66, 163, 0, 0.00158382, 0.00017422
66, 164, 0, 0.000975889, 0.000107348
66, 165, 0, 0.00052894, 0.00012165600000000002
66, 165, 1, 0.000225974, 0.00014462400000000002
66, 166, 0, 0.000270969, 2.16775e-05
66, 167, 0, 0.000166981, 7.51415e-05
66, 168, 0, 7.99909e-05, 5.11942e-05
66, 169, 0, 4.14953e-05, 2.6557e-05
66, 170, 0, 9.79889e-06, 6.27129e-06
66, 171, 0, 2.36973e-06, 1.5166300000000002e-06
66, 172, 0, 7.36916e-07, 4.7162699999999997e-07
67, 159, 0, 8.05909e-12, 5.15782e-12
67, 161, 0, 3.04965e-09, 1.95178e-09
67, 161, 1, 2.13976e-10, 1.36944e-10
67, 162, 0, 1.98977e-08, 1.27346e-08
67, 162, 1, 2.33973e-08, 1.49743e-08
67, 163, 0, 1.8797900000000002e-07, 1.20306e-07
67, 163, 1, 1.3098499999999998e-08, 8.38305e-09
67, 164, 0, 1.01988e-06, 6.52726e-07
67, 164, 1, 8.37905e-07, 5.36259e-07
67, 165, 0, 0.000537939, 5.9173300000000005e-05
67, 166, 0, 0.000272969, 2.18375e-05
67, 166, 1, 6.659250000000001e-06, 4.2619199999999995e-06
67, 167, 0, 0.000184979, 4.25452e-05
67, 168, 0, 0.00010498799999999999, 2.41473e-05
67, 169, 0, 7.41916e-05, 1.70641e-05
67, 170, 0, 1.87979e-05, 1.20306e-05
67, 170, 1, 8.99898e-06, 5.75935e-06
67, 171, 0, 1.19986e-05, 7.679130000000001e-06
67, 172, 0, 7.49915e-06, 4.79946e-06
68, 162, 0, 7.38916e-12, 4.72906e-12
68, 163, 0, 1.17987e-10, 7.55114e-11
68, 164, 0, 5.42938e-07, 3.47481e-07
68, 165, 0, 1.34985e-08, 8.63902e-09
68, 166, 0, 0.000278968, 2.23175e-05
68, 167, 0, 0.000184979, 2.03477e-05
68, 167, 1, 1.84979e-05, 8.324060000000001e-06
68, 168, 0, 0.000106988, 1.17687e-05
68, 169, 0, 7.799119999999999e-05, 6.239290000000001e-06
68, 170, 0, 3.23963e-05, 3.5636e-06
68, 171, 0, 1.7298e-05, 7.78412e-06
68, 172, 0, 1.54982e-05, 2.4797200000000003e-06
69, 165, 0, 4.78946e-12, 3.0652499999999997e-12
69, 166, 0, 6.55926e-11, 4.1979200000000004e-11
69, 167, 0, 8.60902e-10, 5.509780000000001e-10
69, 168, 0, 6.72924e-09, 4.30671e-09
69, 169, 0, 7.799119999999999e-05, 6.239290000000001e-06
69, 170, 0, 1.36984e-07, 8.76701e-08
69, 171, 0, 1.7598e-05, 4.04754e-06
69, 172, 0, 1.6498099999999997e-05, 2.6397000000000003e-06
70, 168, 0, 3.3296199999999997e-12, 2.13096e-12
70, 169, 0, 5.72935e-11, 3.6667800000000004e-11
70, 169, 1, 4.00955e-12, 2.56611e-12
70, 170, 0, 1.36984e-07, 8.76701e-08
70, 171, 0, 1.7598e-05, 1.93578e-06
70, 172, 0, 1.65981e-05, 1.3278500000000001e-06
71, 171, 0, 1.6998100000000002e-12, 1.08788e-12
71, 172, 0, 3.07965e-11, 1.97098e-11
71, 172, 1, 1.53983e-11, 9.85488e-12
