23, 66, 0, 3.42528e-11, 2.19218e-11
23, 67, 0, 2.65823e-12, 1.70127e-12
24, 66, 0, 2.59039e-07, 1.65785e-07
24, 67, 0, 2.0103e-08, 1.2865899999999999e-08
24, 68, 0, 1.14032e-09, 7.29805e-10
24, 69, 0, 4.56332e-11, 2.9205199999999997e-11
25, 66, 0, 6.81191e-05, 4.35963e-05
25, 67, 0, 1.48042e-05, 9.47466e-06
25, 68, 0, 2.26064e-06, 1.44681e-06
25, 69, 0, 2.3101899999999999e-07, 1.47852e-07
25, 70, 0, 1.50042e-08, 9.6027e-09
25, 71, 0, 7.04198e-10, 4.50687e-10
25, 72, 0, 2.23503e-11, 1.4304200000000001e-11
25, 73, 0, 1.33573e-12, 8.548660000000001e-13
26, 66, 0, 0.0014204, 0.0009090550000000001
26, 67, 0, 0.000812228, 0.0005198259999999999
26, 68, 0, 0.000318089, 0.000203577
26, 69, 0, 8.76246e-05, 5.6079800000000005e-05
26, 70, 0, 1.56044e-05, 9.98681e-06
26, 71, 0, 2.04057e-06, 1.3059699999999999e-06
26, 72, 0, 1.69025e-07, 1.08176e-07
26, 73, 0, 1.01015e-08, 6.464960000000001e-09
26, 74, 0, 4.0011200000000004e-10, 2.56072e-10
26, 75, 0, 2.37056e-11, 1.51716e-11
27, 66, 0, 0.00288081, 0.00184372
27, 67, 0, 0.00399212, 0.0025549600000000002
27, 68, 0, 0.0037190500000000002, 0.00238019
27, 69, 0, 0.00257572, 0.00164846
27, 70, 0, 0.00119133, 0.000762454
27, 71, 0, 0.000412116, 0.000263754
27, 72, 0, 9.30261e-05, 5.95367e-05
27, 73, 0, 1.5304300000000002e-05, 9.79475e-06
27, 74, 0, 1.69048e-06, 1.0819000000000002e-06
27, 75, 0, 1.2001e-07, 7.68064e-08
27, 76, 0, 5.65159e-09, 3.61702e-09
27, 77, 0, 1.67958e-10, 1.07493e-10
27, 78, 0, 9.60138e-12, 6.1448799999999996e-12
28, 66, 0, 0.000619174, 0.000396271
28, 67, 0, 0.00207658, 0.00132901
28, 68, 0, 0.00441324, 0.00282447
28, 69, 0, 0.00716101, 0.00458305
28, 70, 0, 0.00791122, 0.00506318
28, 71, 0, 0.0067499, 0.00431993
28, 72, 0, 0.00387309, 0.00247878
28, 73, 0, 0.00166247, 0.00106398
28, 74, 0, 0.000493139, 0.000315609
28, 75, 0, 9.56269e-05, 6.12012e-05
28, 76, 0, 1.2803599999999999e-05, 8.194299999999999e-06
28, 77, 0, 1.27019e-06, 8.12921e-07
28, 78, 0, 7.26108e-08, 4.64709e-08
28, 79, 0, 2.01497e-09, 1.28958e-09
28, 80, 0, 7.22203e-11, 4.6221e-11
29, 66, 0, 1.2003400000000001e-05, 7.68216e-06
29, 67, 0, 0.00010502999999999999, 6.72189e-05
29, 68, 0, 9.772750000000002e-05, 6.25456e-05
29, 68, 1, 0.000445125, 0.00028488
29, 69, 0, 0.0021186, 0.0013559
29, 70, 0, 0.0008252320000000001, 0.000528148
29, 70, 1, 0.00467631, 0.00299284
29, 71, 0, 0.0109441, 0.007004209999999999
29, 72, 0, 0.0147942, 0.00946826
29, 73, 0, 0.015334300000000002, 0.00981396
29, 74, 0, 0.0113292, 0.00725068
29, 75, 0, 0.005654589999999999, 0.00361894
29, 76, 0, 0.00205458, 0.00131493
29, 77, 0, 0.000548154, 0.000350819
29, 78, 0, 8.872490000000001e-05, 5.6784000000000004e-05
29, 79, 0, 1.02009e-05, 6.52855e-06
29, 80, 0, 7.26204e-07, 4.6477099999999997e-07
29, 81, 0, 3.3009300000000004e-08, 2.1125899999999998e-08
29, 82, 0, 1.00028e-09, 6.4018e-10
29, 83, 0, 3.91461e-11, 2.50535e-11
30, 66, 0, 1.73049e-08, 1.10751e-08
30, 67, 0, 4.2712e-07, 2.7335700000000003e-07
30, 68, 0, 5.72161e-06, 3.6618300000000002e-06
30, 69, 0, 6.401799999999999e-06, 4.097149999999999e-06
30, 69, 1, 5.18146e-05, 3.3161300000000004e-05
30, 70, 0, 0.000383108, 0.000245189
30, 71, 0, 0.00020505800000000001, 0.000131237
30, 71, 1, 0.00166147, 0.00106334
30, 72, 0, 0.00600969, 0.0038461999999999997
30, 73, 0, 0.0145661, 0.0093223
30, 74, 0, 0.0251361, 0.0160871
30, 75, 0, 0.029784400000000003, 0.019062
30, 76, 0, 0.0270686, 0.0173239
30, 77, 0, 0.0182491, 0.0116794
30, 78, 0, 0.007881220000000001, 0.00504398
30, 79, 0, 0.0024737, 0.00158316
30, 80, 0, 0.000494139, 0.000316249
30, 81, 0, 6.54184e-05, 4.18678e-05
30, 82, 0, 5.85164e-06, 3.7450500000000003e-06
30, 83, 0, 2.96044e-07, 1.8946799999999999e-07
30, 84, 0, 9.93279e-09, 6.35699e-09
30, 85, 0, 5.17571e-10, 3.31246e-10
30, 86, 0, 3.36094e-12, 2.151e-12
31, 66, 0, 1.6904799999999999e-12, 1.0819e-12
31, 67, 0, 1.2003399999999998e-10, 7.68216e-11
31, 68, 0, 4.36123e-09, 2.79118e-09
31, 69, 0, 1.22034e-07, 7.8102e-08
31, 70, 0, 2.1706100000000003e-06, 1.3891900000000001e-06
31, 71, 0, 2.81079e-05, 1.79891e-05
31, 72, 1, 0.000116533, 7.4581e-05
31, 72, 0, 0.000116533, 7.4581e-05
31, 73, 0, 0.0014154, 0.000905855
31, 74, 1, 0.00296033, 0.0018946100000000001
31, 74, 0, 0.00296033, 0.0018946100000000001
31, 75, 0, 0.0165667, 0.010602700000000001
31, 76, 0, 0.035908100000000005, 0.0229812
31, 77, 0, 0.056803, 0.0363539
31, 78, 0, 0.060231900000000005, 0.038548400000000003
31, 79, 0, 0.0479445, 0.030684499999999997
31, 80, 0, 0.0251171, 0.0160749
31, 81, 0, 0.00921759, 0.00589926
31, 82, 0, 0.00234366, 0.0014999400000000002
31, 83, 0, 0.000353099, 0.000225984
31, 84, 0, 3.47098e-05, 2.22142e-05
31, 85, 0, 2.62022e-06, 1.67694e-06
31, 86, 0, 1.04029e-07, 6.65787e-08
31, 87, 0, 2.6053299999999997e-09, 1.6674100000000001e-09
31, 88, 0, 1.54733e-10, 9.90291e-11
32, 69, 0, 1.75049e-11, 1.12031e-11
32, 70, 0, 8.692439999999999e-10, 5.56316e-10
32, 71, 0, 1.56044e-08, 9.986810000000001e-09
32, 71, 1, 1.56044e-08, 9.986810000000001e-09
32, 72, 0, 7.08199e-07, 4.53247e-07
32, 73, 0, 1.0302900000000001e-05, 6.59385e-06
32, 73, 1, 1.2703600000000001e-06, 8.13029e-07
32, 74, 0, 0.000127036, 8.130290000000001e-05
32, 75, 0, 7.24204e-05, 4.6349e-05
32, 75, 1, 0.000833234, 0.00053327
32, 76, 0, 0.0049684, 0.00317977
32, 77, 0, 0.0175119, 0.0112076
32, 77, 1, 0.0013183700000000001, 0.000843757
32, 78, 0, 0.0478795, 0.0306429
32, 79, 1, 0.0454593, 0.0290939
32, 79, 0, 0.0454593, 0.0290939
32, 80, 0, 0.11492500000000001, 0.0735522
32, 81, 0, 0.10761499999999999, 0.0688738
32, 82, 0, 0.07237829999999999, 0.0463221
32, 83, 0, 0.030522600000000004, 0.0195345
32, 84, 0, 0.00843737, 0.00539992
32, 85, 0, 0.00182751, 0.00116961
32, 86, 0, 0.00021105899999999999, 0.00013507799999999998
32, 87, 0, 1.97029e-05, 1.26099e-05
32, 88, 0, 1.17017e-06, 7.48911e-07
32, 89, 0, 3.16074e-08, 2.02287e-08
32, 90, 0, 2.6909e-09, 1.7221699999999999e-09
33, 71, 0, 2.32065e-12, 1.48522e-12
33, 72, 0, 1.48042e-10, 9.474659999999998e-11
33, 73, 0, 6.731890000000001e-09, 4.3084100000000004e-09
33, 74, 0, 3.67103e-08, 2.34946e-08
33, 74, 1, 1.67047e-07, 1.0691e-07
33, 75, 0, 3.96111e-06, 2.53511e-06
33, 76, 0, 5.94167e-05, 3.80267e-05
33, 77, 0, 0.000586165, 0.000375145
33, 78, 0, 0.0038470799999999997, 0.00246213
33, 79, 0, 0.0182351, 0.0116705
33, 80, 0, 0.0560327, 0.035861
33, 81, 0, 0.127874, 0.0818393
33, 82, 0, 0.105226, 0.0673444
33, 82, 1, 0.10524, 0.0673533
33, 83, 0, 0.22773200000000002, 0.145748
33, 84, 1, 0.0817255, 0.052304300000000005
33, 84, 0, 0.0817255, 0.052304300000000005
33, 85, 0, 0.0953108, 0.0609989
33, 86, 0, 0.030500600000000003, 0.0195204
33, 87, 0, 0.00789022, 0.0050497400000000005
33, 88, 0, 0.0013153700000000002, 0.000841837
33, 89, 0, 0.000160013, 0.000102409
33, 90, 0, 1.36227e-05, 8.71855e-06
33, 91, 0, 1.00643e-07, 6.441119999999999e-08
33, 92, 0, 1.01568e-08, 6.50037e-09
33, 93, 0, 1.60844e-09, 1.0294e-09
34, 74, 0, 2.22062e-11, 1.4212e-11
34, 75, 0, 1.21034e-09, 7.746179999999999e-10
34, 76, 0, 5.1814599999999996e-08, 3.31613e-08
34, 77, 0, 1.12031e-07, 7.17002e-08
34, 77, 1, 1.2903600000000001e-06, 8.258319999999999e-07
34, 78, 0, 2.5507200000000002e-05, 1.63246e-05
34, 79, 0, 0.000304085, 0.000194615
34, 79, 1, 2.2906399999999998e-05, 1.46601e-05
34, 80, 0, 0.00264674, 0.0016939199999999998
34, 81, 0, 0.00125935, 0.000805987
34, 81, 1, 0.014480100000000001, 0.00926724
34, 82, 0, 0.0651853, 0.0417186
34, 83, 0, 0.157643, 0.100892
34, 83, 1, 0.0194855, 0.0124707
34, 84, 0, 0.30203, 0.193299
34, 85, 0, 0.223714, 0.143177
34, 85, 1, 0.222425, 0.142352
34, 86, 0, 0.364257, 0.233125
34, 87, 0, 0.24367400000000003, 0.155952
34, 88, 0, 0.10818, 0.06923549999999999
34, 89, 0, 0.0358931, 0.022971600000000002
34, 90, 0, 0.00706336, 0.00452055
34, 91, 0, 0.000761113, 0.000487113
34, 92, 0, 7.68114e-05, 4.91593e-05
34, 93, 0, 1.2163899999999999e-05, 7.78491e-06
34, 94, 0, 1.03029e-07, 6.59385e-08
34, 95, 0, 4.73788e-09, 3.0322400000000003e-09
34, 96, 0, 1.6404600000000002e-11, 1.0499e-11
35, 77, 0, 3.2109e-11, 2.05498e-11
35, 77, 1, 1.97055e-10, 1.2611499999999998e-10
35, 78, 0, 1.20034e-08, 7.68216e-09
35, 79, 0, 6.12172e-08, 3.9179e-08
35, 79, 1, 3.76106e-07, 2.40708e-07
35, 80, 0, 1.48042e-06, 9.474659999999999e-07
35, 80, 1, 8.41236e-06, 5.38391e-06
35, 81, 0, 0.000166047, 0.00010627
35, 82, 0, 0.00154343, 0.000987798
35, 82, 1, 0.00033909500000000003, 0.000217021
35, 83, 0, 0.0138959, 0.00889338
35, 84, 0, 0.0136838, 0.00875766
35, 84, 1, 0.0485156, 0.03105
35, 85, 0, 0.222395, 0.14233200000000001
35, 86, 0, 0.22063999999999998, 0.14121
35, 86, 1, 0.22136899999999998, 0.141676
35, 87, 0, 0.70839, 0.45337
35, 88, 0, 0.769934, 0.492758
35, 89, 0, 0.64665, 0.41385600000000006
35, 90, 0, 0.34214100000000003, 0.21897000000000003
35, 91, 0, 0.101877, 0.065201
35, 92, 0, 0.029178199999999998, 0.018674
35, 93, 0, 0.00422202, 0.0027021000000000002
35, 94, 0, 0.000352099, 0.00022534299999999997
35, 95, 0, 2.3985599999999996e-05, 1.53508e-05
35, 96, 0, 5.3415e-07, 3.4185599999999996e-07
35, 97, 0, 8.80787e-09, 5.63704e-09
35, 98, 0, 3.27981e-10, 2.0990799999999998e-10
36, 79, 1, 1.9705500000000002e-11, 1.2611499999999999e-11
36, 79, 0, 1.9705500000000002e-11, 1.2611499999999999e-11
36, 80, 0, 2.57072e-09, 1.64526e-09
36, 81, 0, 1.18033e-07, 7.55412e-08
36, 81, 1, 8.852490000000001e-09, 5.66559e-09
36, 82, 0, 4.16117e-06, 2.66315e-06
36, 83, 0, 7.992249999999999e-05, 5.11504e-05
36, 83, 1, 9.872770000000001e-06, 6.318579999999999e-06
36, 84, 0, 0.00111631, 0.0007144409999999999
36, 85, 0, 0.00958569, 0.00613484
36, 85, 1, 0.0011843300000000001, 0.000757973
36, 86, 0, 0.05583470000000001, 0.0357342
36, 87, 0, 0.216606, 0.138628
36, 88, 0, 0.564713, 0.361416
36, 89, 0, 1.13159, 0.362107
36, 90, 0, 1.4942799999999998, 0.478168
36, 91, 0, 1.1319299999999999, 0.36221600000000004
36, 92, 0, 0.857336, 0.548695
36, 93, 0, 0.348258, 0.222885
36, 94, 0, 0.0833254, 0.053328299999999995
36, 95, 0, 0.012436500000000001, 0.00795937
36, 96, 0, 0.0011463200000000002, 0.000733646
36, 97, 0, 6.660990000000001e-05, 4.26303e-05
36, 98, 0, 2.48037e-06, 1.5874399999999999e-06
36, 99, 0, 2.42588e-08, 1.55256e-08
36, 100, 0, 9.942789999999999e-10, 6.36339e-10
37, 81, 0, 6.4218e-12, 4.1099599999999996e-12
37, 83, 0, 4.1111599999999996e-08, 2.63114e-08
37, 84, 0, 1.49042e-06, 9.53868e-07
37, 85, 0, 4.13116e-05, 2.64394e-05
37, 86, 1, 0.000301585, 0.00019301400000000003
37, 86, 0, 0.000301585, 0.00019301400000000003
37, 87, 0, 0.00633778, 0.00405618
37, 88, 0, 0.042851, 0.027424699999999996
37, 89, 0, 0.21437499999999998, 0.1372
37, 90, 0, 0.0766856, 0.049078800000000006
37, 90, 1, 0.620246, 0.39695800000000003
37, 91, 0, 1.28839, 0.412285
37, 92, 0, 2.38224, 0.762317
37, 93, 0, 2.47969, 0.793499
37, 94, 0, 1.57606, 0.50434
37, 95, 0, 0.6662600000000001, 0.426407
37, 96, 0, 0.1747, 0.111808
37, 97, 0, 0.0296583, 0.0189813
37, 98, 0, 0.00328792, 0.00210427
37, 99, 0, 0.00012281100000000001, 7.85988e-05
37, 100, 0, 1.18033e-05, 7.55412e-06
37, 101, 0, 1.06329e-07, 6.80507e-08
37, 102, 0, 4.80069e-09, 3.0724399999999998e-09
38, 83, 0, 1.24035e-12, 7.938230000000001e-13
38, 84, 0, 1.34038e-10, 8.57841e-11
38, 85, 1, 5.50155e-09, 3.5209900000000003e-09
38, 85, 0, 5.50155e-09, 3.5209900000000003e-09
38, 86, 0, 4.73133e-07, 3.02805e-07
38, 87, 0, 1.2503500000000001e-05, 8.00225e-06
38, 87, 1, 1.54043e-06, 9.85877e-07
38, 88, 0, 0.00026307399999999997, 0.000168367
38, 89, 0, 0.003573, 0.00228672
38, 90, 0, 0.0313648, 0.0200735
38, 91, 0, 0.151214, 0.0967773
38, 92, 0, 0.704457, 0.45085200000000003
38, 93, 0, 1.82118, 0.582779
38, 94, 0, 2.90897, 0.9308719999999999
38, 95, 0, 3.1935, 1.02192
38, 96, 0, 2.19174, 0.701358
38, 97, 0, 1.0112100000000002, 0.32358600000000004
38, 98, 0, 0.31518, 0.201715
38, 99, 0, 0.0636771, 0.0407533
38, 100, 0, 0.00938964, 0.00600937
38, 101, 0, 0.00080412, 0.000514637
38, 102, 0, 3.63054e-05, 2.3235499999999998e-05
38, 103, 0, 3.50645e-07, 2.24413e-07
38, 104, 0, 2.07058e-08, 1.32517e-08
38, 105, 0, 1.36694e-09, 8.7484e-10
39, 87, 0, 2.1206000000000003e-09, 1.35718e-09
39, 88, 0, 1.14032e-07, 7.298050000000001e-08
39, 89, 0, 4.85136e-07, 3.10487e-07
39, 89, 1, 3.9211e-06, 2.50951e-06
39, 90, 1, 5.551560000000001e-05, 3.553e-05
39, 90, 0, 5.551560000000001e-05, 3.553e-05
39, 91, 1, 0.0007572130000000001, 0.000484616
39, 91, 0, 0.0007572130000000001, 0.000484616
39, 92, 0, 0.0193864, 0.0124073
39, 93, 1, 0.06897439999999999, 0.044143600000000005
39, 93, 0, 0.06897439999999999, 0.044143600000000005
39, 94, 0, 0.572601, 0.36646500000000004
39, 95, 0, 1.6271399999999998, 0.520684
39, 96, 0, 0.167039, 0.106905
39, 96, 1, 2.6169499999999997, 0.837424
39, 97, 1, 1.61008, 1.0304499999999999
39, 97, 0, 1.61008, 1.0304499999999999
39, 98, 0, 1.2921399999999998, 0.41348399999999996
39, 98, 1, 1.2921, 0.41347
39, 99, 0, 1.3631799999999998, 0.436218
39, 100, 0, 0.555327, 0.35540900000000003
39, 101, 0, 0.135842, 0.086939
39, 102, 0, 0.0189153, 0.0121058
39, 103, 0, 0.00177515, 0.00113609
39, 104, 0, 0.000103029, 6.59385e-05
39, 105, 0, 6.920160000000001e-06, 4.4289e-06
39, 106, 0, 5.60742e-08, 3.58875e-08
39, 107, 0, 9.96643e-09, 6.37851e-09
39, 108, 0, 8.4508e-10, 5.40851e-10
40, 88, 0, 3.26092e-12, 2.0869899999999998e-12
40, 89, 0, 3.6610300000000003e-10, 2.34306e-10
40, 90, 1, 1.37039e-08, 8.77046e-09
40, 90, 0, 1.37039e-08, 8.77046e-09
40, 91, 0, 1.09031e-06, 6.97796e-07
40, 92, 0, 4.0611399999999995e-05, 2.5991299999999996e-05
40, 93, 0, 0.000846238, 0.000541592
40, 94, 0, 0.0100308, 0.006419719999999999
40, 95, 0, 0.08073069999999999, 0.0516676
40, 96, 0, 0.367572, 0.23524599999999998
40, 97, 0, 1.0916000000000001, 0.349311
40, 98, 0, 2.19352, 0.701927
40, 99, 0, 2.82636, 0.904434
40, 100, 0, 2.92526, 0.936083
40, 101, 0, 1.8777499999999998, 0.60088
40, 102, 0, 0.7487889999999999, 0.47922499999999996
40, 103, 0, 0.20362599999999997, 0.130321
40, 104, 0, 0.0350649, 0.0224415
40, 105, 0, 0.0035880899999999995, 0.0022963799999999998
40, 106, 0, 0.000424063, 0.00027140000000000004
40, 107, 0, 7.53715e-05, 4.8237799999999994e-05
40, 108, 0, 6.390949999999999e-06, 4.090209999999999e-06
40, 109, 0, 7.6648e-08, 4.90547e-08
40, 110, 0, 5.521549999999999e-09, 3.53379e-09
40, 111, 0, 5.686059999999999e-10, 3.63908e-10
41, 91, 0, 5.26148e-11, 3.3673499999999996e-11
41, 92, 0, 5.81163e-09, 3.7194500000000004e-09
41, 93, 0, 3.27092e-07, 2.09339e-07
41, 93, 1, 4.04114e-08, 2.5863299999999998e-08
41, 94, 0, 9.652709999999999e-06, 6.17774e-06
41, 94, 1, 3.3909499999999997e-06, 2.17021e-06
41, 95, 0, 0.00028308, 0.000181171
41, 95, 1, 3.50098e-05, 2.2406300000000003e-05
41, 96, 0, 0.00418017, 0.00267531
41, 97, 0, 0.030989700000000002, 0.019833399999999998
41, 97, 1, 0.0038300799999999996, 0.00245125
41, 98, 0, 0.161104, 0.103107
41, 98, 1, 0.028432000000000002, 0.0181965
41, 99, 0, 0.04973999999999999, 0.031833600000000004
41, 99, 1, 0.571957, 0.366052
41, 100, 0, 0.813541, 0.520666
41, 100, 1, 0.813541, 0.520666
41, 101, 0, 2.60448, 0.8334340000000001
41, 102, 1, 1.36636, 0.8744709999999999
41, 102, 0, 1.36636, 0.8744709999999999
41, 103, 0, 1.96909, 0.630108
41, 104, 1, 0.466988, 0.29887199999999997
41, 104, 0, 0.466988, 0.29887199999999997
41, 105, 0, 0.273947, 0.175326
41, 106, 0, 0.0754522, 0.048289399999999996
41, 107, 0, 0.026161, 0.016742999999999997
41, 108, 0, 0.00446525, 0.00285776
41, 109, 0, 0.00038803199999999996, 0.000248341
41, 110, 0, 2.8908100000000002e-05, 1.8501199999999998e-05
41, 111, 0, 2.87859e-06, 1.84229e-06
41, 112, 0, 2.42018e-08, 1.54892e-08
41, 113, 0, 2.5724499999999997e-09, 1.64637e-09
41, 114, 0, 1.16513e-10, 7.4568e-11
42, 93, 1, 5.25148e-12, 3.36094e-12
42, 93, 0, 5.25148e-12, 3.36094e-12
42, 94, 0, 1.14032e-09, 7.29805e-10
42, 95, 0, 8.72245e-08, 5.58237e-08
42, 96, 0, 3.45097e-06, 2.20862e-06
42, 97, 0, 8.5524e-05, 5.4735400000000005e-05
42, 98, 0, 0.00135838, 0.0008693640000000001
42, 99, 0, 0.012345499999999999, 0.007901100000000001
42, 100, 0, 0.08894, 0.0569216
42, 101, 0, 0.377571, 0.241646
42, 102, 0, 1.06116, 0.339572
42, 103, 0, 1.95555, 0.625777
42, 104, 0, 2.37062, 0.758599
42, 105, 0, 1.81953, 0.582248
42, 106, 0, 1.09429, 0.350172
42, 107, 0, 0.633471, 0.405421
42, 108, 0, 0.23280800000000001, 0.148997
42, 109, 0, 0.053373, 0.0341587
42, 110, 0, 0.0104259, 0.0066726
42, 111, 0, 0.0014925399999999999, 0.0009552260000000001
42, 112, 0, 0.00018302700000000002, 0.00011713699999999999
42, 113, 0, 1.94542e-05, 1.24507e-05
42, 114, 0, 8.81131e-07, 5.639239999999999e-07
42, 115, 0, 8.8733e-09, 5.67891e-09
42, 116, 0, 1.03029e-09, 6.59385e-10
42, 117, 0, 2.43797e-10, 1.5603e-10
43, 95, 0, 1.3903899999999999e-12, 8.898500000000001e-13
43, 97, 1, 7.20202e-09, 4.6093e-09
43, 97, 0, 7.20202e-09, 4.6093e-09
43, 98, 0, 6.92195e-07, 4.43005e-07
43, 99, 0, 1.63046e-05, 1.04349e-05
43, 99, 1, 2.0205699999999998e-06, 1.29316e-06
43, 100, 0, 0.000389109, 0.00024903
43, 101, 0, 0.004755339999999999, 0.0030434200000000002
43, 102, 0, 0.0196195, 0.012556500000000002
43, 102, 1, 0.0196195, 0.012556500000000002
43, 103, 0, 0.19929499999999997, 0.127549
43, 104, 0, 0.640771, 0.410093
43, 105, 0, 1.2654500000000002, 0.40494499999999994
43, 106, 0, 1.58703, 0.507848
43, 107, 0, 1.4701600000000001, 0.47045000000000003
43, 108, 0, 1.09288, 0.349723
43, 109, 0, 0.609382, 0.390005
43, 110, 0, 0.291735, 0.18671
43, 111, 0, 0.105593, 0.06757930000000001
43, 112, 0, 0.0316769, 0.0202732
43, 113, 0, 0.006752449999999999, 0.00432157
43, 114, 0, 0.00102129, 0.000653624
43, 115, 0, 4.49213e-05, 2.8749700000000004e-05
43, 116, 0, 8.332340000000001e-06, 5.3327e-06
43, 117, 0, 1.23423e-06, 7.899069999999999e-07
43, 118, 0, 9.01947e-09, 5.77246e-09
43, 119, 0, 6.40092e-10, 4.09659e-10
44, 98, 0, 2.33066e-11, 1.4916200000000002e-11
44, 99, 0, 1.84052e-09, 1.17793e-09
44, 100, 0, 1.1903299999999999e-07, 7.618140000000001e-08
44, 101, 0, 4.37123e-06, 2.79759e-06
44, 102, 0, 0.000113032, 7.23403e-05
44, 103, 0, 0.0017094800000000002, 0.00109407
44, 104, 0, 0.0159405, 0.0102019
44, 105, 0, 0.0880607, 0.056358899999999996
44, 106, 0, 0.241051, 0.154272
44, 107, 0, 0.362525, 0.232016
44, 108, 0, 0.543453, 0.34781
44, 109, 1, 0.353501, 0.226241
44, 109, 0, 0.353501, 0.226241
44, 110, 0, 0.775055, 0.49603499999999995
44, 111, 0, 0.654123, 0.418639
44, 112, 0, 0.44851099999999994, 0.287047
44, 113, 0, 0.23092400000000002, 0.147791
44, 114, 0, 0.0861732, 0.0551509
44, 115, 0, 0.0232916, 0.014906599999999999
44, 116, 0, 0.00457929, 0.00293074
44, 117, 0, 0.000639946, 0.000409565
44, 118, 0, 6.82102e-05, 4.36545e-05
44, 119, 0, 4.840720000000001e-06, 3.09806e-06
44, 120, 0, 2.42068e-07, 1.54924e-07
44, 121, 0, 7.3487199999999994e-09, 4.70318e-09
44, 122, 0, 1.7905000000000002e-10, 1.14592e-10
45, 101, 0, 2.96083e-11, 1.89493e-11
45, 101, 1, 2.39067e-10, 1.5300300000000001e-10
45, 102, 0, 1.12031e-08, 7.17002e-09
45, 102, 1, 1.12031e-08, 7.17002e-09
45, 103, 0, 8.42237e-08, 5.3903099999999995e-08
45, 103, 1, 9.68272e-07, 6.19694e-07
45, 104, 0, 4.51127e-06, 2.88721e-06
45, 104, 1, 2.5607199999999998e-05, 1.6388599999999998e-05
45, 105, 0, 0.000465131, 0.000297684
45, 105, 1, 3.50098e-05, 2.2406300000000003e-05
45, 106, 0, 0.00159745, 0.00102237
45, 106, 1, 0.00159745, 0.00102237
45, 107, 0, 0.00816029, 0.00522259
45, 108, 0, 0.0131537, 0.00841837
45, 108, 1, 0.0131537, 0.00841837
45, 109, 0, 0.0425069, 0.0272044
45, 109, 1, 0.0425069, 0.0272044
45, 110, 0, 0.109582, 0.0701324
45, 110, 1, 0.109584, 0.0701336
45, 111, 0, 0.42544000000000004, 0.272281
45, 112, 0, 0.636046, 0.407069
45, 113, 0, 0.735274, 0.47057499999999997
45, 114, 0, 0.628433, 0.40219699999999997
45, 115, 0, 0.400689, 0.25644100000000003
45, 116, 0, 0.190566, 0.121962
45, 117, 0, 0.0663246, 0.0424478
45, 118, 0, 0.0174799, 0.0111871
45, 119, 0, 0.0032069, 0.00205242
45, 120, 0, 0.000420118, 0.00026887600000000003
45, 121, 0, 3.72031e-05, 2.381e-05
45, 122, 0, 2.31065e-06, 1.47882e-06
45, 123, 0, 9.07255e-08, 5.80643e-08
45, 124, 0, 2.68075e-09, 1.71568e-09
45, 125, 0, 1.1029700000000001e-10, 7.059e-11
46, 103, 0, 4.29121e-11, 2.74637e-11
46, 104, 0, 3.8610899999999995e-09, 2.47109e-09
46, 105, 0, 2.00056e-07, 1.28036e-07
46, 106, 0, 3.10087e-06, 1.9845599999999998e-06
46, 107, 0, 2.91082e-06, 1.86292e-06
46, 107, 1, 1.09031e-05, 6.97796e-06
46, 108, 0, 0.000101028, 6.46582e-05
46, 109, 0, 0.000183051, 0.000117153
46, 109, 1, 0.0006891940000000001, 0.00044108399999999995
46, 110, 0, 0.00573061, 0.00366759
46, 111, 0, 0.00578363, 0.00370152
46, 111, 1, 0.0217591, 0.013925799999999999
46, 112, 0, 0.09439449999999999, 0.060412499999999994
46, 113, 0, 0.24931599999999998, 0.159562
46, 114, 0, 0.477785, 0.305783
46, 115, 0, 0.6822400000000001, 0.436633
46, 116, 0, 0.7279329999999999, 0.465877
46, 117, 0, 0.583588, 0.373496
46, 118, 0, 0.355709, 0.227654
46, 119, 0, 0.158994, 0.101756
46, 120, 0, 0.0520386, 0.0333047
46, 121, 0, 0.012088400000000001, 0.00773657
46, 122, 0, 0.00199356, 0.00127588
46, 123, 0, 0.000217061, 0.000138919
46, 124, 0, 1.74049e-05, 1.11391e-05
46, 125, 0, 8.34124e-07, 5.33839e-07
46, 126, 0, 3.80107e-08, 2.4326800000000002e-08
46, 127, 0, 4.5238099999999995e-09, 2.89524e-09
46, 128, 0, 4.46125e-10, 2.8552e-10
47, 105, 1, 4.84136e-12, 3.09847e-12
47, 106, 0, 3.6210199999999996e-11, 2.31745e-11
47, 106, 1, 1.65046e-10, 1.0563e-10
47, 107, 0, 1.27036e-10, 8.13029e-11
47, 107, 1, 1.47041e-09, 9.41064e-10
47, 108, 1, 1.3453799999999998e-08, 8.61042e-09
47, 108, 0, 1.3453799999999998e-08, 8.61042e-09
47, 109, 1, 3.24091e-07, 2.0741799999999998e-07
47, 109, 0, 3.24091e-07, 2.0741799999999998e-07
47, 110, 0, 2.05058e-06, 1.31237e-06
47, 110, 1, 9.34263e-06, 5.97928e-06
47, 111, 0, 1.1603300000000001e-05, 7.42609e-06
47, 111, 1, 0.000133037, 8.51439e-05
47, 112, 0, 0.00121934, 0.0007803790000000001
47, 113, 0, 0.000636179, 0.000407154
47, 113, 1, 0.00731406, 0.004681
47, 114, 0, 0.036594299999999996, 0.023420299999999998
47, 115, 0, 0.0607021, 0.0388493
47, 115, 1, 0.0607021, 0.0388493
47, 116, 0, 0.147853, 0.0946256
47, 116, 1, 0.147853, 0.0946256
47, 117, 0, 0.265109, 0.16966900000000001
47, 117, 1, 0.265109, 0.16966900000000001
47, 118, 0, 0.352728, 0.22574600000000003
47, 118, 1, 0.352728, 0.22574600000000003
47, 119, 0, 0.7128680000000001, 0.456236
47, 120, 1, 0.27013800000000004, 0.172888
47, 120, 0, 0.27013800000000004, 0.172888
47, 121, 0, 0.306556, 0.196196
47, 122, 1, 0.06360740000000001, 0.0407087
47, 122, 0, 0.06360740000000001, 0.0407087
47, 123, 0, 0.0366653, 0.023465800000000002
47, 124, 0, 0.007754179999999999, 0.00496267
47, 125, 0, 0.00104729, 0.000670268
47, 126, 0, 0.000129036, 8.25832e-05
47, 127, 0, 2.29019e-05, 1.46572e-05
47, 128, 0, 5.58157e-06, 3.5722e-06
47, 129, 0, 1.09371e-07, 6.99975e-08
47, 130, 0, 1.26035e-08, 8.066270000000001e-09
47, 131, 0, 4.82714e-10, 3.08937e-10
48, 109, 0, 3.2009e-11, 2.04858e-11
48, 110, 0, 1.54043e-09, 9.85877e-10
48, 111, 0, 7.4721e-09, 4.78214e-09
48, 111, 1, 4.59129e-08, 2.9384300000000003e-08
48, 112, 0, 1.15032e-06, 7.36207e-07
48, 113, 0, 2.7307699999999998e-06, 1.74769e-06
48, 113, 1, 1.68047e-05, 1.0755e-05
48, 114, 0, 0.00023006500000000003, 0.000147241
48, 115, 0, 0.000269076, 0.000172208
48, 115, 1, 0.0016524600000000001, 0.00105758
48, 116, 0, 0.011485200000000001, 0.00735055
48, 117, 0, 0.006879929999999999, 0.00440316
48, 117, 1, 0.0422649, 0.0270495
48, 118, 0, 0.148154, 0.0948183
48, 119, 0, 0.16947399999999999, 0.108463
48, 119, 1, 0.16947399999999999, 0.108463
48, 120, 0, 0.573566, 0.367082
48, 121, 1, 0.372062, 0.238119
48, 121, 0, 0.372062, 0.238119
48, 122, 0, 0.7181919999999999, 0.459643
48, 123, 0, 0.506819, 0.324364
48, 124, 0, 0.264432, 0.169237
48, 125, 0, 0.0953928, 0.061051400000000006
48, 126, 0, 0.0306306, 0.0196036
48, 127, 0, 0.011353199999999999, 0.00726604
48, 128, 0, 0.00469432, 0.00300436
48, 129, 0, 0.000827123, 0.000529359
48, 130, 0, 6.95195e-05, 4.44925e-05
48, 131, 0, 3.65054e-06, 2.33635e-06
48, 132, 0, 1.1903299999999999e-07, 7.618140000000001e-08
48, 133, 0, 4.08921e-09, 2.61709e-09
48, 134, 0, 3.65103e-11, 2.33666e-11
49, 111, 0, 1.29036e-12, 8.258320000000001e-13
49, 112, 0, 8.00225e-12, 5.12144e-12
49, 112, 1, 6.48182e-11, 4.14837e-11
49, 113, 0, 2.93082e-09, 1.87573e-09
49, 113, 1, 3.62102e-10, 2.31745e-10
49, 114, 0, 1.54043e-08, 9.85877e-09
49, 114, 1, 8.73245e-08, 5.58877e-08
49, 115, 0, 2.01057e-06, 1.28676e-06
49, 115, 1, 2.4907e-07, 1.5940500000000002e-07
49, 116, 2, 1.1603300000000001e-05, 7.42609e-06
49, 116, 0, 1.1603300000000001e-05, 7.42609e-06
49, 116, 1, 1.1603300000000001e-05, 7.42609e-06
49, 117, 0, 0.00033809499999999995, 0.00021638100000000003
49, 117, 1, 4.18118e-05, 2.67595e-05
49, 118, 2, 0.000210059, 0.00013443800000000002
49, 118, 0, 0.0023776699999999997, 0.0015217100000000001
49, 118, 1, 0.000210059, 0.00013443800000000002
49, 119, 0, 0.0139069, 0.008900420000000001
49, 119, 1, 0.0017184799999999999, 0.00109983
49, 120, 2, 0.0209172, 0.013387
49, 120, 0, 0.0209172, 0.013387
49, 120, 1, 0.0209172, 0.013387
49, 121, 0, 0.170966, 0.10941799999999999
49, 121, 1, 0.021130899999999998, 0.0135238
49, 122, 2, 0.106806, 0.0683559
49, 122, 0, 0.21360099999999999, 0.13670500000000002
49, 122, 1, 0.106806, 0.0683559
49, 123, 0, 0.6256430000000001, 0.400411
49, 123, 1, 0.0773267, 0.0494891
49, 124, 1, 0.420973, 0.269423
49, 124, 0, 0.420973, 0.269423
49, 125, 0, 0.37314800000000004, 0.238815
49, 125, 1, 0.37314800000000004, 0.238815
49, 126, 1, 0.289733, 0.185429
49, 126, 0, 0.289733, 0.185429
49, 127, 0, 0.21380100000000002, 0.136833
49, 127, 1, 0.21380100000000002, 0.136833
49, 128, 1, 0.146009, 0.0934458
49, 128, 0, 0.146009, 0.0934458
49, 129, 0, 0.0583244, 0.0373276
49, 129, 1, 0.0583244, 0.0373276
49, 130, 2, 0.00880381, 0.00563444
49, 130, 1, 0.00880381, 0.00563444
49, 130, 0, 0.00880381, 0.00563444
49, 131, 1, 0.00195405, 0.00125059
49, 131, 0, 0.00195405, 0.00125059
49, 132, 0, 0.000372105, 0.000238147
49, 133, 0, 2.0701700000000002e-05, 1.32491e-05
49, 134, 0, 9.822759999999999e-07, 6.28657e-07
49, 135, 0, 1.57378e-08, 1.00722e-08
49, 136, 0, 3.9111e-10, 2.5031e-10
50, 114, 0, 3.0108500000000002e-12, 1.92694e-12
50, 115, 0, 1.7805e-10, 1.13952e-10
50, 116, 0, 7.2820500000000005e-09, 4.6605100000000005e-09
50, 117, 1, 1.0503e-07, 6.72189e-08
50, 117, 0, 1.0503e-07, 6.72189e-08
50, 118, 0, 3.94111e-06, 2.52231e-06
50, 119, 0, 7.97224e-06, 5.1022300000000004e-06
50, 119, 1, 4.89137e-05, 3.13048e-05
50, 120, 0, 0.000581163, 0.000371945
50, 121, 0, 0.00081823, 0.000523667
50, 121, 1, 0.00372705, 0.00238531
50, 122, 0, 0.0251131, 0.0160724
50, 123, 0, 0.0835655, 0.0534819
50, 123, 1, 0.018344199999999998, 0.0117403
50, 124, 0, 0.285499, 0.18272
50, 125, 0, 0.49742, 0.318349
50, 125, 1, 0.10919000000000001, 0.0698814
50, 126, 0, 1.07426, 0.343764
50, 127, 0, 1.22267, 0.39125499999999996
50, 127, 1, 0.268391, 0.17177099999999998
50, 128, 1, 0.805264, 0.515369
50, 128, 0, 0.805264, 0.515369
50, 129, 0, 1.11844, 0.357901
50, 129, 1, 0.24537399999999998, 0.157039
50, 130, 1, 0.388172, 0.24843
50, 130, 0, 0.388172, 0.24843
50, 131, 1, 0.152744, 0.09775610000000001
50, 131, 0, 0.152744, 0.09775610000000001
50, 132, 0, 0.0814609, 0.052134999999999994
50, 133, 0, 0.0130047, 0.00832298
50, 134, 0, 0.00174849, 0.00111903
50, 135, 0, 0.00011901799999999999, 7.61713e-05
50, 136, 0, 5.761620000000001e-06, 3.68744e-06
50, 137, 0, 2.0205700000000002e-07, 1.29316e-07
50, 138, 0, 4.67131e-09, 2.9896399999999996e-09
50, 139, 0, 2.88418e-10, 1.84587e-10
51, 117, 0, 7.692160000000001e-12, 4.92298e-12
51, 118, 0, 9.742739999999999e-11, 6.23535e-11
51, 118, 1, 2.77078e-10, 1.7733e-10
51, 119, 0, 1.4404e-08, 9.21859e-09
51, 120, 0, 1.01028e-07, 6.465819999999999e-08
51, 120, 1, 2.87081e-07, 1.83732e-07
51, 121, 0, 8.13229e-06, 5.20466e-06
51, 122, 0, 3.561e-05, 2.27904e-05
51, 122, 1, 8.31234e-05, 5.3199e-05
51, 123, 0, 0.00128336, 0.0008213509999999999
51, 124, 2, 0.00303485, 0.00194231
51, 124, 0, 0.00303485, 0.00194231
51, 124, 1, 0.00303485, 0.00194231
51, 125, 0, 0.049916, 0.0319463
51, 126, 2, 0.0452782, 0.028978100000000003
51, 126, 0, 0.120034, 0.07682159999999999
51, 126, 1, 0.0452782, 0.028978100000000003
51, 127, 0, 0.553458, 0.354213
51, 128, 0, 0.534126, 0.341841
51, 128, 1, 0.402924, 0.257872
51, 129, 0, 1.61863, 0.517961
51, 130, 0, 1.23001, 0.393604
51, 130, 1, 0.9279020000000001, 0.593857
51, 131, 0, 2.0771499999999996, 0.664687
51, 132, 0, 0.558851, 0.35766499999999996
51, 132, 1, 0.874101, 0.559424
51, 133, 0, 0.613214, 0.39245699999999994
51, 134, 1, 0.111154, 0.0711387
51, 134, 0, 0.111154, 0.0711387
51, 135, 0, 0.041936799999999996, 0.0268395
51, 136, 0, 0.005688599999999999, 0.0036406999999999998
51, 137, 0, 0.000567159, 0.00036298200000000003
51, 138, 0, 3.68103e-05, 2.3558600000000002e-05
51, 139, 0, 1.4601200000000001e-06, 9.344779999999999e-07
51, 140, 0, 2.34083e-08, 1.49813e-08
51, 141, 0, 2.9535600000000003e-09, 1.8902800000000002e-09
52, 120, 0, 1.7204799999999998e-11, 1.10111e-11
52, 121, 1, 4.94139e-10, 3.16249e-10
52, 121, 0, 4.94139e-10, 3.16249e-10
52, 122, 0, 3.9311e-08, 2.5159100000000003e-08
52, 123, 0, 1.6504599999999998e-07, 1.0563e-07
52, 123, 1, 1.01028e-06, 6.46582e-07
52, 124, 0, 2.2406300000000003e-05, 1.434e-05
52, 125, 0, 4.75134e-05, 3.04085e-05
52, 125, 1, 0.00029208200000000004, 0.000186933
52, 126, 0, 0.00368704, 0.0023597
52, 127, 0, 0.0035209900000000003, 0.00225343
52, 127, 1, 0.016039499999999998, 0.0102653
52, 128, 0, 0.053766100000000004, 0.0344103
52, 129, 0, 0.0358541, 0.0229466
52, 129, 1, 0.16333599999999998, 0.104535
52, 130, 0, 0.638604, 0.408707
52, 131, 0, 0.388085, 0.24837399999999998
52, 131, 1, 1.2112, 0.38758299999999996
52, 132, 0, 2.46945, 0.790225
52, 133, 0, 0.47276599999999996, 0.30257
52, 133, 1, 2.15372, 0.689191
52, 134, 0, 2.3611199999999997, 0.755559
52, 135, 0, 1.14432, 0.366182
52, 136, 0, 0.411937, 0.26364
52, 137, 0, 0.11195300000000001, 0.07165020000000001
52, 138, 0, 0.0196895, 0.0126013
52, 139, 0, 0.0022126199999999998, 0.00141608
52, 140, 0, 0.000177026, 0.000113297
52, 141, 0, 2.23365e-05, 1.42953e-05
52, 142, 0, 3.31093e-07, 2.1189999999999999e-07
52, 143, 0, 7.083049999999999e-09, 4.53315e-09
52, 144, 0, 7.5231e-10, 4.81478e-10
53, 123, 0, 7.26204e-11, 4.6477100000000004e-11
53, 125, 0, 1.6404599999999999e-07, 1.0499e-07
53, 126, 0, 4.80135e-06, 3.07286e-06
53, 127, 0, 5.3415e-05, 3.41856e-05
53, 128, 0, 0.00024807, 0.000158765
53, 129, 0, 0.00209859, 0.0013431
53, 130, 0, 0.01439, 0.00920963
53, 130, 1, 0.0031588899999999997, 0.00202169
53, 131, 0, 0.105283, 0.06738090000000001
53, 132, 1, 0.203705, 0.13037100000000001
53, 132, 0, 0.203705, 0.13037100000000001
53, 133, 1, 0.596989, 0.382073
53, 133, 0, 0.596989, 0.382073
53, 134, 0, 1.00093, 0.320299
53, 134, 1, 1.5651700000000002, 0.500854
53, 135, 0, 2.97265, 0.951248
53, 136, 0, 1.3060399999999999, 0.417932
53, 136, 1, 1.30457, 0.41746400000000006
53, 137, 0, 1.78742, 0.571975
53, 138, 0, 0.7990840000000001, 0.511413
53, 139, 0, 0.241093, 0.154299
53, 140, 0, 0.0529699, 0.0339007
53, 141, 0, 0.00775285, 0.00496182
53, 142, 0, 0.000771217, 0.0004935790000000001
53, 143, 0, 3.58581e-05, 2.29492e-05
53, 144, 0, 3.8085900000000004e-06, 2.4375e-06
53, 145, 0, 1.71925e-08, 1.10032e-08
53, 146, 0, 7.02249e-10, 4.4944e-10
54, 125, 1, 2.61574e-12, 1.67407e-12
54, 125, 0, 2.61574e-12, 1.67407e-12
54, 126, 0, 4.2011800000000003e-10, 2.6887599999999997e-10
54, 127, 1, 5.0014099999999996e-09, 3.2009e-09
54, 127, 0, 5.0014099999999996e-09, 3.2009e-09
54, 128, 0, 7.99225e-08, 5.11504e-08
54, 129, 1, 8.002249999999999e-07, 5.12144e-07
54, 129, 0, 8.002249999999999e-07, 5.12144e-07
54, 130, 0, 3.68103e-05, 2.3558600000000002e-05
54, 131, 0, 0.000127036, 8.130290000000001e-05
54, 131, 1, 0.000580163, 0.00037130400000000004
54, 132, 0, 0.007106, 0.00454784
54, 133, 0, 0.00943565, 0.00603882
54, 133, 1, 0.0429841, 0.027509799999999997
54, 134, 0, 0.0517305, 0.0331075
54, 134, 1, 0.23566099999999998, 0.15082299999999998
54, 135, 0, 0.147954, 0.0946903
54, 135, 1, 0.673962, 0.43133599999999994
54, 136, 0, 1.73724, 0.555916
54, 137, 0, 2.8254, 0.904128
54, 138, 0, 2.9774599999999998, 0.9527880000000001
54, 139, 0, 2.22227, 0.711126
54, 140, 0, 1.24745, 0.399183
54, 141, 0, 0.483644, 0.309532
54, 142, 0, 0.12692, 0.0812286
54, 143, 1, 0.00929619, 0.00594956
54, 143, 0, 0.00929619, 0.00594956
54, 144, 0, 0.00197475, 0.00126384
54, 145, 0, 0.000130019, 8.32124e-05
54, 146, 0, 5.31079e-06, 3.39891e-06
54, 147, 0, 1.89823e-08, 1.21487e-08
54, 148, 0, 1.5104199999999998e-09, 9.666720000000002e-10
54, 149, 0, 1.58221e-10, 1.01261e-10
55, 129, 0, 8.12228e-11, 5.1982600000000006e-11
55, 131, 0, 2.91082e-07, 1.86292e-07
55, 132, 0, 8.5324e-06, 5.46073e-06
55, 133, 0, 0.000181051, 0.00011587300000000001
55, 134, 1, 0.00136638, 0.0008744860000000001
55, 134, 0, 0.00136638, 0.0008744860000000001
55, 135, 1, 0.010480900000000001, 0.006707810000000001
55, 135, 0, 0.010480900000000001, 0.006707810000000001
55, 136, 1, 0.0576062, 0.036868
55, 136, 0, 0.0576062, 0.036868
55, 137, 0, 0.472398, 0.302335
55, 138, 0, 0.5924320000000001, 0.379156
55, 138, 1, 0.592535, 0.266641
55, 139, 0, 2.11202, 0.675845
55, 140, 0, 2.83178, 0.90617
55, 141, 0, 2.66822, 0.8538290000000001
55, 142, 0, 1.7126599999999998, 0.548053
55, 143, 0, 0.6511669999999999, 0.41674700000000003
55, 144, 0, 0.184917, 0.11834700000000001
55, 145, 0, 0.0341056, 0.0218276
55, 146, 0, 0.00401313, 0.0025684
55, 147, 0, 9.609849000000001e-05, 6.15031e-05
55, 148, 0, 1.10031e-05, 7.041979999999999e-06
55, 149, 0, 8.009980000000001e-07, 5.126380000000001e-07
55, 150, 0, 4.42124e-09, 2.8296e-09
55, 151, 0, 2.47745e-10, 1.5855700000000002e-10
56, 131, 0, 7.86221e-12, 5.0318100000000005e-12
56, 132, 0, 6.89194e-10, 4.41084e-10
56, 133, 0, 4.34122e-08, 2.7783799999999998e-08
56, 134, 0, 1.8705300000000001e-06, 1.19714e-06
56, 135, 1, 2.0305699999999998e-05, 1.29957e-05
56, 135, 0, 2.0305699999999998e-05, 1.29957e-05
56, 136, 1, 0.00031058699999999997, 0.000198776
56, 136, 0, 0.00031058699999999997, 0.000198776
56, 137, 0, 0.00124735, 0.0007983040000000001
56, 137, 1, 0.0056836000000000005, 0.0036375
56, 138, 0, 0.0449106, 0.0287428
56, 139, 0, 0.205294, 0.131388
56, 140, 0, 0.682369, 0.436716
56, 141, 0, 1.5520100000000001, 0.49664200000000003
56, 142, 0, 2.3213399999999997, 0.742829
56, 143, 0, 2.11958, 0.6782670000000001
56, 144, 0, 1.47959, 0.47346999999999995
56, 145, 0, 0.710988, 0.455032
56, 146, 0, 0.22565900000000003, 0.144422
56, 147, 0, 0.04982689999999999, 0.0318892
56, 148, 0, 0.00544053, 0.00348194
56, 149, 0, 0.000415316, 0.000265802
56, 150, 0, 2.08058e-05, 1.33157e-05
56, 151, 0, 1.8735799999999998e-06, 1.1990899999999998e-06
56, 152, 0, 1.4104000000000002e-08, 9.02654e-09
56, 153, 0, 3.6151e-10, 2.3136600000000002e-10
56, 154, 0, 2.11059e-12, 1.35078e-12
57, 135, 0, 5.3515e-09, 3.42496e-09
57, 137, 0, 7.482100000000001e-06, 4.78855e-06
57, 138, 0, 0.000133037, 8.51439e-05
57, 139, 0, 0.00167347, 0.00107102
57, 140, 0, 0.0149832, 0.00958926
57, 141, 0, 0.089054, 0.0569946
57, 142, 0, 0.32902, 0.210573
57, 143, 0, 0.735564, 0.470761
57, 144, 0, 1.23074, 0.393838
57, 145, 0, 1.44236, 0.46155399999999996
57, 146, 1, 0.567546, 0.36322899999999997
57, 146, 0, 0.567546, 0.36322899999999997
57, 147, 0, 0.657792, 0.420987
57, 148, 0, 0.20489699999999997, 0.131134
57, 149, 0, 0.0453347, 0.0290142
57, 150, 0, 0.00673989, 0.00431353
57, 151, 0, 0.000650309, 0.00041619799999999995
57, 152, 0, 4.07114e-05, 2.60553e-05
57, 153, 0, 1.83015e-06, 1.1713000000000001e-06
57, 154, 0, 5.3815099999999995e-08, 3.44417e-08
57, 155, 0, 6.09674e-10, 3.90191e-10
57, 156, 0, 2.18213e-11, 1.39656e-11
58, 137, 0, 5.421520000000001e-10, 3.46978e-10
58, 138, 0, 2.7007599999999998e-08, 1.72849e-08
58, 139, 0, 1.76049e-07, 1.12672e-07
58, 139, 1, 8.002249999999999e-07, 5.12144e-07
58, 140, 0, 2.47069e-05, 1.5812399999999998e-05
58, 141, 0, 0.00041011499999999996, 0.000262474
58, 142, 0, 0.00404014, 0.00258569
58, 143, 0, 0.0240468, 0.015389900000000001
58, 144, 0, 0.103732, 0.0663886
58, 145, 0, 0.309965, 0.198378
58, 146, 0, 0.603717, 0.38637900000000003
58, 147, 0, 0.8725240000000001, 0.558416
58, 148, 0, 0.714357, 0.45718800000000004
58, 149, 0, 0.41815100000000005, 0.26761599999999997
58, 150, 0, 0.170923, 0.109391
58, 151, 0, 0.0460639, 0.029480899999999997
58, 152, 0, 0.00824632, 0.00527764
58, 153, 0, 0.0010603, 0.0006785910000000001
58, 154, 0, 9.07255e-05, 5.80643e-05
58, 155, 0, 4.61069e-06, 2.95084e-06
58, 156, 0, 1.6502499999999998e-07, 1.05616e-07
58, 157, 0, 3.26092e-09, 2.08699e-09
58, 158, 0, 6.0317e-11, 3.8602799999999995e-11
59, 139, 0, 3.77106e-11, 2.4134799999999997e-11
59, 140, 0, 2.7707800000000002e-09, 1.7733e-09
59, 141, 0, 1.32037e-07, 8.45037e-08
59, 142, 1, 1.8105100000000001e-06, 1.15873e-06
59, 142, 0, 1.8105100000000001e-06, 1.15873e-06
59, 143, 0, 6.0617000000000006e-05, 3.8794900000000004e-05
59, 144, 0, 4.34122e-05, 2.77838e-05
59, 144, 1, 0.0006811909999999999, 0.00043596300000000004
59, 145, 0, 0.00600169, 0.00384108
59, 146, 0, 0.0314368, 0.0201196
59, 147, 0, 0.120717, 0.0772588
59, 148, 1, 0.13257, 0.084845
59, 148, 0, 0.13257, 0.084845
59, 149, 0, 0.39720700000000003, 0.254212
59, 150, 0, 0.41490299999999997, 0.265538
59, 151, 0, 0.285358, 0.18262899999999999
59, 152, 0, 0.1349, 0.0863359
59, 153, 0, 0.04638, 0.029683200000000003
59, 154, 0, 0.0109601, 0.00701445
59, 155, 0, 0.0015784400000000002, 0.0010102
59, 156, 0, 0.000163046, 0.000104349
59, 157, 0, 9.42265e-06, 6.03049e-06
59, 158, 0, 5.01141e-07, 3.2073e-07
59, 159, 0, 1.60045e-08, 1.02429e-08
59, 160, 0, 3.15089e-10, 2.01657e-10
59, 161, 0, 7.577949999999999e-12, 4.84989e-12
60, 141, 0, 2.8007900000000002e-12, 1.7925e-12
60, 142, 0, 2.16061e-10, 1.38279e-10
60, 143, 0, 1.0503e-08, 6.72189e-09
60, 144, 0, 3.59101e-07, 2.29825e-07
60, 145, 0, 8.682440000000001e-06, 5.5567600000000005e-06
60, 146, 0, 0.000130037, 8.32234e-05
60, 147, 0, 0.0014454099999999998, 0.0009250600000000001
60, 148, 0, 0.00933462, 0.00597416
60, 149, 0, 0.0386069, 0.024708400000000002
60, 150, 0, 0.107105, 0.0685473
60, 151, 0, 0.18559399999999998, 0.11878
60, 152, 0, 0.21873800000000002, 0.139993
60, 153, 0, 0.185443, 0.118684
60, 154, 0, 0.111122, 0.07111819999999999
60, 155, 0, 0.0420318, 0.026900399999999998
60, 156, 0, 0.0118063, 0.00755604
60, 157, 0, 0.00190954, 0.0012221
60, 158, 0, 0.00028308, 0.000181171
60, 159, 0, 2.6207400000000003e-05, 1.67727e-05
60, 160, 0, 1.48042e-06, 9.474659999999999e-07
60, 161, 0, 5.73085e-08, 3.66775e-08
60, 162, 0, 1.5104199999999998e-09, 9.666720000000002e-10
60, 163, 0, 2.8007899999999998e-11, 1.7925e-11
61, 144, 0, 1.18033e-11, 7.55412e-12
61, 145, 0, 8.492389999999999e-10, 5.43513e-10
61, 146, 0, 3.78106e-08, 2.41988e-08
61, 147, 0, 1.26035e-06, 8.066269999999999e-07
61, 148, 0, 4.59129e-06, 2.93843e-06
61, 148, 1, 2.09059e-05, 1.3379799999999999e-05
61, 149, 0, 0.000315089, 0.000201657
61, 150, 0, 0.00253471, 0.00162222
61, 151, 0, 0.0120154, 0.00768984
61, 152, 2, 0.0124395, 0.00796128
61, 152, 0, 0.0124395, 0.00796128
61, 152, 1, 0.0124395, 0.00796128
61, 153, 0, 0.0788031, 0.05043400000000001
61, 154, 0, 0.0576922, 0.036923000000000004
61, 154, 1, 0.0576922, 0.036923000000000004
61, 155, 0, 0.10674199999999999, 0.0683149
61, 156, 0, 0.074856, 0.047907899999999996
61, 157, 0, 0.031243800000000002, 0.019996
61, 158, 0, 0.0120784, 0.007730170000000001
61, 159, 0, 0.0030828699999999997, 0.00197303
61, 160, 0, 0.000481135, 0.000307927
61, 161, 0, 5.08143e-05, 3.25211e-05
61, 162, 0, 3.81107e-06, 2.4390900000000002e-06
61, 163, 0, 1.98056e-07, 1.26756e-07
61, 164, 0, 7.50211e-09, 4.80135e-09
61, 165, 0, 1.81051e-10, 1.1587300000000001e-10
61, 166, 0, 4.2187900000000004e-12, 2.70002e-12
62, 147, 0, 7.33206e-11, 4.69252e-11
62, 148, 0, 4.78134e-09, 3.06006e-09
62, 149, 0, 1.83051e-07, 1.17153e-07
62, 150, 0, 4.53127e-06, 2.90002e-06
62, 151, 0, 6.31177e-05, 4.03954e-05
62, 152, 0, 0.000561158, 0.000359141
62, 153, 0, 0.0032149, 0.00205754
62, 154, 0, 0.0123285, 0.00789022
62, 155, 0, 0.0288391, 0.018457
62, 156, 0, 0.049784999999999996, 0.0318624
62, 157, 0, 0.0506612, 0.0324232
62, 158, 0, 0.047203300000000004, 0.0302101
62, 159, 0, 0.0305286, 0.0195383
62, 160, 0, 0.0122074, 0.00781276
62, 161, 0, 0.0033249300000000002, 0.00212796
62, 162, 0, 0.000678191, 0.000434042
62, 163, 0, 9.52268e-05, 6.09451e-05
62, 164, 0, 9.94279e-06, 6.363389999999999e-06
62, 165, 0, 6.65187e-07, 4.2572e-07
62, 166, 0, 3.1904700000000004e-08, 2.0419e-08
62, 167, 0, 9.672720000000001e-10, 6.19054e-10
62, 168, 0, 2.11059e-11, 1.35078e-11
62, 169, 0, 9.00811e-13, 5.76519e-13
63, 149, 0, 7.091989999999999e-12, 4.53888e-12
63, 151, 0, 2.3306600000000003e-08, 1.49162e-08
63, 152, 2, 2.0739199999999998e-07, 1.32731e-07
63, 152, 0, 2.0739199999999998e-07, 1.32731e-07
63, 152, 1, 2.0739199999999998e-07, 1.32731e-07
63, 153, 0, 1.0302900000000001e-05, 6.59385e-06
63, 154, 1, 5.551560000000001e-05, 3.553e-05
63, 154, 0, 5.551560000000001e-05, 3.553e-05
63, 155, 0, 0.000717202, 0.00045900899999999997
63, 156, 0, 0.00330193, 0.0021132300000000002
63, 157, 0, 0.008642430000000001, 0.00553115
63, 158, 0, 0.0196125, 0.012552
63, 159, 0, 0.0310017, 0.0198411
63, 160, 0, 0.0296363, 0.0189673
63, 161, 0, 0.0192134, 0.0122966
63, 162, 0, 0.00983877, 0.006296810000000001
63, 163, 0, 0.00349798, 0.00223871
63, 164, 0, 0.000953268, 0.000610091
63, 165, 0, 0.00017004799999999998, 0.00010883100000000002
63, 166, 0, 2.23063e-05, 1.4275999999999999e-05
63, 167, 0, 1.8705300000000001e-06, 1.19714e-06
63, 168, 0, 1.14032e-07, 7.298050000000001e-08
63, 169, 0, 4.5603799999999995e-09, 2.91864e-09
63, 170, 0, 1.24035e-10, 7.93823e-11
63, 171, 0, 2.30116e-12, 1.4727399999999998e-12
63, 172, 0, 8.35822e-14, 5.34926e-14
64, 152, 0, 4.6313e-11, 2.96403e-11
64, 153, 0, 2.27064e-09, 1.45321e-09
64, 154, 0, 7.232029999999999e-08, 4.6285e-08
64, 155, 0, 1.35038e-06, 8.64243e-07
64, 156, 0, 1.7805e-05, 1.13952e-05
64, 157, 0, 0.000130037, 8.32234e-05
64, 158, 0, 0.0007802190000000001, 0.00049934
64, 159, 0, 0.0032349099999999997, 0.00207034
64, 160, 0, 0.00765015, 0.0048961000000000005
64, 161, 0, 0.0116863, 0.00747922
64, 162, 0, 0.014269, 0.00913217
64, 163, 0, 0.0119214, 0.007629660000000001
64, 164, 0, 0.0078142, 0.00500109
64, 165, 0, 0.00346998, 0.0022207800000000003
64, 166, 0, 0.00116333, 0.000744529
64, 167, 0, 0.000256072, 0.000163886
64, 168, 0, 4.2011799999999996e-05, 2.68876e-05
64, 169, 0, 4.6213e-06, 2.95763e-06
64, 170, 0, 3.48098e-07, 2.2278300000000002e-07
64, 171, 0, 1.7402600000000002e-08, 1.1137699999999999e-08
64, 172, 0, 6.320940000000001e-10, 4.0454e-10
65, 155, 0, 1.74049e-10, 1.11391e-10
65, 156, 0, 6.341779999999999e-09, 4.05874e-09
65, 156, 1, 4.0511399999999994e-10, 2.59273e-10
65, 157, 0, 1.4403999999999998e-07, 9.21859e-08
65, 158, 0, 2.28064e-06, 1.4596099999999998e-06
65, 158, 1, 1.46041e-07, 9.346630000000001e-08
65, 159, 0, 2.8508000000000002e-05, 1.82451e-05
65, 160, 0, 0.000181051, 0.00011587300000000001
65, 161, 0, 0.000704198, 0.00045068699999999996
65, 162, 0, 0.0010833, 0.000693315
65, 162, 1, 0.0010833, 0.000693315
65, 163, 0, 0.00432622, 0.0027687799999999998
65, 164, 0, 0.00664087, 0.00425015
65, 165, 0, 0.00688193, 0.00440444
65, 166, 0, 0.00546153, 0.0034953799999999998
65, 167, 0, 0.0029278200000000002, 0.0018738099999999998
65, 168, 0, 0.00120534, 0.0007714169999999999
65, 169, 0, 0.000343096, 0.00021958199999999999
65, 170, 0, 6.87193e-05, 4.39804e-05
65, 171, 0, 9.34263e-06, 5.97928e-06
65, 172, 0, 9.32262e-07, 5.96648e-07
66, 157, 0, 1.0702999999999999e-11, 6.84993e-12
66, 158, 0, 5.221470000000001e-10, 3.34174e-10
66, 159, 0, 1.80051e-08, 1.1523200000000001e-08
66, 160, 0, 3.24091e-07, 2.0741799999999998e-07
66, 161, 0, 3.4209599999999997e-06, 2.1894200000000003e-06
66, 162, 0, 2.8708099999999997e-05, 1.83732e-05
66, 163, 0, 0.000149042, 9.53868e-05
66, 164, 0, 0.000573161, 0.000366823
66, 165, 0, 0.00134438, 0.000860402
66, 165, 1, 0.000101028, 6.46582e-05
66, 166, 0, 0.00271576, 0.00173809
66, 167, 0, 0.00339796, 0.00217469
66, 168, 0, 0.0032759200000000003, 0.0020965899999999997
66, 169, 0, 0.00222963, 0.00142696
66, 170, 0, 0.00109831, 0.000702918
66, 171, 0, 0.000379107, 0.000242628
66, 172, 0, 9.89278e-05, 6.33138e-05
67, 161, 0, 1.0803e-09, 6.91394e-10
67, 161, 1, 8.14229e-11, 5.21106e-11
67, 162, 0, 5.011409999999999e-09, 3.2073e-09
67, 162, 1, 2.28064e-08, 1.45961e-08
67, 163, 0, 3.67103e-07, 2.34946e-07
67, 163, 1, 2.7607799999999997e-08, 1.7669e-08
67, 164, 0, 7.39208e-07, 4.7309300000000004e-07
67, 164, 1, 3.3709500000000003e-06, 2.15741e-06
67, 165, 0, 2.7307699999999996e-05, 1.74769e-05
67, 166, 0, 2.3706699999999998e-05, 1.5172299999999999e-05
67, 166, 1, 0.00010803000000000001, 6.91394e-05
67, 167, 0, 0.00040811499999999996, 0.000261193
67, 168, 0, 0.0009472660000000001, 0.00060625
67, 169, 0, 0.00151643, 0.000970513
67, 170, 0, 0.000870245, 0.000556957
67, 170, 1, 0.000870245, 0.000556957
67, 171, 0, 0.0014164, 0.000906495
67, 172, 0, 0.00089125, 0.0005704
68, 162, 0, 1.81051e-12, 1.15873e-12
68, 163, 0, 7.21203e-11, 4.6157e-11
68, 164, 0, 2.09059e-09, 1.3379800000000002e-09
68, 165, 0, 3.84108e-08, 2.45829e-08
68, 166, 0, 5.05142e-07, 3.23291e-07
68, 167, 0, 3.9011e-06, 2.4967e-06
68, 167, 1, 2.93082e-07, 1.87573e-07
68, 168, 0, 2.5407100000000003e-05, 1.6260599999999998e-05
68, 169, 0, 0.000103029, 6.59385e-05
68, 170, 0, 0.000290082, 0.00018565200000000002
68, 171, 0, 0.000562158, 0.000359781
68, 172, 0, 0.000828233, 0.000530069
69, 165, 0, 3.661029999999999e-12, 2.34306e-12
69, 166, 0, 1.35038e-10, 8.64243e-11
69, 167, 0, 3.11087e-09, 1.99096e-09
69, 168, 0, 5.19146e-08, 3.32253e-08
69, 169, 0, 5.691599999999999e-07, 3.64262e-07
69, 170, 0, 4.2612e-06, 2.72717e-06
69, 171, 0, 2.1306e-05, 1.36358e-05
69, 172, 0, 7.86221e-05, 5.03181e-05
70, 168, 0, 7.22203e-12, 4.6221e-12
70, 169, 0, 2.0605800000000002e-10, 1.3187700000000001e-10
70, 169, 1, 1.55044e-11, 9.92279e-12
70, 170, 0, 4.59129e-09, 2.93843e-09
70, 171, 0, 6.291769999999999e-08, 4.02673e-08
70, 172, 0, 6.24175e-07, 3.9947199999999997e-07
71, 171, 0, 6.411800000000001e-12, 4.10355e-12
71, 171, 1, 6.411800000000001e-12, 4.10355e-12
71, 172, 0, 1.7705e-10, 1.1331199999999999e-10
71, 172, 1, 1.7705e-10, 1.1331199999999999e-10
