23, 66, 0, 1.05374e-14, 6.743929999999999e-15
23, 67, 0, 1.28487e-15, 8.223170000000001e-16
23, 68, 0, 6.56308e-17, 4.2003700000000004e-17
24, 66, 0, 2.88989e-10, 1.8495300000000002e-10
24, 67, 0, 2.98987e-11, 1.91352e-11
24, 68, 0, 1.79993e-12, 1.15196e-12
24, 69, 0, 2.4501399999999997e-14, 1.56809e-14
24, 71, 0, 1.90721e-16, 1.22061e-16
25, 66, 0, 6.06e-08, 3.8784e-08
25, 67, 0, 2.18e-08, 1.3952e-08
25, 68, 0, 3.54e-09, 2.2656e-09
25, 69, 0, 3.51976e-10, 2.25264e-10
25, 70, 0, 3.75e-11, 2.3999999999999998e-11
25, 71, 0, 2.73981e-12, 1.75348e-12
25, 72, 0, 6.67246e-14, 4.27038e-14
25, 73, 0, 6.14503e-15, 3.93282e-15
26, 66, 0, 1.33e-06, 8.512e-07
26, 67, 0, 1.2e-06, 7.68e-07
26, 68, 0, 6.29e-07, 4.0255999999999997e-07
26, 69, 0, 1.68e-07, 1.0752e-07
26, 70, 0, 6.28e-08, 4.0192e-08
26, 71, 0, 1.2400000000000002e-08, 7.935999999999999e-09
26, 72, 0, 1.8299300000000001e-09, 1.1711600000000001e-09
26, 73, 0, 1.42994e-10, 9.151610000000001e-11
26, 74, 0, 1.22e-11, 7.807999999999999e-12
26, 75, 0, 3.39678e-13, 2.17394e-13
27, 66, 0, 1.31e-06, 8.384000000000001e-07
27, 67, 0, 3.41e-06, 2.1824e-06
27, 68, 0, 4.07e-06, 2.6048e-06
27, 69, 0, 3.37e-06, 2.1568000000000003e-06
27, 70, 0, 3.2000000000000003e-06, 2.0479999999999997e-06
27, 71, 0, 2.07e-06, 1.3248e-06
27, 72, 0, 8.24e-07, 5.2736e-07
27, 73, 0, 2.21e-07, 1.4144e-07
27, 74, 0, 5.28e-08, 3.3792e-08
27, 75, 0, 4.87966e-09, 3.12298e-09
27, 76, 0, 3.3300000000000004e-10, 2.1312e-10
27, 77, 0, 1.00125e-11, 6.40802e-12
27, 78, 0, 9.04246e-13, 5.78718e-13
28, 66, 0, 1.8800000000000002e-07, 1.2031999999999998e-07
28, 67, 0, 1.1399999999999999e-06, 7.296e-07
28, 68, 0, 3.83e-06, 2.4512000000000003e-06
28, 69, 0, 7.1200000000000004e-06, 4.5568e-06
28, 70, 0, 1.9600000000000002e-05, 1.2543999999999999e-05
28, 71, 0, 2.93e-05, 1.8752e-05
28, 72, 0, 3.67e-05, 2.3488e-05
28, 73, 0, 2.46e-05, 1.5744e-05
28, 74, 0, 1.9999999999999998e-05, 1.2800000000000001e-05
28, 75, 0, 4.9000000000000005e-06, 3.1359999999999997e-06
28, 76, 0, 1.18e-06, 7.552e-07
28, 77, 0, 2.3299e-07, 1.4911400000000002e-07
28, 78, 0, 2.47991e-08, 1.58714e-08
28, 79, 0, 4.00931e-10, 2.56596e-10
28, 80, 0, 5.98e-11, 3.8272e-11
28, 81, 0, 2.86081e-12, 1.83092e-12
29, 66, 0, 9.67e-10, 6.188799999999999e-10
29, 67, 0, 1.95e-08, 1.248e-08
29, 68, 0, 4.33e-08, 2.7712000000000004e-08
29, 68, 1, 1.1700000000000002e-07, 7.488e-08
29, 69, 0, 9.149999999999999e-07, 5.856e-07
29, 70, 0, 1.28e-06, 8.192e-07
29, 70, 1, 4.55e-06, 2.912e-06
29, 71, 0, 2.4299999999999998e-05, 1.5552e-05
29, 72, 0, 6.86e-05, 4.3904e-05
29, 73, 0, 0.000132, 8.448e-05
29, 74, 0, 0.000257, 0.00016448
29, 75, 0, 0.000196, 0.00012544
29, 76, 0, 0.000123, 7.871999999999999e-05
29, 77, 0, 8.31e-05, 5.3184e-05
29, 78, 0, 2.36e-05, 1.5104000000000001e-05
29, 79, 0, 5.7596e-06, 3.6861399999999996e-06
29, 80, 0, 5.57e-07, 3.5647999999999997e-07
29, 81, 0, 4.10971e-08, 2.63022e-08
29, 82, 0, 1.39e-09, 8.895999999999999e-10
29, 83, 0, 3.63975e-11, 2.32944e-11
29, 84, 0, 1.77568e-12, 1.13643e-12
30, 67, 0, 2.5199999999999998e-11, 1.6128e-11
30, 68, 0, 7.010000000000001e-10, 4.4864e-10
30, 69, 0, 1.8100000000000002e-09, 1.1584e-09
30, 69, 1, 8.84e-09, 5.6576e-09
30, 70, 0, 2.23e-07, 1.4272e-07
30, 71, 0, 3.8199999999999995e-07, 2.4448000000000003e-07
30, 71, 1, 1.8600000000000002e-06, 1.1904e-06
30, 72, 0, 1.91e-05, 1.2223999999999998e-05
30, 73, 0, 8.19e-05, 5.2415999999999994e-05
30, 74, 0, 0.00045700000000000005, 0.00029248
30, 75, 0, 0.0007669999999999999, 0.0004908800000000001
30, 76, 0, 0.001439, 0.0009209600000000001
30, 77, 0, 0.002361, 0.00151104
30, 78, 0, 0.002119, 0.0013561600000000001
30, 79, 0, 0.001362, 0.0008716799999999999
30, 80, 0, 0.000441, 0.00028224
30, 81, 0, 9.02e-05, 5.772800000000001e-05
30, 82, 0, 1.0899999999999999e-05, 6.976e-06
30, 83, 0, 8.46964e-07, 5.420569999999999e-07
30, 84, 0, 4.86982e-08, 3.11669e-08
30, 85, 0, 5.832989999999999e-10, 3.73311e-10
30, 86, 0, 1.5e-11, 9.6e-12
31, 69, 0, 4.71e-12, 3.0143999999999998e-12
31, 70, 0, 2.73e-10, 1.7472000000000002e-10
31, 71, 0, 9.21e-09, 5.8944e-09
31, 72, 1, 1.0350000000000001e-07, 6.624e-08
31, 72, 0, 1.0350000000000001e-07, 6.624e-08
31, 73, 0, 2.8e-06, 1.7920000000000002e-06
31, 74, 1, 1.905e-05, 1.2192e-05
31, 74, 0, 1.905e-05, 1.2192e-05
31, 75, 0, 0.000186, 0.00011904000000000001
31, 76, 0, 0.00079, 0.0005056
31, 77, 0, 0.003705, 0.0023712
31, 78, 0, 0.0074010000000000005, 0.00473664
31, 79, 0, 0.014355, 0.0091872
31, 80, 0, 0.011194, 0.00716416
31, 81, 0, 0.00752, 0.0048128
31, 82, 0, 0.002425, 0.001552
31, 83, 0, 0.0006360000000000001, 0.00040704
31, 84, 0, 0.00010499999999999999, 6.72e-05
31, 85, 0, 8.37942e-06, 5.36283e-06
31, 86, 0, 3.74e-07, 2.3936e-07
31, 87, 0, 2.9650899999999997e-09, 1.8976600000000002e-09
31, 88, 0, 1.4147099999999999e-10, 9.05413e-11
31, 89, 0, 2.0333299999999998e-11, 1.30133e-11
32, 71, 0, 1.31e-12, 8.384e-13
32, 71, 1, 1.31e-12, 8.384e-13
32, 72, 0, 2.1100000000000002e-10, 1.3504e-10
32, 73, 0, 6.309999999999999e-09, 4.0384000000000004e-09
32, 73, 1, 1.29e-09, 8.256e-10
32, 74, 0, 3.55e-07, 2.272e-07
32, 75, 0, 5.27e-07, 3.3728e-07
32, 75, 1, 3.87e-06, 2.4768e-06
32, 76, 0, 5.9800000000000003e-05, 3.8271999999999995e-05
32, 77, 0, 0.000593, 0.00037952
32, 77, 1, 8.08e-05, 5.1712e-05
32, 78, 0, 0.00386, 0.0024703999999999998
32, 79, 1, 0.0084205, 0.005389120000000001
32, 79, 0, 0.0084205, 0.005389120000000001
32, 80, 0, 0.03675, 0.02352
32, 81, 0, 0.056923, 0.0364307
32, 82, 0, 0.056234000000000006, 0.0359898
32, 83, 0, 0.036005, 0.0230432
32, 84, 0, 0.020312, 0.0129997
32, 85, 0, 0.004507, 0.00288448
32, 86, 0, 0.0007740000000000001, 0.00049536
32, 87, 0, 6.8997e-05, 4.41581e-05
32, 88, 0, 3.87986e-06, 2.4831100000000003e-06
32, 89, 0, 4.73151e-07, 3.02817e-07
32, 90, 0, 8.771729999999999e-10, 5.61391e-10
32, 91, 0, 1.23436e-10, 7.8999e-11
33, 74, 0, 2.61e-11, 1.6704e-11
33, 74, 1, 7.05e-11, 4.512e-11
33, 75, 0, 4.12e-09, 2.6368000000000002e-09
33, 76, 0, 1.53e-07, 9.792e-08
33, 77, 0, 5.86e-06, 3.7504e-06
33, 78, 0, 8.41e-05, 5.3824000000000005e-05
33, 79, 0, 0.001158, 0.0007411200000000001
33, 80, 0, 0.0058319999999999995, 0.00373248
33, 81, 0, 0.026289, 0.016825
33, 82, 0, 0.029119999999999997, 0.0186368
33, 82, 1, 0.029119999999999997, 0.0186368
33, 83, 0, 0.104633, 0.0669651
33, 84, 1, 0.0708925, 0.0453712
33, 84, 0, 0.0708925, 0.0453712
33, 85, 0, 0.10080499999999999, 0.0645152
33, 86, 0, 0.048125, 0.0308
33, 87, 0, 0.01584, 0.0101376
33, 88, 0, 0.002657, 0.00170048
33, 89, 0, 0.000326527, 0.000208977
33, 90, 0, 1.06918e-05, 6.84277e-06
33, 91, 0, 1.77323e-06, 1.1348599999999999e-06
33, 92, 0, 6.3807700000000005e-09, 4.08369e-09
33, 93, 0, 5.06093e-10, 3.239e-10
33, 94, 0, 1.25428e-11, 8.02738e-12
34, 76, 0, 3.42e-11, 2.1888e-11
34, 77, 0, 4.41e-10, 2.8224e-10
34, 77, 1, 3.2300000000000002e-09, 2.0672e-09
34, 78, 0, 1.81e-07, 1.1584000000000001e-07
34, 79, 0, 5.94e-06, 3.8016e-06
34, 79, 1, 8.09e-07, 5.1776e-07
34, 80, 0, 0.000111, 7.104e-05
34, 81, 0, 0.000153, 9.792000000000001e-05
34, 81, 1, 0.001121, 0.0007174400000000001
34, 82, 0, 0.008767, 0.00561088
34, 83, 0, 0.029846, 0.0191014
34, 83, 1, 0.006113, 0.0039123199999999995
34, 84, 0, 0.123443, 0.0790035
34, 85, 0, 0.117387, 0.07512769999999999
34, 85, 1, 0.11538500000000002, 0.07384639999999999
34, 86, 0, 0.343853, 0.220066
34, 87, 0, 0.300158, 0.192101
34, 88, 0, 0.17478000000000002, 0.111859
34, 89, 0, 0.061176999999999995, 0.0391533
34, 90, 0, 0.0140863, 0.00901524
34, 91, 0, 0.00198223, 0.0012686300000000002
34, 92, 0, 0.000174994, 0.000111996
34, 93, 0, 1.17767e-05, 7.53709e-06
34, 94, 0, 3.43987e-07, 2.20152e-07
34, 95, 0, 2.07838e-09, 1.3301599999999999e-09
34, 96, 0, 7.56e-11, 4.8384e-11
35, 78, 0, 1.07e-11, 6.848e-12
35, 79, 0, 3.02e-10, 1.9328e-10
35, 79, 1, 1.14e-09, 7.295999999999999e-10
35, 80, 0, 1.41e-08, 9.024e-09
35, 80, 1, 5.0100000000000005e-08, 3.2064e-08
35, 81, 0, 2.58e-06, 1.6512e-06
35, 82, 0, 3.49e-05, 2.2336e-05
35, 82, 1, 1.29e-05, 8.256e-06
35, 83, 0, 0.000634, 0.00040576
35, 84, 0, 0.002091, 0.00133824
35, 84, 1, 0.004442, 0.0028428800000000003
35, 85, 0, 0.033451999999999996, 0.0214093
35, 86, 0, 0.062242000000000006, 0.0398349
35, 86, 1, 0.062242000000000006, 0.0398349
35, 87, 0, 0.266817, 0.170763
35, 88, 0, 0.43198400000000003, 0.27647
35, 89, 0, 0.521909, 0.334022
35, 90, 0, 0.32016700000000003, 0.204907
35, 91, 0, 0.156166, 0.09994629999999999
35, 92, 0, 0.038939999999999995, 0.024921600000000002
35, 93, 0, 0.008127220000000001, 0.00520142
35, 94, 0, 0.0008359999999999999, 0.00053504
35, 95, 0, 2.9857000000000002e-05, 1.91085e-05
35, 96, 0, 2.13e-06, 1.3632e-06
35, 97, 0, 1.58568e-08, 1.0148299999999999e-08
35, 98, 0, 6.92769e-10, 4.43372e-10
35, 99, 0, 2.89636e-10, 1.85367e-10
36, 80, 0, 3.1e-12, 1.984e-12
36, 81, 0, 3.12e-10, 1.9968e-10
36, 81, 1, 4.26e-11, 2.7264e-11
36, 82, 0, 2.36e-08, 1.5104e-08
36, 83, 0, 7e-07, 4.4800000000000004e-07
36, 83, 1, 1.43e-07, 9.152e-08
36, 84, 0, 3.12e-05, 1.9968e-05
36, 85, 0, 0.000362, 0.00023168
36, 85, 1, 7.42e-05, 4.7488e-05
36, 86, 0, 0.00578, 0.0036992
36, 87, 0, 0.032512, 0.020807700000000002
36, 88, 0, 0.17665899999999998, 0.113062
36, 89, 0, 0.489912, 0.31354400000000004
36, 90, 0, 0.941262, 0.42356800000000006
36, 91, 0, 1.11807, 0.357782
36, 92, 0, 0.9023490000000001, 0.577503
36, 93, 0, 0.501366, 0.320874
36, 94, 0, 0.182057, 0.116516
36, 95, 0, 0.0333761, 0.0213607
36, 96, 0, 0.004965, 0.0031776
36, 97, 0, 0.000368984, 0.00023615000000000002
36, 98, 0, 1.89993e-05, 1.21596e-05
36, 99, 0, 6.73979e-06, 4.31346e-06
36, 100, 0, 1.16e-08, 7.423999999999999e-09
36, 101, 0, 4.90757e-10, 3.14085e-10
37, 83, 0, 3.9e-11, 2.496e-11
37, 84, 0, 4.21e-09, 2.6944e-09
37, 85, 0, 2.18e-07, 1.3952e-07
37, 86, 1, 4.35e-06, 2.784e-06
37, 86, 0, 4.35e-06, 2.784e-06
37, 87, 0, 0.000184, 0.00011776
37, 88, 0, 0.002947, 0.00188608
37, 89, 0, 0.028020999999999997, 0.0179334
37, 90, 0, 0.023215, 0.0148576
37, 90, 1, 0.11324600000000001, 0.0724774
37, 91, 0, 0.514292, 0.32914699999999997
37, 92, 0, 1.04498, 0.47023899999999996
37, 93, 0, 1.57382, 0.503622
37, 94, 0, 1.41228, 0.45193000000000005
37, 95, 0, 0.857153, 0.548578
37, 96, 0, 0.346122, 0.22151800000000002
37, 97, 0, 0.09253700000000001, 0.059223700000000004
37, 98, 0, 0.01384, 0.0088576
37, 99, 0, 0.004651199999999999, 0.00297677
37, 100, 0, 9.26e-05, 5.9264e-05
37, 101, 0, 7.05e-06, 4.512e-06
37, 102, 0, 2.8804600000000004e-08, 1.8435e-08
37, 103, 0, 1.7893900000000002e-09, 1.14521e-09
37, 104, 0, 5.06816e-11, 3.24362e-11
38, 85, 1, 3.525e-12, 2.256e-12
38, 85, 0, 3.525e-12, 2.256e-12
38, 86, 0, 1.12e-09, 7.168e-10
38, 87, 0, 6.08e-08, 3.8912e-08
38, 87, 1, 1.2400000000000002e-08, 7.935999999999999e-09
38, 88, 0, 4.5599999999999995e-06, 2.9184e-06
38, 89, 0, 0.000129, 8.256e-05
38, 90, 0, 0.002321, 0.00148544
38, 91, 0, 0.022649000000000002, 0.0144954
38, 92, 0, 0.14078000000000002, 0.0900992
38, 93, 0, 0.5818570000000001, 0.372389
38, 94, 0, 1.54227, 0.354722
38, 95, 0, 2.25834, 0.722669
38, 96, 0, 2.80111, 0.6442559999999999
38, 97, 0, 1.8998500000000003, 0.6079519999999999
38, 98, 0, 0.962679, 0.616115
38, 99, 0, 0.285172, 0.18251
38, 100, 0, 0.063267, 0.0404909
38, 101, 0, 0.007880950000000001, 0.00504381
38, 102, 0, 0.0007899710000000001, 0.000505582
38, 103, 0, 4.16388e-05, 2.66488e-05
38, 104, 0, 1.38995e-06, 8.89568e-07
38, 105, 0, 6.3217299999999994e-09, 4.04591e-09
38, 106, 0, 7.77615e-10, 4.97673e-10
39, 88, 0, 1.93e-10, 1.2352e-10
39, 89, 0, 3.6799999999999997e-09, 2.3552e-09
39, 89, 1, 1.79e-08, 1.1456e-08
39, 90, 1, 5.95e-07, 3.808e-07
39, 90, 0, 5.95e-07, 3.808e-07
39, 91, 1, 2.195e-05, 1.4048e-05
39, 91, 0, 2.195e-05, 1.4048e-05
39, 92, 0, 0.0008230000000000001, 0.00052672
39, 93, 1, 0.0055775, 0.0035696
39, 93, 0, 0.0055775, 0.0035696
39, 94, 0, 0.079784, 0.051061800000000004
39, 95, 0, 0.500248, 0.32015899999999997
39, 96, 0, 0.098493, 0.0630355
39, 96, 1, 0.995827, 0.637329
39, 97, 1, 1.08128, 0.692017
39, 97, 0, 1.08128, 0.692017
39, 98, 0, 1.3397700000000001, 0.428726
39, 98, 1, 1.33958, 0.428667
39, 99, 0, 2.54008, 0.812825
39, 100, 0, 1.39866, 0.447571
39, 101, 0, 0.5700120000000001, 0.364808
39, 102, 0, 0.151591, 0.0970183
39, 103, 0, 0.028735399999999998, 0.0183906
39, 104, 0, 0.0026509999999999997, 0.0016966400000000001
39, 105, 0, 9.08152e-05, 5.8121699999999996e-05
39, 106, 0, 9.47831e-06, 6.06612e-06
39, 107, 0, 1.0353499999999999e-08, 6.626269999999999e-09
39, 108, 0, 1.69911e-09, 1.08743e-09
39, 109, 0, 1.1795799999999998e-10, 7.5493e-11
40, 90, 1, 2.5399999999999998e-11, 1.6256e-11
40, 90, 0, 2.5399999999999998e-11, 1.6256e-11
40, 91, 0, 5.6700000000000005e-09, 3.6288e-09
40, 92, 0, 4.1700000000000004e-07, 2.6688e-07
40, 93, 0, 1.3899999999999999e-05, 8.896e-06
40, 94, 0, 0.000428, 0.00027392
40, 95, 0, 0.005499, 0.00351936
40, 96, 0, 0.056684, 0.0362778
40, 97, 0, 0.318832, 0.204053
40, 98, 0, 1.10812, 0.354597
40, 99, 0, 2.50902, 0.802887
40, 100, 0, 4.05797, 1.29855
40, 101, 0, 3.79631, 1.21482
40, 102, 0, 3.07488, 0.9839600000000001
40, 103, 0, 1.45779, 0.466492
40, 104, 0, 0.458044, 0.293148
40, 105, 0, 0.101519, 0.06497230000000001
40, 106, 0, 0.012487500000000002, 0.00799201
40, 107, 0, 0.000240925, 0.000154192
40, 108, 0, 4.6598300000000004e-05, 2.9822900000000002e-05
40, 109, 0, 2.7448600000000003e-06, 1.75671e-06
41, 92, 0, 5.4600000000000006e-12, 3.4944e-12
41, 93, 0, 5.84e-10, 3.7375999999999996e-10
41, 93, 1, 1.2e-10, 7.68e-11
41, 94, 0, 4.1200000000000005e-08, 2.6368e-08
41, 94, 1, 2.4199999999999998e-08, 1.5488000000000003e-08
41, 95, 0, 2.92e-06, 1.8688000000000002e-06
41, 95, 1, 5.979999999999999e-07, 3.8272000000000003e-07
41, 96, 0, 9.599999999999999e-05, 6.144e-05
41, 97, 0, 0.0014600000000000001, 0.0009344
41, 97, 1, 0.000299, 0.00019136
41, 98, 0, 0.014794999999999999, 0.0094688
41, 98, 1, 0.0041730000000000005, 0.00267072
41, 99, 0, 0.011474, 0.00734336
41, 99, 1, 0.13194, 0.08444159999999999
41, 100, 0, 0.28355400000000003, 0.181475
41, 100, 1, 0.28355400000000003, 0.181475
41, 101, 0, 1.5503, 0.49609500000000006
41, 102, 1, 1.40914, 0.9018510000000001
41, 102, 0, 1.40914, 0.9018510000000001
41, 103, 0, 3.8457900000000005, 1.23065
41, 104, 1, 1.44231, 0.9230789999999999
41, 104, 0, 1.44231, 0.9230789999999999
41, 105, 0, 2.03858, 0.652345
41, 106, 0, 0.6373690000000001, 0.407916
41, 107, 0, 0.166265, 0.10640999999999999
41, 108, 0, 0.023685, 0.015158399999999999
41, 109, 0, 0.00189426, 0.00121232
41, 110, 0, 3.89e-10, 2.4896e-10
41, 111, 0, 1.5417800000000001e-12, 9.86736e-13
41, 112, 0, 3.59498e-14, 2.30079e-14
41, 113, 0, 1.38207e-14, 8.84524e-15
41, 115, 0, 3.8178500000000004e-11, 2.4434199999999998e-11
41, 116, 0, 1.87412e-12, 1.19944e-12
42, 95, 0, 1.33e-10, 8.512e-11
42, 96, 0, 1.4000000000000001e-08, 8.96e-09
42, 97, 0, 7.68e-07, 4.9152e-07
42, 98, 0, 3.12e-05, 1.9968e-05
42, 99, 0, 0.000681, 0.00043583999999999995
42, 100, 0, 0.009367, 0.00599488
42, 101, 0, 0.065512, 0.0419277
42, 102, 0, 0.372259, 0.23824599999999999
42, 103, 0, 1.1917799999999998, 0.38136899999999996
42, 104, 0, 2.98492, 0.955174
42, 105, 0, 4.30323, 1.37703
42, 106, 0, 3.9110600000000004, 1.2515399999999999
42, 107, 0, 2.48298, 0.7945539999999999
42, 108, 0, 1.17919, 0.377342
42, 109, 0, 0.258703, 0.16557
42, 110, 0, 0.0008359999999999999, 0.00053504
42, 111, 0, 3.93e-05, 2.5152000000000002e-05
42, 112, 0, 1.08e-06, 6.912e-07
42, 113, 0, 3.5229e-07, 2.2546600000000002e-07
42, 114, 0, 3.5399999999999997e-10, 2.2656e-10
42, 115, 0, 8.88406e-07, 5.6858e-07
42, 116, 0, 5.13981e-08, 3.28948e-08
42, 117, 0, 9.2888e-11, 5.94483e-11
42, 118, 0, 7.96468e-12, 5.0974000000000005e-12
43, 97, 1, 5.6999999999999995e-12, 3.648e-12
43, 97, 0, 5.6999999999999995e-12, 3.648e-12
43, 98, 0, 1.4e-09, 8.96e-10
43, 99, 0, 9.75e-08, 6.24e-08
43, 99, 1, 2e-08, 1.28e-08
43, 100, 0, 4.66e-06, 2.9824000000000004e-06
43, 101, 0, 0.000115, 7.36e-05
43, 102, 0, 0.000879, 0.00056256
43, 102, 1, 0.000879, 0.00056256
43, 103, 0, 0.018786, 0.012023
43, 104, 0, 0.10811499999999999, 0.0691936
43, 105, 0, 0.558932, 0.357717
43, 106, 0, 1.15952, 0.371046
43, 107, 0, 2.16608, 0.693144
43, 108, 0, 2.43269, 0.778461
43, 109, 0, 1.65872, 0.53079
43, 110, 0, 0.515635, 0.330006
43, 111, 0, 0.13506200000000002, 0.08643970000000001
43, 112, 0, 0.018504, 0.0118426
43, 113, 0, 0.00232665, 0.00148905
43, 114, 0, 0.000156, 9.984e-05
43, 115, 0, 0.0006130990000000001, 0.000392383
43, 116, 0, 7.46e-05, 4.7744e-05
43, 117, 0, 1.33439e-06, 8.54008e-07
43, 118, 0, 9.70812e-08, 6.2132e-08
43, 119, 0, 2.4880900000000003e-10, 1.59238e-10
43, 120, 0, 5.57862e-12, 3.57032e-12
44, 99, 0, 1.29e-12, 8.256e-13
44, 100, 0, 1.93e-10, 1.2352e-10
44, 101, 0, 1.35e-08, 8.64e-09
44, 102, 0, 7.44e-07, 4.7616e-07
44, 103, 0, 2.22e-05, 1.4208000000000002e-05
44, 104, 0, 0.000528, 0.00033792
44, 105, 0, 0.0064410000000000005, 0.00412224
44, 106, 0, 0.044451000000000004, 0.028448600000000004
44, 107, 0, 0.21076699999999998, 0.134891
44, 108, 0, 0.750537, 0.480344
44, 109, 1, 0.6114040000000001, 0.391298
44, 109, 0, 0.6114040000000001, 0.391298
44, 110, 0, 1.54819, 0.495422
44, 111, 0, 1.04118, 0.333177
44, 112, 0, 0.5603269999999999, 0.252147
44, 113, 0, 0.22357000000000002, 0.143085
44, 114, 0, 0.068097, 0.0435821
44, 115, 0, 0.03759, 0.0240576
44, 116, 0, 0.009961000000000001, 0.00637504
44, 117, 0, 0.00149167, 0.0009546660000000001
44, 118, 0, 0.00012790299999999998, 8.185790000000001e-05
44, 119, 0, 5.78975e-06, 3.7054399999999995e-06
44, 120, 0, 1.52994e-07, 9.79164e-08
44, 121, 0, 5.58937e-10, 3.5772000000000003e-10
44, 122, 0, 1.53e-11, 9.792e-12
44, 123, 0, 3.20884e-13, 2.05366e-13
45, 102, 0, 4.18e-12, 2.6751999999999997e-12
45, 102, 1, 4.18e-12, 2.6751999999999997e-12
45, 103, 0, 1.09e-10, 6.976e-11
45, 103, 1, 7.979999999999999e-10, 5.1072e-10
45, 104, 0, 1.39e-08, 8.895999999999999e-09
45, 104, 1, 4.93e-08, 3.1552000000000004e-08
45, 105, 0, 2.61e-06, 1.6704e-06
45, 105, 1, 3.56e-07, 2.2783999999999998e-07
45, 106, 0, 2.6399999999999998e-05, 1.6896e-05
45, 106, 1, 2.6399999999999998e-05, 1.6896e-05
45, 107, 0, 0.0009170000000000001, 0.0005868799999999999
45, 108, 0, 0.004551, 0.0029126399999999998
45, 108, 1, 0.004551, 0.0029126399999999998
45, 109, 0, 0.025297999999999998, 0.016190700000000002
45, 109, 1, 0.025297999999999998, 0.016190700000000002
45, 110, 0, 0.008076, 0.00516864
45, 110, 1, 0.008076, 0.00516864
45, 111, 0, 0.045963, 0.0294163
45, 112, 0, 0.074714, 0.047817
45, 113, 0, 0.09200799999999999, 0.0588851
45, 114, 0, 0.06429, 0.0411456
45, 115, 0, 0.05995399999999999, 0.0383706
45, 116, 0, 0.049718, 0.0318195
45, 117, 0, 0.029148999999999998, 0.0186554
45, 118, 0, 0.007942, 0.00508288
45, 119, 0, 0.0015860000000000002, 0.00101504
45, 120, 0, 0.000145, 9.28e-05
45, 121, 0, 8.029439999999999e-06, 5.13884e-06
45, 122, 0, 2.33e-07, 1.4912e-07
45, 123, 0, 4.60968e-09, 2.95019e-09
45, 124, 0, 4.13e-11, 2.6431999999999997e-11
46, 105, 0, 7.88e-11, 5.0432000000000005e-11
46, 106, 0, 5.49e-09, 3.5136e-09
46, 107, 0, 8.62e-08, 5.5168e-08
46, 107, 1, 1.92e-07, 1.2288e-07
46, 108, 0, 1.04e-05, 6.6559999999999995e-06
46, 109, 0, 5.24e-05, 3.3536e-05
46, 109, 1, 0.000117, 7.488e-05
46, 110, 0, 2.18e-07, 1.3952e-07
46, 111, 0, 9.21e-07, 5.8944e-07
46, 111, 1, 2.0500000000000003e-06, 1.3119999999999999e-06
46, 112, 0, 3.05e-05, 1.952e-05
46, 113, 0, 0.000152, 9.728e-05
46, 114, 0, 0.000507, 0.00032448
46, 115, 0, 0.0109, 0.0069759999999999996
46, 116, 0, 0.036619, 0.0234362
46, 117, 0, 0.060017999999999995, 0.0384115
46, 118, 0, 0.058225, 0.037264
46, 119, 0, 0.035312, 0.0225997
46, 120, 0, 0.013028000000000001, 0.00833792
46, 121, 0, 0.002397, 0.0015340800000000002
46, 122, 0, 0.000298, 0.00019072
46, 123, 0, 2.03e-05, 1.2991999999999999e-05
46, 124, 0, 8.38e-07, 5.3632e-07
47, 107, 1, 2.49e-12, 1.5936e-12
47, 108, 1, 1.62e-10, 1.0368e-10
47, 108, 0, 1.62e-10, 1.0368e-10
47, 109, 1, 1.01e-08, 6.463999999999999e-09
47, 109, 0, 1.01e-08, 6.463999999999999e-09
47, 112, 0, 3.1499999999999997e-12, 2.016e-12
47, 113, 0, 1.1099999999999999e-11, 7.1040000000000004e-12
47, 113, 1, 8.17e-11, 5.2288e-11
47, 114, 0, 1.42e-09, 9.088e-10
47, 115, 0, 4.74e-05, 3.0336e-05
47, 115, 1, 4.74e-05, 3.0336e-05
47, 116, 0, 0.0005859999999999999, 0.00037504
47, 116, 1, 0.0005859999999999999, 0.00037504
47, 117, 0, 0.003761, 0.00240704
47, 117, 1, 0.003761, 0.00240704
47, 118, 0, 0.010272, 0.00657408
47, 118, 1, 0.010272, 0.00657408
47, 119, 0, 0.044442, 0.0284429
47, 120, 1, 0.0227485, 0.014558999999999999
47, 120, 0, 0.0227485, 0.014558999999999999
47, 121, 0, 0.031243999999999997, 0.019996200000000002
47, 122, 1, 0.005897, 0.0037740800000000004
47, 122, 0, 0.005897, 0.0037740800000000004
47, 123, 0, 0.003281, 0.00209984
47, 124, 0, 0.00046600000000000005, 0.00029824
47, 125, 0, 1.63e-08, 1.0431999999999999e-08
47, 126, 0, 1.29e-09, 8.256e-10
47, 127, 0, 9.81e-11, 6.2784e-11
47, 128, 0, 5.77e-12, 3.6928e-12
47, 129, 0, 3.2561699999999996e-13, 2.08395e-13
47, 131, 0, 1.87789e-08, 1.2018500000000001e-08
47, 132, 0, 9.99047e-10, 6.3939e-10
47, 133, 0, 1.13108e-10, 7.238889999999999e-11
48, 115, 0, 1.2500000000000001e-08, 7.999999999999999e-09
48, 115, 1, 4.7000000000000004e-08, 3.0079999999999995e-08
48, 116, 0, 3.8099999999999995e-06, 2.4384e-06
48, 117, 0, 1.79e-05, 1.1456e-05
48, 117, 1, 6.72e-05, 4.3008e-05
48, 118, 0, 0.000954, 0.00061056
48, 119, 0, 0.003202, 0.00204928
48, 119, 1, 0.003202, 0.00204928
48, 120, 0, 0.023727, 0.0151853
48, 121, 1, 0.022281, 0.0142598
48, 121, 0, 0.022281, 0.0142598
48, 122, 0, 0.057682000000000004, 0.036916500000000005
48, 123, 0, 0.045192, 0.0289229
48, 124, 0, 0.025188000000000002, 0.0161203
48, 125, 0, 0.001598, 0.00102272
48, 126, 0, 0.000537, 0.00034367999999999996
48, 127, 0, 0.000148, 9.472e-05
48, 128, 0, 4.06e-05, 2.5983999999999997e-05
48, 129, 0, 8.3e-06, 5.312e-06
48, 130, 0, 8.049999999999999e-07, 5.152000000000001e-07
48, 131, 0, 0.00043698099999999997, 0.000279668
48, 132, 0, 2.7399e-05, 1.7535399999999998e-05
48, 133, 0, 2.632e-06, 1.6844799999999998e-06
48, 134, 0, 6.550000000000001e-09, 4.192e-09
48, 135, 0, 2.4749399999999997e-10, 1.58396e-10
49, 115, 0, 1.06e-12, 6.784e-13
49, 116, 2, 1.15333e-10, 7.381330000000001e-11
49, 116, 0, 1.15333e-10, 7.381330000000001e-11
49, 116, 1, 1.15333e-10, 7.381330000000001e-11
49, 117, 0, 3.03e-08, 1.9392e-08
49, 117, 1, 6.200000000000001e-09, 3.9679999999999995e-09
49, 118, 2, 1.5799999999999999e-07, 1.0112e-07
49, 118, 0, 1.1199999999999999e-06, 7.168e-07
49, 118, 1, 1.5799999999999999e-07, 1.0112e-07
49, 119, 0, 3.57e-05, 2.2848e-05
49, 119, 1, 7.31e-06, 4.6784e-06
49, 120, 2, 0.000172667, 0.000110507
49, 120, 0, 0.000172667, 0.000110507
49, 120, 1, 0.000172667, 0.000110507
49, 121, 0, 0.0031399999999999996, 0.0020096
49, 121, 1, 0.000643, 0.00041152
49, 122, 2, 0.0045626700000000004, 0.00292011
49, 122, 0, 0.0045626700000000004, 0.00292011
49, 122, 1, 0.0045626700000000004, 0.00292011
49, 123, 0, 0.030412, 0.0194637
49, 123, 1, 0.006229, 0.00398656
49, 124, 1, 0.027994, 0.0179162
49, 124, 0, 0.027994, 0.0179162
49, 125, 0, 0.043252, 0.0276813
49, 125, 1, 0.043252, 0.0276813
49, 126, 1, 0.0387885, 0.0248246
49, 126, 0, 0.0387885, 0.0248246
49, 127, 0, 0.041546, 0.026589400000000003
49, 127, 1, 0.041546, 0.026589400000000003
49, 128, 1, 0.036921, 0.023629400000000002
49, 128, 0, 0.036921, 0.023629400000000002
49, 129, 0, 0.034962, 0.0223757
49, 129, 1, 0.034962, 0.0223757
49, 130, 2, 0.009883, 0.006325119999999999
49, 130, 1, 0.009883, 0.006325119999999999
49, 130, 0, 0.009883, 0.006325119999999999
49, 131, 1, 0.043358, 0.0277491
49, 131, 0, 0.043358, 0.0277491
49, 132, 0, 0.017175, 0.010992
49, 133, 0, 0.00181637, 0.00116248
49, 134, 0, 6.48e-05, 4.1472e-05
49, 135, 0, 3.5553900000000004e-06, 2.27545e-06
49, 136, 0, 1.56e-08, 9.984e-09
49, 137, 0, 1.83492e-10, 1.17435e-10
50, 117, 1, 5.05e-13, 3.2320000000000003e-13
50, 117, 0, 5.05e-13, 3.2320000000000003e-13
50, 118, 0, 1.85e-10, 1.184e-10
50, 119, 0, 4.32e-09, 2.7648e-09
50, 119, 1, 1.62e-08, 1.0368e-08
50, 120, 0, 1.11e-06, 7.104e-07
50, 121, 0, 7.23e-06, 4.6271999999999995e-06
50, 121, 1, 2.06e-05, 1.3184e-05
50, 122, 0, 0.000408, 0.00026112
50, 123, 0, 0.002437, 0.00155968
50, 123, 1, 0.000856, 0.00054784
50, 124, 0, 0.018630999999999998, 0.0119238
50, 125, 0, 0.030161, 0.019302999999999997
50, 125, 1, 0.010597, 0.00678208
50, 126, 0, 0.089728, 0.0574259
50, 127, 0, 0.142365, 0.0911136
50, 127, 1, 0.05002, 0.0320128
50, 128, 1, 0.216279, 0.138419
50, 128, 0, 0.216279, 0.138419
50, 129, 0, 0.811308, 0.365089
50, 129, 1, 0.263164, 0.168425
50, 130, 1, 0.8109099999999999, 0.518982
50, 130, 0, 0.8109099999999999, 0.518982
50, 131, 1, 0.718847, 0.46006199999999997
50, 131, 0, 0.718847, 0.46006199999999997
50, 132, 0, 1.03877, 0.332407
50, 133, 0, 0.350813, 0.22452000000000003
50, 134, 0, 0.054497, 0.0348781
50, 135, 0, 0.00397444, 0.00254364
50, 136, 0, 0.000194, 0.00012415999999999998
50, 137, 0, 4.26982e-06, 2.73268e-06
50, 138, 0, 1.0999999999999999e-07, 7.040000000000001e-08
50, 139, 0, 1.6287799999999998e-09, 1.04242e-09
50, 140, 0, 1.58485e-10, 1.0143e-10
51, 120, 0, 2.4300000000000003e-11, 1.5552e-11
51, 120, 1, 4.14e-11, 2.6496e-11
51, 121, 0, 7.56e-09, 4.8384e-09
51, 122, 0, 1.6399999999999999e-07, 1.0496e-07
51, 122, 1, 2.18e-07, 1.3952e-07
51, 123, 0, 1.31e-05, 8.384e-06
51, 124, 2, 8.2e-05, 5.2480000000000006e-05
51, 124, 0, 8.2e-05, 5.2480000000000006e-05
51, 124, 1, 8.2e-05, 5.2480000000000006e-05
51, 125, 0, 3.67e-05, 2.3488e-05
51, 126, 2, 6.8e-05, 4.352e-05
51, 126, 0, 9.86e-05, 6.3104e-05
51, 126, 1, 6.8e-05, 4.352e-05
51, 127, 0, 0.0018729999999999999, 0.00119872
51, 128, 0, 0.004418, 0.00282752
51, 128, 1, 0.006102, 0.00390528
51, 129, 0, 0.08645499999999999, 0.055331200000000004
51, 130, 0, 0.148232, 0.0948685
51, 130, 1, 0.204699, 0.13100699999999998
51, 131, 0, 1.36079, 0.435451
51, 132, 0, 1.35212, 0.432677
51, 132, 1, 1.19905, 0.383695
51, 133, 0, 3.07245, 0.983185
51, 134, 1, 0.730477, 0.467505
51, 134, 0, 0.730477, 0.467505
51, 135, 0, 0.429146, 0.274653
51, 136, 0, 0.066861, 0.042790999999999996
51, 137, 0, 0.006026999999999999, 0.00385728
51, 138, 0, 0.000463, 0.00029632
51, 139, 0, 2.3398400000000003e-05, 1.4975e-05
51, 140, 0, 1.93176e-06, 1.23633e-06
51, 141, 0, 3.63449e-09, 2.32608e-09
51, 142, 0, 2.36635e-10, 1.5144699999999998e-10
52, 122, 0, 3.01e-11, 1.9264e-11
52, 123, 0, 7.630000000000001e-10, 4.8832e-10
52, 123, 1, 2.87e-09, 1.8368e-09
52, 124, 0, 3.09e-07, 1.9776e-07
52, 125, 0, 4.91e-12, 3.1424e-12
52, 125, 1, 1.85e-11, 1.1840000000000001e-11
52, 126, 0, 6.2e-10, 3.968e-10
52, 127, 0, 4.62e-09, 2.9567999999999996e-09
52, 127, 1, 1.32e-08, 8.448e-09
52, 128, 0, 4.5100000000000005e-07, 2.8863999999999997e-07
52, 129, 0, 3.5899999999999995e-06, 2.2976e-06
52, 129, 1, 1.02e-05, 6.528e-06
52, 130, 0, 0.000299, 0.00019136
52, 131, 0, 0.038882, 0.024884499999999997
52, 131, 1, 0.18190299999999998, 0.058209
52, 132, 0, 0.863663, 0.388648
52, 133, 0, 0.79044, 0.505882
52, 133, 1, 2.24969, 0.719899
52, 134, 0, 5.0008, 1.15018
52, 135, 0, 4.092090000000001, 1.3094700000000001
52, 136, 0, 2.32753, 0.744808
52, 137, 0, 0.617525, 0.39521599999999996
52, 138, 0, 0.170194, 0.10892399999999999
52, 139, 0, 0.024220000000000002, 0.015500799999999999
52, 140, 0, 0.00254507, 0.00162884
52, 141, 0, 8.4574e-05, 5.4127400000000006e-05
52, 142, 0, 6.48976e-06, 4.15345e-06
52, 143, 0, 9.30809e-09, 5.95718e-09
52, 144, 0, 1.5011600000000002e-09, 9.6074e-10
52, 145, 0, 1.19392e-10, 7.641080000000001e-11
53, 130, 0, 4.97e-11, 3.1808e-11
53, 130, 1, 1.84e-11, 1.1776e-11
53, 131, 0, 0.000731, 0.00046784
53, 132, 1, 0.006928999999999999, 0.00443456
53, 132, 0, 0.006928999999999999, 0.00443456
53, 133, 1, 0.086801, 0.0555526
53, 133, 0, 0.086801, 0.0555526
53, 134, 0, 0.43407100000000004, 0.27780499999999997
53, 134, 1, 0.395411, 0.253063
53, 135, 0, 2.3526100000000003, 0.752834
53, 136, 0, 1.74141, 0.557251
53, 136, 1, 1.73345, 0.554703
53, 137, 0, 3.05965, 0.979089
53, 138, 0, 2.1282200000000002, 0.6810309999999999
53, 139, 0, 0.9954430000000001, 0.637084
53, 140, 0, 0.273063, 0.17476
53, 141, 0, 0.0583654, 0.037353899999999995
53, 142, 0, 0.006766, 0.00433024
53, 143, 0, 0.000133716, 8.55781e-05
53, 144, 0, 1.8297500000000002e-05, 1.17104e-05
53, 145, 0, 1.7151299999999999e-06, 1.09768e-06
53, 146, 0, 3.86492e-09, 2.47355e-09
53, 147, 0, 3.18911e-10, 2.0410299999999997e-10
54, 131, 0, 6.39e-08, 4.0896e-08
54, 131, 1, 1.82e-07, 1.1648e-07
54, 132, 0, 1.9e-05, 1.216e-05
54, 133, 0, 0.000203, 0.00012992
54, 133, 1, 0.0005769999999999999, 0.00036928
54, 134, 0, 0.004575, 0.002928
54, 134, 1, 0.012369999999999999, 0.0079168
54, 135, 0, 0.038889, 0.024888999999999998
54, 135, 1, 0.11097900000000001, 0.0710266
54, 136, 0, 0.772219, 0.49422
54, 137, 0, 2.7009700000000003, 0.621224
54, 138, 0, 3.62733, 0.580372
54, 139, 0, 3.9966099999999996, 1.27891
54, 140, 0, 3.26423, 1.04455
54, 141, 0, 1.70615, 0.5459689999999999
54, 142, 0, 0.660042, 0.42242699999999994
54, 143, 1, 0.0747381, 0.047832400000000004
54, 143, 0, 0.0747381, 0.047832400000000004
54, 144, 0, 0.024106700000000002, 0.0154283
54, 145, 0, 0.00191728, 0.00122706
54, 146, 0, 0.00010599599999999999, 6.78375e-05
54, 147, 0, 7.421e-06, 4.74944e-06
54, 148, 0, 5.82e-08, 3.7248e-08
54, 149, 0, 4.74332e-10, 3.03573e-10
54, 150, 0, 4.75e-12, 3.04e-12
55, 131, 0, 2.84e-12, 1.8175999999999998e-12
55, 132, 0, 7.34e-10, 4.697599999999999e-10
55, 133, 0, 1.36e-07, 8.704e-08
55, 134, 1, 5.2e-06, 3.3279999999999997e-06
55, 134, 0, 5.2e-06, 3.3279999999999997e-06
55, 135, 1, 0.000195, 0.0001248
55, 135, 0, 0.000195, 0.0001248
55, 136, 1, 0.003874, 0.00247936
55, 136, 0, 0.003874, 0.00247936
55, 137, 0, 0.070771, 0.0452934
55, 138, 0, 0.149657, 0.0957805
55, 138, 1, 0.149988, 0.0959923
55, 139, 0, 1.05147, 0.672943
55, 140, 0, 1.7770299999999999, 0.5686479999999999
55, 141, 0, 2.74398, 0.878074
55, 142, 0, 2.48603, 0.795529
55, 143, 0, 1.75269, 0.56086
55, 144, 0, 0.742866, 0.475434
55, 145, 0, 0.20704, 0.132506
55, 146, 0, 0.033519, 0.0214522
55, 147, 0, 0.00512131, 0.00327764
55, 148, 0, 0.00020999999999999998, 0.0001344
55, 149, 0, 6.8140500000000004e-06, 4.3609899999999996e-06
55, 150, 0, 2.0000000000000002e-07, 1.2799999999999998e-07
55, 151, 0, 7.15706e-10, 4.58052e-10
55, 152, 0, 4.08369e-11, 2.6135600000000003e-11
56, 133, 0, 1.4900000000000001e-12, 9.536e-13
56, 134, 0, 5.349999999999999e-10, 3.424e-10
56, 135, 1, 3.525e-08, 2.256e-08
56, 135, 0, 3.525e-08, 2.256e-08
56, 136, 1, 2.51e-06, 1.6064e-06
56, 136, 0, 2.51e-06, 1.6064e-06
56, 137, 0, 4.57e-05, 2.9248e-05
56, 137, 1, 0.00013000000000000002, 8.32e-05
56, 138, 0, 0.0027140000000000003, 0.00173696
56, 139, 0, 0.024156, 0.015459800000000001
56, 140, 0, 0.14284, 0.0914176
56, 141, 0, 0.511954, 0.32765099999999997
56, 142, 0, 1.38656, 0.44369800000000004
56, 143, 0, 2.3521799999999997, 0.752698
56, 144, 0, 2.90388, 0.92924
56, 145, 0, 1.9758000000000002, 0.632255
56, 146, 0, 1.0753199999999998, 0.344101
56, 147, 0, 0.31399499999999997, 0.200957
56, 148, 0, 0.06677999999999999, 0.042739200000000005
56, 149, 0, 0.007617189999999999, 0.004875
56, 150, 0, 0.00069, 0.0004416
56, 151, 0, 1.66544e-05, 1.06588e-05
56, 152, 0, 1.11996e-06, 7.16774e-07
56, 153, 0, 5.62417e-09, 3.59947e-09
56, 154, 0, 2.21e-10, 1.4143999999999998e-10
56, 155, 0, 1.2256499999999999e-11, 7.84415e-12
57, 137, 0, 1.55e-08, 9.92e-09
57, 138, 0, 7.17e-07, 4.5888e-07
57, 139, 0, 2.39e-05, 1.5295999999999997e-05
57, 140, 0, 0.000359, 0.00022975999999999997
57, 141, 0, 0.004581, 0.0029318400000000002
57, 142, 0, 0.033071, 0.0211654
57, 143, 0, 0.299554, 0.191715
57, 144, 0, 0.575369, 0.368236
57, 145, 0, 1.1382400000000001, 0.364238
57, 146, 1, 0.7472219999999999, 0.47822200000000004
57, 146, 0, 0.7472219999999999, 0.47822200000000004
57, 147, 0, 1.35788, 0.43452100000000005
57, 148, 0, 0.730831, 0.467732
57, 149, 0, 0.280219, 0.17934
57, 150, 0, 0.06985, 0.044704
57, 151, 0, 0.011493300000000001, 0.00735574
57, 152, 0, 0.001167, 0.00074688
57, 153, 0, 8.07944e-05, 5.1708399999999994e-05
57, 154, 0, 2.54e-06, 1.6256e-06
57, 155, 0, 1.76071e-07, 1.12686e-07
57, 156, 0, 4.2295399999999995e-10, 2.70691e-10
57, 157, 0, 1.5684900000000002e-11, 1.00383e-11
57, 158, 0, 2.85129e-13, 1.82483e-13
58, 138, 0, 1.5499999999999998e-11, 9.92e-12
58, 139, 0, 3.97e-10, 2.5407999999999996e-10
58, 139, 1, 1.13e-09, 7.231999999999999e-10
58, 140, 0, 7.29e-08, 4.6656e-08
58, 141, 0, 2.96e-06, 1.8944e-06
58, 142, 0, 7.76e-05, 4.9664e-05
58, 143, 0, 0.001134, 0.00072576
58, 144, 0, 0.012742, 0.00815488
58, 145, 0, 0.070384, 0.0450458
58, 146, 0, 0.306813, 0.19635999999999998
58, 147, 0, 0.675451, 0.43228900000000003
58, 148, 0, 1.11979, 0.25755100000000003
58, 149, 0, 1.04393, 0.469768
58, 150, 0, 0.7934190000000001, 0.507788
58, 151, 0, 0.33604300000000004, 0.21506799999999998
58, 152, 0, 0.113805, 0.0728352
58, 153, 0, 0.021461, 0.013735
58, 154, 0, 0.002484, 0.0015897599999999997
58, 155, 0, 0.00019682399999999998, 0.000125967
58, 156, 0, 1.15996e-05, 7.423729999999999e-06
58, 157, 0, 3.64984e-07, 2.3359000000000002e-07
58, 158, 0, 7.81972e-09, 5.0046200000000004e-09
58, 159, 0, 5.94436e-11, 3.80439e-11
59, 141, 0, 6.54e-11, 4.1855999999999996e-11
59, 142, 1, 2.52e-09, 1.6127999999999998e-09
59, 142, 0, 2.52e-09, 1.6127999999999998e-09
59, 143, 0, 3.09e-07, 1.9776e-07
59, 144, 0, 8.37e-07, 5.3568e-07
59, 144, 1, 8.46e-06, 5.4144e-06
59, 145, 0, 0.000186, 0.00011904000000000001
59, 146, 0, 0.002362, 0.00151168
59, 147, 0, 0.018056, 0.0115558
59, 148, 1, 0.0399795, 0.0255869
59, 148, 0, 0.0399795, 0.0255869
59, 149, 0, 0.23936000000000002, 0.15319000000000002
59, 150, 0, 0.42492299999999994, 0.271951
59, 151, 0, 0.5386829999999999, 0.24240699999999998
59, 152, 0, 0.42883499999999997, 0.27445400000000003
59, 153, 0, 0.251471, 0.160941
59, 154, 0, 0.076501, 0.04896059999999999
59, 155, 0, 0.020692000000000002, 0.013242899999999998
59, 156, 0, 0.003256, 0.00208384
59, 157, 0, 0.000359, 0.00022975999999999997
59, 158, 0, 2.15e-05, 1.3759999999999999e-05
59, 159, 0, 8.53941e-07, 5.465220000000001e-07
59, 160, 0, 2.2100000000000003e-08, 1.4144e-08
59, 161, 0, 1.02704e-10, 6.57304e-11
59, 162, 0, 3.03725e-12, 1.9438400000000003e-12
59, 163, 0, 5.02775e-14, 3.21776e-14
60, 143, 0, 4.76e-12, 3.0464000000000004e-12
60, 144, 0, 5.57e-10, 3.5648e-10
60, 145, 0, 3.3599999999999996e-08, 2.1504e-08
60, 146, 0, 1.67e-06, 1.0688e-06
60, 147, 0, 3.7500000000000003e-05, 2.3999999999999997e-05
60, 148, 0, 0.000626, 0.00040064
60, 149, 0, 0.004977, 0.00318528
60, 150, 0, 0.031301, 0.020032599999999998
60, 151, 0, 0.100822, 0.06452609999999999
60, 152, 0, 0.24087599999999998, 0.154161
60, 153, 0, 0.325287, 0.208184
60, 154, 0, 0.298802, 0.134461
60, 155, 0, 0.192547, 0.12322999999999999
60, 156, 0, 0.093694, 0.059964199999999995
60, 157, 0, 0.026162, 0.0167437
60, 158, 0, 0.005248, 0.0033587200000000004
60, 159, 0, 0.000565, 0.0003616
60, 160, 0, 5.0100000000000005e-05, 3.2063999999999997e-05
60, 161, 0, 2.3899e-06, 1.52953e-06
60, 162, 0, 8.3297e-08, 5.33101e-08
60, 163, 0, 1.1699499999999999e-09, 7.48768e-10
60, 164, 0, 6.840000000000001e-12, 4.3775999999999994e-12
60, 165, 0, 1.0858600000000001e-13, 6.94947e-14
60, 166, 0, 6.84465e-15, 4.38058e-15
61, 146, 0, 3.18e-11, 2.0352e-11
61, 147, 0, 2.75e-09, 1.76e-09
61, 148, 0, 3.8300000000000005e-08, 2.4511999999999998e-08
61, 148, 1, 1.0399999999999999e-07, 6.656e-08
61, 149, 0, 4.43e-06, 2.8352e-06
61, 150, 0, 7.78e-05, 4.9791999999999994e-05
61, 151, 0, 0.000902, 0.00057728
61, 152, 2, 0.00190067, 0.00121643
61, 152, 0, 0.00190067, 0.00121643
61, 152, 1, 0.00190067, 0.00121643
61, 153, 0, 0.024859, 0.015909799999999998
61, 154, 0, 0.028293, 0.0181075
61, 154, 1, 0.028293, 0.0181075
61, 155, 0, 0.108201, 0.0692486
61, 156, 0, 0.11803499999999999, 0.0755424
61, 157, 0, 0.09563100000000001, 0.061203799999999996
61, 158, 0, 0.045251, 0.028960599999999996
61, 159, 0, 0.015325000000000002, 0.009807999999999999
61, 160, 0, 0.003393, 0.0021715199999999997
61, 161, 0, 0.00055, 0.000352
61, 162, 0, 5.0600000000000003e-05, 3.2384e-05
61, 163, 0, 2.52e-06, 1.6128e-06
61, 164, 0, 4.14e-08, 2.6495999999999998e-08
61, 165, 0, 1.55989e-09, 9.983310000000001e-10
61, 166, 0, 8.34292e-11, 5.339470000000001e-11
61, 167, 0, 1.2419e-13, 7.94815e-14
61, 168, 0, 1.84131e-15, 1.17844e-15
62, 148, 0, 2.63e-12, 1.6832e-12
62, 149, 0, 2.4999999999999996e-10, 1.6000000000000002e-10
62, 150, 0, 1.6900000000000002e-08, 1.0816e-08
62, 151, 0, 5.83e-07, 3.7312e-07
62, 152, 0, 1.34e-05, 8.575999999999999e-06
62, 153, 0, 0.000163, 0.00010432
62, 154, 0, 0.001312, 0.0008396800000000001
62, 155, 0, 0.006509999999999999, 0.0041664
62, 156, 0, 0.021862, 0.013991700000000001
62, 157, 0, 0.040999, 0.0262394
62, 158, 0, 0.055714999999999994, 0.0356576
62, 159, 0, 0.042404, 0.0271386
62, 160, 0, 0.026858999999999997, 0.0171898
62, 161, 0, 0.01042, 0.0066688
62, 162, 0, 0.0029790000000000003, 0.0019065599999999999
62, 163, 0, 0.00038600000000000006, 0.00024704
62, 164, 0, 2.17e-05, 1.3888000000000002e-05
62, 165, 0, 2.18e-06, 1.3952e-06
62, 166, 0, 1.09917e-07, 7.03466e-08
62, 167, 0, 2.88988e-09, 1.8495199999999998e-09
62, 168, 0, 5.0498199999999995e-11, 3.23188e-11
62, 169, 0, 2.58935e-13, 1.65718e-13
62, 171, 0, 3.6769500000000005e-16, 2.3532500000000003e-16
63, 151, 0, 1.28e-11, 8.192e-12
63, 152, 2, 2.9000000000000003e-10, 1.856e-10
63, 152, 0, 2.9000000000000003e-10, 1.856e-10
63, 152, 1, 2.9000000000000003e-10, 1.856e-10
63, 153, 0, 3.92e-08, 2.5088000000000003e-08
63, 154, 1, 4.6850000000000005e-07, 2.9984e-07
63, 154, 0, 4.6850000000000005e-07, 2.9984e-07
63, 155, 0, 1.67e-05, 1.0688e-05
63, 156, 0, 0.00015000000000000001, 9.599999999999999e-05
63, 157, 0, 0.0009290000000000001, 0.00059456
63, 158, 0, 0.003134, 0.00200576
63, 159, 0, 0.007221999999999999, 0.004622080000000001
63, 160, 0, 0.010204000000000001, 0.00653056
63, 161, 0, 0.011325, 0.007248
63, 162, 0, 0.007135, 0.0045664
63, 163, 0, 0.002745, 0.0017567999999999998
63, 164, 0, 0.000375, 0.00023999999999999998
63, 165, 0, 0.000119, 7.616e-05
63, 166, 0, 1.58e-05, 1.0111999999999999e-05
63, 167, 0, 1.39e-06, 8.896e-07
63, 168, 0, 6.699999999999999e-08, 4.288e-08
63, 169, 0, 3.7197400000000002e-09, 2.38063e-09
63, 170, 0, 8.83e-11, 5.6512000000000005e-11
63, 171, 0, 5.28214e-12, 3.38057e-12
63, 172, 0, 9.80816e-15, 6.277220000000001e-15
64, 154, 0, 5.6100000000000005e-11, 3.5904e-11
64, 155, 0, 2.93e-09, 1.8752e-09
64, 156, 0, 9.429999999999999e-08, 6.0352e-08
64, 157, 0, 1.62e-06, 1.0368e-06
64, 158, 0, 1.8900000000000002e-05, 1.2095999999999999e-05
64, 159, 0, 0.000115, 7.36e-05
64, 160, 0, 0.000514, 0.00032896
64, 161, 0, 0.001396, 0.00089344
64, 162, 0, 0.0025599999999999998, 0.0016384000000000001
64, 163, 0, 0.002232, 0.00142848
64, 164, 0, 0.0008719999999999999, 0.00055808
64, 165, 0, 0.000614, 0.00039296
64, 166, 0, 0.000246, 0.00015743999999999998
64, 167, 0, 5.19e-05, 3.3215999999999995e-05
64, 168, 0, 8.21e-06, 5.2544e-06
64, 169, 0, 1.18e-06, 7.552e-07
64, 170, 0, 9.71e-08, 6.2144e-08
64, 171, 0, 5.904720000000001e-09, 3.77902e-09
64, 172, 0, 2.6899e-10, 1.72154e-10
65, 156, 0, 1.4400000000000001e-12, 9.216e-13
65, 157, 0, 9.85e-11, 6.304e-11
65, 158, 0, 2.97e-09, 1.9008e-09
65, 158, 1, 2.9299999999999997e-10, 1.8752e-10
65, 159, 0, 7.08e-08, 4.5311999999999996e-08
65, 160, 0, 8.459999999999999e-07, 5.4144e-07
65, 161, 0, 7.89e-06, 5.0496e-06
65, 162, 0, 1.84e-05, 1.1776e-05
65, 162, 1, 1.84e-05, 1.1776e-05
65, 163, 0, 0.00010300000000000001, 6.591999999999999e-05
65, 164, 0, 9.680000000000001e-05, 6.195199999999999e-05
65, 165, 0, 0.000196, 0.00012544
65, 166, 0, 0.000176, 0.00011263999999999999
65, 167, 0, 0.000104, 6.656e-05
65, 168, 0, 3.79e-05, 2.4256000000000003e-05
65, 169, 0, 1.62e-05, 1.0368e-05
65, 170, 0, 3.34e-06, 2.1376e-06
65, 171, 0, 6.75e-07, 4.32e-07
65, 172, 0, 8.03e-08, 5.1392e-08
66, 159, 0, 2.84e-12, 1.8175999999999998e-12
66, 160, 0, 1.2e-10, 7.68e-11
66, 161, 0, 3.1400000000000003e-09, 2.0096e-09
66, 162, 0, 5.05e-08, 3.232e-08
66, 163, 0, 3.8600000000000004e-07, 2.4704e-07
66, 164, 0, 1.24e-06, 7.936000000000001e-07
66, 165, 0, 5.5299999999999996e-06, 3.5391999999999995e-06
66, 165, 1, 7.54e-07, 4.8256e-07
66, 166, 0, 1.79e-05, 1.1456e-05
66, 167, 0, 2.45e-05, 1.568e-05
66, 168, 0, 2.6e-05, 1.664e-05
66, 169, 0, 2.4200000000000002e-05, 1.5487999999999998e-05
66, 170, 0, 1.44e-05, 9.216e-06
66, 171, 0, 6.79e-06, 4.3456e-06
66, 172, 0, 2.44e-06, 1.5616e-06
67, 162, 1, 1.38e-12, 8.832e-13
67, 163, 0, 4.5999999999999996e-11, 2.944e-11
67, 163, 1, 6.27e-12, 4.0128e-12
67, 164, 0, 1.27e-10, 8.128e-11
67, 164, 1, 3.43e-10, 2.1952e-10
67, 165, 0, 8.17e-09, 5.2288e-09
67, 166, 0, 1.71e-08, 1.0944e-08
67, 166, 1, 4.61e-08, 2.9504e-08
67, 167, 0, 2.83e-07, 1.8112e-07
67, 168, 0, 7.650000000000001e-07, 4.895999999999999e-07
67, 169, 0, 2.17e-06, 1.3888e-06
67, 170, 0, 1.51e-06, 9.664e-07
67, 170, 1, 1.51e-06, 9.664e-07
67, 171, 0, 4.11e-06, 2.6304e-06
67, 172, 0, 3.23e-06, 2.0672000000000003e-06
68, 166, 0, 1.98e-11, 1.2672e-11
68, 167, 0, 2.1100000000000002e-10, 1.3504e-10
68, 167, 1, 2.88e-11, 1.8432e-11
68, 168, 0, 2.28e-09, 1.4591999999999999e-09
68, 169, 0, 1.6900000000000002e-08, 1.0816e-08
68, 170, 0, 7.84e-08, 5.0176000000000005e-08
68, 171, 0, 2.6799999999999996e-07, 1.7152e-07
68, 172, 0, 6.29e-07, 4.0255999999999997e-07
69, 169, 0, 4.879999999999999e-12, 3.1232000000000003e-12
69, 170, 0, 6.310000000000001e-11, 4.0384e-11
69, 171, 0, 7.52e-10, 4.8128e-10
69, 172, 0, 4.58e-09, 2.9312e-09
70, 172, 0, 3.05e-12, 1.9519999999999998e-12
