23, 66, 0, 1.2171799999999999e-11, 7.78993e-12
23, 67, 0, 2.35751e-12, 1.50881e-12
24, 66, 0, 3.70878e-08, 2.3736200000000002e-08
24, 67, 0, 6.627640000000001e-09, 4.2416900000000005e-09
24, 68, 0, 4.97e-10, 3.1808e-10
24, 69, 0, 3.1196299999999996e-11, 1.99656e-11
24, 70, 0, 1.17e-12, 7.488e-13
25, 66, 0, 6.45e-06, 4.128e-06
25, 67, 0, 2.82e-06, 1.8048e-06
25, 68, 0, 5.219999999999999e-07, 3.3408e-07
25, 69, 0, 6.89688e-08, 4.414e-08
25, 70, 0, 7.68e-09, 4.9152e-09
25, 71, 0, 5.58e-10, 3.5712e-10
25, 72, 0, 4.39627e-11, 2.81361e-11
26, 66, 0, 0.00011599999999999999, 7.424e-05
26, 67, 0, 0.000118, 7.552e-05
26, 68, 0, 5.2e-05, 3.328e-05
26, 69, 0, 1.66e-05, 1.0624e-05
26, 70, 0, 4.55e-06, 2.912e-06
26, 71, 0, 8.200000000000001e-07, 5.248e-07
26, 72, 0, 1.33956e-07, 8.57319e-08
26, 73, 0, 1.12e-08, 7.168e-09
26, 74, 0, 7.06e-10, 4.5183999999999996e-10
26, 75, 0, 6.7818e-11, 4.34035e-11
27, 66, 0, 0.00025100000000000003, 0.00016064
27, 67, 0, 0.000562, 0.00035968
27, 68, 0, 0.000555, 0.0003552
27, 69, 0, 0.000407, 0.00026048
27, 70, 0, 0.000261, 0.00016704
27, 71, 0, 0.000113, 7.232e-05
27, 72, 0, 4.49e-05, 2.8736e-05
27, 73, 0, 9.24e-06, 5.9136000000000004e-06
27, 74, 0, 1.45e-06, 9.279999999999999e-07
27, 75, 0, 1.49932e-07, 9.59566e-08
27, 76, 0, 1.23e-08, 7.872e-09
27, 77, 0, 6.64938e-10, 4.2556e-10
27, 78, 0, 5.80701e-11, 3.71649e-11
28, 66, 0, 7.039999999999999e-05, 4.5056e-05
28, 67, 0, 0.000344, 0.00022015999999999998
28, 68, 0, 0.000737, 0.00047168000000000004
28, 69, 0, 0.001177, 0.00075328
28, 70, 0, 0.00167, 0.0010688
28, 71, 0, 0.001631, 0.00104384
28, 72, 0, 0.001503, 0.0009619199999999999
28, 73, 0, 0.000731, 0.00046784
28, 74, 0, 0.000277, 0.00017728
28, 75, 0, 7.19e-05, 4.6016e-05
28, 76, 0, 1.46e-05, 9.343999999999999e-06
28, 77, 0, 1.8693399999999999e-06, 1.1963700000000001e-06
28, 78, 0, 1.76942e-07, 1.13243e-07
28, 79, 0, 8.2738e-09, 5.29523e-09
28, 80, 0, 2.87e-10, 1.8368e-10
29, 66, 0, 2.29e-06, 1.4656e-06
29, 67, 0, 2.58e-05, 1.6512e-05
29, 68, 0, 2.2499999999999998e-05, 1.44e-05
29, 68, 1, 0.000102, 6.528e-05
29, 69, 0, 0.00044, 0.00028159999999999996
29, 70, 0, 0.000204, 0.00013056
29, 70, 1, 0.001156, 0.0007398400000000001
29, 71, 0, 0.002881, 0.00184384
29, 72, 0, 0.005805, 0.0037152
29, 73, 0, 0.006295, 0.0040288
29, 74, 0, 0.005444, 0.00348416
29, 75, 0, 0.0033689999999999996, 0.00215616
29, 76, 0, 0.0016330000000000001, 0.00104512
29, 77, 0, 0.0005200000000000001, 0.0003328
29, 78, 0, 0.000124, 7.936e-05
29, 79, 0, 1.82917e-05, 1.17067e-05
29, 80, 0, 1.41e-06, 9.024e-07
29, 81, 0, 9e-08, 5.76e-08
29, 82, 0, 3.5000000000000003e-09, 2.24e-09
30, 66, 0, 7.47e-09, 4.780800000000001e-09
30, 67, 0, 2.0500000000000002e-07, 1.312e-07
30, 68, 0, 2.37e-06, 1.5168e-06
30, 69, 0, 2.15e-06, 1.376e-06
30, 69, 1, 1.74e-05, 1.1136e-05
30, 70, 0, 0.000138, 8.832e-05
30, 71, 0, 7.209999999999999e-05, 4.6144e-05
30, 71, 1, 0.000583, 0.00037312
30, 72, 0, 0.002896, 0.00185344
30, 73, 0, 0.006815, 0.004361599999999999
30, 74, 0, 0.012807, 0.00819648
30, 75, 0, 0.017809, 0.0113978
30, 76, 0, 0.019407, 0.012420500000000001
30, 77, 0, 0.014551000000000001, 0.00931264
30, 78, 0, 0.008341, 0.00533824
30, 79, 0, 0.0031000000000000003, 0.001984
30, 80, 0, 0.00063, 0.0004032
30, 81, 0, 0.00011200000000000001, 7.167999999999999e-05
30, 82, 0, 1.23e-05, 7.872e-06
30, 83, 0, 6.45e-07, 4.128e-07
30, 84, 0, 1.83e-08, 1.1712000000000001e-08
30, 85, 0, 1.6547600000000002e-09, 1.05905e-09
30, 86, 0, 5.2e-12, 3.328e-12
31, 66, 0, 2.23e-12, 1.4272000000000002e-12
31, 67, 0, 1.53e-10, 9.792e-11
31, 68, 0, 4.38e-09, 2.8032e-09
31, 69, 0, 8.870000000000001e-08, 5.6768e-08
31, 70, 0, 1.52e-06, 9.728e-07
31, 71, 0, 1.7100000000000002e-05, 1.0944e-05
31, 72, 1, 8.75e-05, 5.6000000000000006e-05
31, 72, 0, 8.75e-05, 5.6000000000000006e-05
31, 73, 0, 0.0009350000000000001, 0.0005984
31, 74, 1, 0.0019494999999999998, 0.0012476800000000001
31, 74, 0, 0.0019494999999999998, 0.0012476800000000001
31, 75, 0, 0.012072, 0.007726080000000001
31, 76, 0, 0.028518, 0.0182515
31, 77, 0, 0.047609, 0.030469800000000002
31, 78, 0, 0.061841, 0.0395782
31, 79, 0, 0.054515, 0.0348896
31, 80, 0, 0.027576, 0.0176486
31, 81, 0, 0.013085000000000001, 0.0083744
31, 82, 0, 0.003919000000000001, 0.00250816
31, 83, 0, 0.0005859999999999999, 0.00037504
31, 84, 0, 4.79e-05, 3.0656e-05
31, 85, 0, 3.65835e-06, 2.34134e-06
31, 86, 0, 1.08e-07, 6.912e-08
31, 87, 0, 5.68931e-09, 3.64116e-09
32, 69, 0, 3.71e-11, 2.3744e-11
32, 70, 0, 1.58e-09, 1.0112e-09
32, 71, 0, 2.2e-08, 1.408e-08
32, 71, 1, 2.2e-08, 1.408e-08
32, 72, 0, 1.0999999999999998e-06, 7.04e-07
32, 73, 0, 1.26e-05, 8.064e-06
32, 73, 1, 1.55e-06, 9.92e-07
32, 74, 0, 0.000139, 8.896e-05
32, 75, 0, 8.09e-05, 5.1776e-05
32, 75, 1, 0.0009310000000000001, 0.00059584
32, 76, 0, 0.005373, 0.00343872
32, 77, 0, 0.018747999999999997, 0.011998700000000001
32, 77, 1, 0.0014110000000000001, 0.0009030400000000001
32, 78, 0, 0.058066, 0.0371622
32, 79, 1, 0.057841000000000004, 0.0370182
32, 79, 0, 0.057841000000000004, 0.0370182
32, 80, 0, 0.136437, 0.0873197
32, 81, 0, 0.162103, 0.103746
32, 82, 0, 0.12520299999999998, 0.0801299
32, 83, 0, 0.05087200000000001, 0.0325581
32, 84, 0, 0.011563, 0.00740032
32, 85, 0, 0.002438, 0.00156032
32, 86, 0, 0.00019700000000000002, 0.00012608
32, 87, 0, 1.59943e-05, 1.02364e-05
32, 88, 0, 6.59e-07, 4.2176e-07
32, 89, 0, 3.11963e-08, 1.99656e-08
33, 71, 0, 1.0300000000000001e-11, 6.592e-12
33, 72, 0, 6.46e-10, 4.1343999999999997e-10
33, 73, 0, 2.0600000000000002e-08, 1.3184e-08
33, 74, 0, 8.95e-08, 5.728e-08
33, 74, 1, 4.08e-07, 2.6112e-07
33, 75, 0, 9.01e-06, 5.7663999999999995e-06
33, 76, 0, 0.000114, 7.295999999999999e-05
33, 77, 0, 0.001023, 0.00065472
33, 78, 0, 0.006863, 0.00439232
33, 79, 0, 0.031760000000000004, 0.0203264
33, 80, 0, 0.087279, 0.0558586
33, 81, 0, 0.24848399999999998, 0.15903
33, 82, 0, 0.23216399999999998, 0.148585
33, 82, 1, 0.232181, 0.148596
33, 83, 0, 0.476856, 0.305188
33, 84, 1, 0.141468, 0.09053950000000001
33, 84, 0, 0.141468, 0.09053950000000001
33, 85, 0, 0.157062, 0.10052
33, 86, 0, 0.033379, 0.0213626
33, 87, 0, 0.007305, 0.0046752
33, 88, 0, 0.0008389999999999999, 0.0005369600000000001
33, 89, 0, 6.896880000000001e-05, 4.414e-05
33, 90, 0, 9.219039999999999e-07, 5.90019e-07
33, 91, 0, 8.853989999999999e-08, 5.6665500000000005e-08
33, 92, 0, 5.11804e-09, 3.27555e-09
34, 73, 0, 2.39e-12, 1.5295999999999999e-12
34, 74, 0, 1.6299999999999998e-10, 1.0432000000000001e-10
34, 75, 0, 7.57e-09, 4.8448e-09
34, 76, 0, 2.3800000000000001e-07, 1.5232e-07
34, 77, 0, 4.2700000000000005e-07, 2.7327999999999997e-07
34, 77, 1, 4.9100000000000004e-06, 3.1423999999999998e-06
34, 78, 0, 8.829999999999999e-05, 5.6512000000000004e-05
34, 79, 0, 0.00094, 0.0006016
34, 79, 1, 7.08e-05, 4.5312e-05
34, 80, 0, 0.006854000000000001, 0.00438656
34, 81, 0, 0.003907, 0.0025004800000000002
34, 81, 1, 0.044927, 0.028753300000000002
34, 82, 0, 0.222395, 0.142333
34, 83, 0, 0.49863, 0.31912300000000005
34, 83, 1, 0.061631, 0.0394438
34, 84, 0, 0.799852, 0.511905
34, 85, 0, 0.558047, 0.35715
34, 85, 1, 0.556628, 0.356242
34, 86, 0, 0.586081, 0.375092
34, 87, 0, 0.32727, 0.20945299999999997
34, 88, 0, 0.100545, 0.0643488
34, 89, 0, 0.021568, 0.0138035
34, 90, 0, 0.00280908, 0.00179781
34, 91, 0, 0.000248911, 0.000159303
34, 92, 0, 1.55949e-05, 9.98072e-06
34, 93, 0, 3.95605e-07, 2.53187e-07
34, 94, 0, 2.2100000000000003e-08, 1.4144e-08
34, 96, 0, 7.109999999999999e-12, 4.5504000000000005e-12
35, 77, 0, 3.61e-10, 2.3103999999999998e-10
35, 77, 1, 2.22e-09, 1.4207999999999999e-09
35, 78, 0, 1.09e-07, 6.976e-08
35, 79, 0, 4.5100000000000005e-07, 2.8863999999999997e-07
35, 79, 1, 2.77e-06, 1.7728000000000002e-06
35, 80, 0, 8.54e-06, 5.465600000000001e-06
35, 80, 1, 4.8400000000000004e-05, 3.0975999999999996e-05
35, 81, 0, 0.001085, 0.0006944
35, 82, 0, 0.010555, 0.0067552
35, 82, 1, 0.002317, 0.00148288
35, 83, 0, 0.083689, 0.053561
35, 84, 0, 0.067361, 0.043111000000000003
35, 84, 1, 0.238825, 0.152848
35, 85, 0, 1.00602, 0.321926
35, 86, 0, 0.622964, 0.398697
35, 86, 1, 0.62279, 0.398586
35, 87, 0, 1.65865, 0.530769
35, 88, 0, 1.27451, 0.407844
35, 89, 0, 0.6743830000000001, 0.431605
35, 90, 0, 0.22756099999999999, 0.145639
35, 91, 0, 0.052185, 0.0333984
35, 92, 0, 0.008399, 0.00537536
35, 93, 0, 0.000874604, 0.000559747
35, 94, 0, 7.730000000000001e-05, 4.9472e-05
35, 95, 0, 1.1847999999999999e-06, 7.58271e-07
35, 96, 0, 1.67e-07, 1.0688e-07
35, 97, 0, 7.85836e-09, 5.02935e-09
36, 78, 0, 1.1999999999999999e-11, 7.68e-12
36, 79, 1, 4.689999999999999e-10, 3.0016000000000003e-10
36, 79, 0, 4.689999999999999e-10, 3.0016000000000003e-10
36, 80, 0, 4.45e-08, 2.8479999999999998e-08
36, 81, 0, 2.1999999999999997e-06, 1.408e-06
36, 81, 1, 1.66e-07, 1.0624e-07
36, 82, 0, 7.719999999999999e-05, 4.9408000000000005e-05
36, 83, 0, 0.0012330000000000002, 0.00078912
36, 83, 1, 0.000152, 9.728e-05
36, 84, 0, 0.013608000000000002, 0.008709119999999999
36, 85, 0, 0.101413, 0.0649043
36, 85, 1, 0.012535000000000001, 0.008022399999999999
36, 86, 0, 0.341988, 0.21887199999999998
36, 87, 0, 1.07141, 0.342851
36, 88, 0, 1.9720000000000002, 0.6310399999999999
36, 89, 0, 2.4330600000000002, 0.778579
36, 90, 0, 1.9982199999999999, 0.6394310000000001
36, 91, 0, 1.1175300000000001, 0.35761
36, 92, 0, 0.440797, 0.28210999999999997
36, 93, 0, 0.115066, 0.0736422
36, 94, 0, 0.024735000000000004, 0.0158304
36, 95, 0, 0.00333082, 0.00213172
36, 96, 0, 0.00034300000000000004, 0.00021952
36, 97, 0, 2.2092099999999998e-05, 1.4139e-05
36, 98, 0, 1.09e-06, 6.976e-07
36, 99, 0, 4.59914e-08, 2.9434499999999998e-08
36, 100, 0, 6.51e-10, 4.1663999999999997e-10
37, 81, 0, 4.68e-10, 2.9952e-10
37, 83, 0, 2.22e-06, 1.4208e-06
37, 84, 0, 6.17e-05, 3.9488e-05
37, 85, 0, 0.001401, 0.00089664
37, 86, 1, 0.0054445, 0.0034844800000000003
37, 86, 0, 0.0054445, 0.0034844800000000003
37, 87, 0, 0.08663699999999999, 0.0554477
37, 88, 0, 0.39922300000000005, 0.255503
37, 89, 0, 1.1475600000000001, 0.36722
37, 90, 0, 0.24321299999999998, 0.155656
37, 90, 1, 1.96789, 0.629726
37, 91, 0, 2.85683, 0.9141859999999999
37, 92, 0, 2.58869, 0.8283820000000001
37, 93, 0, 1.59109, 0.5091479999999999
37, 94, 0, 0.790921, 0.506189
37, 95, 0, 0.257709, 0.164934
37, 96, 0, 0.065418, 0.0418675
37, 97, 0, 0.01056, 0.0067583999999999995
37, 98, 0, 0.001286, 0.00082304
37, 99, 0, 0.000101678, 6.50739e-05
37, 100, 0, 4.96e-06, 3.1744000000000005e-06
37, 101, 0, 1.2800900000000002e-07, 8.192610000000001e-08
37, 102, 0, 9.4487e-09, 6.04717e-09
38, 83, 0, 3.2000000000000003e-10, 2.048e-10
38, 84, 0, 2.58e-08, 1.6512e-08
38, 85, 1, 8.249999999999999e-07, 5.28e-07
38, 85, 0, 8.249999999999999e-07, 5.28e-07
38, 86, 0, 3.47e-05, 2.2207999999999998e-05
38, 87, 0, 0.000656, 0.00041984000000000005
38, 87, 1, 8.1e-05, 5.184e-05
38, 88, 0, 0.009085, 0.0058144
38, 89, 0, 0.06503700000000001, 0.0416237
38, 90, 0, 0.309921, 0.198349
38, 91, 0, 0.9447840000000001, 0.604662
38, 92, 0, 1.94087, 0.621078
38, 93, 0, 2.68044, 0.8577400000000001
38, 94, 0, 2.9252000000000002, 0.936064
38, 95, 0, 2.16847, 0.69391
38, 96, 0, 1.28307, 0.41058300000000003
38, 97, 0, 0.494883, 0.316725
38, 98, 0, 0.143754, 0.0920026
38, 99, 0, 0.0263763, 0.0168808
38, 100, 0, 0.0033859999999999997, 0.00216704
38, 101, 0, 0.000359872, 0.000230318
38, 102, 0, 2.87906e-05, 1.8426e-05
38, 103, 0, 5.805220000000001e-07, 3.71534e-07
38, 104, 0, 2.0099999999999999e-07, 1.2864e-07
38, 105, 0, 3.27279e-08, 2.0945900000000002e-08
38, 106, 0, 4.5504699999999995e-09, 2.9123e-09
39, 85, 0, 1.7300000000000002e-10, 1.1071999999999999e-10
39, 87, 0, 5.9e-07, 3.776e-07
39, 88, 0, 2.03e-05, 1.2991999999999999e-05
39, 89, 0, 4.1899999999999995e-05, 2.6816e-05
39, 89, 1, 0.000339, 0.00021695999999999998
39, 90, 1, 0.002395, 0.0015328
39, 90, 0, 0.002395, 0.0015328
39, 91, 1, 0.0183815, 0.011764199999999999
39, 91, 0, 0.0183815, 0.011764199999999999
39, 92, 0, 0.181416, 0.116106
39, 93, 1, 0.29156299999999996, 0.18660000000000002
39, 93, 0, 0.29156299999999996, 0.18660000000000002
39, 94, 0, 1.40337, 0.449078
39, 95, 0, 2.3026999999999997, 0.736864
39, 96, 0, 0.181224, 0.11598299999999999
39, 96, 1, 2.83957, 0.6531020000000001
39, 97, 1, 1.3082399999999998, 0.837271
39, 97, 0, 1.3082399999999998, 0.837271
39, 98, 0, 0.8541540000000001, 0.546659
39, 98, 1, 0.8541369999999999, 0.546648
39, 99, 0, 0.74063, 0.474003
39, 100, 0, 0.22314, 0.14281000000000002
39, 101, 0, 0.055741000000000006, 0.0356742
39, 102, 0, 0.010611, 0.006791040000000001
39, 103, 0, 0.00128342, 0.0008213879999999999
39, 104, 0, 0.00030199999999999997, 0.00019328
39, 105, 0, 7.235500000000001e-05, 4.6307199999999996e-05
39, 106, 0, 9.28184e-06, 5.94038e-06
39, 107, 0, 5.698259999999999e-08, 3.64689e-08
39, 108, 0, 1.04001e-08, 6.65608e-09
39, 109, 0, 2.21927e-09, 1.42033e-09
40, 87, 0, 4.19e-11, 2.6816e-11
40, 88, 0, 4.11e-09, 2.6304e-09
40, 89, 0, 2.0799999999999998e-07, 1.3312e-07
40, 90, 1, 3.575e-06, 2.288e-06
40, 90, 0, 3.575e-06, 2.288e-06
40, 91, 0, 0.000145, 9.28e-05
40, 92, 0, 0.0018130000000000002, 0.0011603199999999998
40, 93, 0, 0.014643999999999999, 0.00937216
40, 94, 0, 0.081249, 0.051999399999999994
40, 95, 0, 0.309269, 0.19793200000000002
40, 96, 0, 0.91947, 0.588461
40, 97, 0, 1.77283, 0.567305
40, 98, 0, 2.50825, 0.8026409999999999
40, 99, 0, 2.4228199999999998, 0.775303
40, 100, 0, 1.6195899999999999, 0.518269
40, 101, 0, 0.898091, 0.574778
40, 102, 0, 0.388168, 0.248428
40, 103, 0, 0.10639499999999999, 0.06809280000000001
40, 104, 0, 0.042603, 0.027265900000000003
40, 105, 0, 0.0187696, 0.0120126
40, 106, 0, 0.0026097100000000003, 0.00167022
40, 107, 0, 0.000160195, 0.00010252500000000001
40, 108, 0, 3.1689599999999996e-05, 2.0281300000000002e-05
40, 109, 0, 6.23901e-06, 3.99296e-06
40, 110, 0, 1.0600000000000001e-07, 6.783999999999999e-08
40, 111, 0, 8.577150000000001e-09, 5.48937e-09
41, 89, 0, 9.99e-12, 6.3936000000000005e-12
41, 90, 0, 9.570000000000001e-10, 6.1248e-10
41, 91, 0, 5.2400000000000006e-08, 3.3536e-08
41, 92, 0, 1.7199999999999998e-06, 1.1008e-06
41, 93, 0, 3.2e-05, 2.048e-05
41, 93, 1, 3.959999999999999e-06, 2.5344e-06
41, 94, 0, 0.000361, 0.00023103999999999998
41, 94, 1, 0.000127, 8.128e-05
41, 95, 0, 0.004066, 0.00260224
41, 95, 1, 0.000503, 0.00032192
41, 96, 0, 0.007638, 0.00488832
41, 97, 0, 0.132281, 0.0846598
41, 97, 1, 0.016349, 0.0104634
41, 98, 0, 0.401967, 0.257259
41, 98, 1, 0.070942, 0.0454029
41, 99, 0, 0.082089, 0.05253700000000001
41, 99, 1, 0.9439909999999999, 0.604154
41, 100, 0, 0.74504, 0.47682599999999997
41, 100, 1, 0.74504, 0.47682599999999997
41, 101, 0, 1.7565899999999999, 0.5621079999999999
41, 102, 1, 0.814928, 0.5215540000000001
41, 102, 0, 0.814928, 0.5215540000000001
41, 103, 0, 0.955812, 0.6117199999999999
41, 104, 1, 0.314482, 0.201269
41, 104, 0, 0.314482, 0.201269
41, 105, 0, 0.44125600000000004, 0.282404
41, 106, 0, 0.13438899999999998, 0.086009
41, 107, 0, 0.0326797, 0.020915
41, 108, 0, 0.00881, 0.0056384
41, 109, 0, 0.00127276, 0.000814566
41, 110, 0, 0.000172, 0.00011007999999999999
41, 111, 0, 1.89624e-05, 1.21359e-05
41, 112, 0, 2.54918e-07, 1.63147e-07
41, 113, 0, 2.5616099999999998e-08, 1.63943e-08
41, 114, 0, 1.7683500000000002e-09, 1.1317399999999999e-09
42, 91, 0, 1.66e-12, 1.0624e-12
42, 92, 0, 1.4500000000000002e-10, 9.28e-11
42, 93, 1, 4.01e-09, 2.5664e-09
42, 93, 0, 4.01e-09, 2.5664e-09
42, 94, 0, 2.72e-07, 1.7408e-07
42, 95, 0, 6.5e-06, 4.16e-06
42, 96, 0, 0.000117, 7.488e-05
42, 97, 0, 0.001324, 0.0008473599999999999
42, 98, 0, 0.010047, 0.00643008
42, 99, 0, 0.052058, 0.0333171
42, 100, 0, 0.172405, 0.110339
42, 101, 0, 0.443568, 0.283884
42, 102, 0, 0.8825639999999999, 0.564841
42, 103, 0, 1.0778100000000002, 0.3449
42, 104, 0, 1.13195, 0.362224
42, 105, 0, 1.2235, 0.391519
42, 106, 0, 0.772846, 0.49462100000000003
42, 107, 0, 0.41644899999999996, 0.266527
42, 108, 0, 0.24642000000000003, 0.157709
42, 109, 0, 0.08237, 0.052716799999999994
42, 110, 0, 0.026043000000000004, 0.0166675
42, 111, 0, 0.0049190300000000005, 0.00314818
42, 112, 0, 0.0007767449999999999, 0.000497117
42, 113, 0, 7.20144e-05, 4.60892e-05
42, 114, 0, 5.38823e-06, 3.4484699999999997e-06
42, 115, 0, 6.85182e-08, 4.38516e-08
42, 116, 0, 9.54e-09, 6.1056e-09
42, 117, 0, 2.22332e-09, 1.42292e-09
43, 95, 0, 7.379999999999999e-10, 4.7232e-10
43, 95, 1, 9.119999999999999e-11, 5.8368e-11
43, 97, 1, 5.55e-07, 3.552e-07
43, 97, 0, 5.55e-07, 3.552e-07
43, 98, 0, 2.09e-05, 1.3376e-05
43, 99, 0, 0.000242, 0.00015488
43, 99, 1, 2.9900000000000002e-05, 1.9135999999999998e-05
43, 100, 0, 0.002169, 0.0013881599999999998
43, 101, 0, 0.012914, 0.00826496
43, 102, 0, 0.029121, 0.0186374
43, 102, 1, 0.029121, 0.0186374
43, 103, 0, 0.154313, 0.09876030000000001
43, 104, 0, 0.263307, 0.168516
43, 105, 0, 0.43949699999999997, 0.281278
43, 106, 0, 0.568379, 0.363763
43, 107, 0, 0.65057, 0.416365
43, 108, 0, 0.806243, 0.515996
43, 109, 0, 0.5852890000000001, 0.374585
43, 110, 0, 0.41053599999999996, 0.262743
43, 111, 0, 0.176637, 0.113048
43, 112, 0, 0.065912, 0.0421837
43, 113, 0, 0.014691, 0.00940221
43, 114, 0, 0.002637, 0.00168768
43, 115, 0, 0.00015148, 9.694730000000001e-05
43, 116, 0, 2.82e-05, 1.8048e-05
43, 117, 0, 4.91532e-06, 3.1458000000000004e-06
43, 118, 0, 4.72435e-08, 3.02358e-08
43, 119, 0, 4.3381e-09, 2.77638e-09
44, 97, 0, 8.3e-11, 5.312e-11
44, 98, 0, 3.93e-09, 2.5151999999999998e-09
44, 99, 0, 1.31e-07, 8.384e-08
44, 100, 0, 2.61e-06, 1.6704e-06
44, 101, 0, 3.74e-05, 2.3936e-05
44, 102, 0, 0.00040199999999999996, 0.00025728000000000003
44, 103, 0, 0.00244, 0.0015616
44, 104, 0, 0.0070090000000000005, 0.00448576
44, 105, 0, 0.018688, 0.0119603
44, 106, 0, 0.051928, 0.033233900000000004
44, 107, 0, 0.13053800000000002, 0.08354429999999999
44, 108, 0, 0.341378, 0.218482
44, 109, 1, 0.26368400000000003, 0.168758
44, 109, 0, 0.26368400000000003, 0.168758
44, 110, 0, 0.786705, 0.503491
44, 111, 0, 0.726361, 0.46487100000000003
44, 112, 0, 0.604958, 0.387173
44, 113, 0, 0.302811, 0.193799
44, 114, 0, 0.126425, 0.080912
44, 115, 0, 0.039295500000000004, 0.0251491
44, 116, 0, 0.007653999999999999, 0.00489856
44, 117, 0, 0.00127508, 0.000816053
44, 118, 0, 0.000143953, 9.21298e-05
44, 119, 0, 1.21957e-05, 7.80522e-06
44, 120, 0, 6.84e-07, 4.3776e-07
44, 121, 0, 3.42707e-08, 2.19332e-08
44, 122, 0, 1.01e-09, 6.464e-10
45, 99, 0, 5.58e-12, 3.5712e-12
45, 101, 0, 1.09e-09, 6.976000000000001e-10
45, 101, 1, 8.809999999999999e-09, 5.6384e-09
45, 102, 0, 1.3e-07, 8.32e-08
45, 102, 1, 1.3e-07, 8.32e-08
45, 103, 0, 2.98e-07, 1.9072000000000003e-07
45, 103, 1, 3.43e-06, 2.1952e-06
45, 104, 0, 2.77e-06, 1.7728000000000002e-06
45, 104, 1, 1.57e-05, 1.0048e-05
45, 105, 0, 7.52e-05, 4.8128000000000004e-05
45, 105, 1, 5.66e-06, 3.6224000000000002e-06
45, 106, 0, 0.000254, 0.00016256
45, 106, 1, 0.000254, 0.00016256
45, 107, 0, 0.002968, 0.00189952
45, 108, 0, 0.008660000000000001, 0.0055424
45, 108, 1, 0.008660000000000001, 0.0055424
45, 109, 0, 0.029878000000000002, 0.0191219
45, 109, 1, 0.029878000000000002, 0.0191219
45, 110, 0, 0.09728, 0.06225920000000001
45, 110, 1, 0.09728, 0.06225920000000001
45, 111, 0, 0.38536400000000004, 0.24663300000000002
45, 112, 0, 0.696207, 0.313293
45, 113, 0, 0.7422, 0.47500800000000004
45, 114, 0, 0.682538, 0.436824
45, 115, 0, 0.46876599999999996, 0.30001
45, 116, 0, 0.20937, 0.133997
45, 117, 0, 0.08057399999999999, 0.051567400000000006
45, 118, 0, 0.021773, 0.013934700000000001
45, 119, 0, 0.004384, 0.00280576
45, 120, 0, 0.000608, 0.00038912
45, 121, 0, 7.57657e-05, 4.8490100000000005e-05
45, 122, 0, 5.3400000000000005e-06, 3.4176e-06
45, 123, 0, 3.1599999999999997e-07, 2.0224e-07
45, 124, 0, 1.16e-08, 7.423999999999999e-09
45, 125, 0, 8.071709999999999e-10, 5.16589e-10
46, 102, 0, 1.48e-11, 9.472e-12
46, 103, 0, 5.11e-10, 3.2704e-10
46, 104, 0, 4.43e-09, 2.8352e-09
46, 105, 0, 3.2200000000000004e-08, 2.0608e-08
46, 106, 0, 4.6900000000000003e-07, 3.0016e-07
46, 107, 0, 1.39e-06, 8.896e-07
46, 107, 1, 5.24e-06, 3.3536000000000004e-06
46, 108, 0, 9.04e-05, 5.7856e-05
46, 109, 0, 0.000154, 9.855999999999999e-05
46, 109, 1, 0.00058, 0.0003712
46, 110, 0, 0.0055390000000000005, 0.00354496
46, 111, 0, 0.0052250000000000005, 0.0033439999999999998
46, 111, 1, 0.019656, 0.012579799999999999
46, 112, 0, 0.101811, 0.065159
46, 113, 0, 0.23564200000000002, 0.150811
46, 114, 0, 0.472194, 0.30220400000000003
46, 115, 0, 0.687582, 0.440052
46, 116, 0, 0.671007, 0.429444
46, 117, 0, 0.560509, 0.358726
46, 118, 0, 0.343219, 0.21966
46, 119, 0, 0.1568, 0.100352
46, 120, 0, 0.051539, 0.032985
46, 121, 0, 0.015155, 0.0096992
46, 122, 0, 0.002554, 0.0016345600000000002
46, 123, 0, 0.000366, 0.00023423999999999998
46, 124, 0, 3.4200000000000005e-05, 2.1888e-05
46, 125, 0, 2.26919e-06, 1.45228e-06
46, 126, 0, 1.23e-07, 7.872e-08
46, 127, 0, 1.46939e-08, 9.4041e-09
46, 128, 0, 1.27e-09, 8.127999999999999e-10
47, 105, 1, 1.04e-12, 6.656e-13
47, 106, 0, 6.949999999999999e-12, 4.448e-12
47, 106, 1, 3.16e-11, 2.0224e-11
47, 107, 0, 1.07e-10, 6.847999999999999e-11
47, 107, 1, 1.23e-09, 7.872e-10
47, 108, 1, 2.185e-08, 1.3984000000000001e-08
47, 108, 0, 2.185e-08, 1.3984000000000001e-08
47, 109, 1, 4.32e-07, 2.7648e-07
47, 109, 0, 4.32e-07, 2.7648e-07
47, 110, 0, 2.82e-06, 1.8048e-06
47, 110, 1, 1.29e-05, 8.256e-06
47, 111, 0, 1.34e-05, 8.575999999999999e-06
47, 111, 1, 0.000154, 9.855999999999999e-05
47, 112, 0, 0.001647, 0.00105408
47, 113, 0, 0.000701, 0.00044864
47, 113, 1, 0.008063, 0.00516032
47, 114, 0, 0.040435, 0.025878400000000003
47, 115, 0, 0.06488899999999999, 0.041529
47, 115, 1, 0.06488899999999999, 0.041529
47, 116, 0, 0.139176, 0.0890726
47, 116, 1, 0.139176, 0.0890726
47, 117, 0, 0.24756, 0.158438
47, 117, 1, 0.24756, 0.158438
47, 118, 0, 0.328853, 0.210466
47, 118, 1, 0.328853, 0.210466
47, 119, 0, 0.6447879999999999, 0.412664
47, 120, 1, 0.236518, 0.151372
47, 120, 0, 0.236518, 0.151372
47, 121, 0, 0.310855, 0.198947
47, 122, 1, 0.0598525, 0.0383056
47, 122, 0, 0.0598525, 0.0383056
47, 123, 0, 0.039939, 0.025560999999999997
47, 124, 0, 0.009274, 0.00593536
47, 125, 0, 0.001553, 0.00099392
47, 126, 0, 0.00021500000000000002, 0.0001376
47, 127, 0, 3.24853e-05, 2.07906e-05
47, 128, 0, 7.58e-06, 4.851199999999999e-06
47, 129, 0, 2.1086e-07, 1.3495e-07
47, 130, 0, 1.3400000000000001e-08, 8.576e-09
48, 108, 0, 1.86e-12, 1.1903999999999999e-12
48, 109, 0, 9.06e-11, 5.7984e-11
48, 110, 0, 4.05e-09, 2.592e-09
48, 111, 0, 1.48e-08, 9.472e-09
48, 111, 1, 9.09e-08, 5.8176e-08
48, 112, 0, 2.58e-06, 1.6512e-06
48, 113, 0, 4.61e-06, 2.9504e-06
48, 113, 1, 2.8299999999999997e-05, 1.8112e-05
48, 114, 0, 0.00036899999999999997, 0.00023616
48, 115, 0, 0.00038600000000000006, 0.00024704
48, 115, 1, 0.0023710000000000003, 0.0015174399999999999
48, 116, 0, 0.013814, 0.00884096
48, 117, 0, 0.007684, 0.00491776
48, 117, 1, 0.047202, 0.0302093
48, 118, 0, 0.162658, 0.104101
48, 119, 0, 0.171043, 0.109468
48, 119, 1, 0.171043, 0.109468
48, 120, 0, 0.544388, 0.348408
48, 121, 1, 0.38093, 0.24379499999999998
48, 121, 0, 0.38093, 0.24379499999999998
48, 122, 0, 0.632752, 0.404961
48, 123, 0, 0.464468, 0.29726
48, 124, 0, 0.253703, 0.16237000000000001
48, 125, 0, 0.102367, 0.0655149
48, 126, 0, 0.034801, 0.0222726
48, 127, 0, 0.010391, 0.00665024
48, 128, 0, 0.0040809999999999996, 0.0026118400000000003
48, 129, 0, 0.0005927889999999999, 0.000379385
48, 130, 0, 4.79e-05, 3.0656e-05
48, 131, 0, 2.21e-06, 1.4144000000000002e-06
48, 132, 0, 8.81e-08, 5.6384e-08
48, 133, 0, 4.02839e-09, 2.57817e-09
48, 134, 0, 1.62e-11, 1.0368000000000001e-11
49, 111, 0, 5.88e-12, 3.7632e-12
49, 112, 0, 3.98e-11, 2.5472e-11
49, 112, 1, 3.22e-10, 2.0607999999999997e-10
49, 113, 0, 1.01e-08, 6.463999999999999e-09
49, 113, 1, 1.25e-09, 8e-10
49, 114, 0, 4.76e-08, 3.0464e-08
49, 114, 1, 2.7e-07, 1.728e-07
49, 115, 0, 5.11e-06, 3.2704e-06
49, 115, 1, 6.31e-07, 4.0383999999999994e-07
49, 116, 2, 2.34667e-05, 1.5018699999999999e-05
49, 116, 0, 2.34667e-05, 1.5018699999999999e-05
49, 116, 1, 2.34667e-05, 1.5018699999999999e-05
49, 117, 0, 0.000587, 0.00037568000000000004
49, 117, 1, 7.25e-05, 4.64e-05
49, 118, 2, 0.00034750000000000004, 0.00022239999999999998
49, 118, 0, 0.003936, 0.0025190399999999997
49, 118, 1, 0.00034750000000000004, 0.00022239999999999998
49, 119, 0, 0.019658, 0.012581100000000001
49, 119, 1, 0.0024300000000000003, 0.0015551999999999999
49, 120, 2, 0.026536700000000003, 0.0169835
49, 120, 0, 0.026536700000000003, 0.0169835
49, 120, 1, 0.026536700000000003, 0.0169835
49, 121, 0, 0.21515, 0.13769599999999999
49, 121, 1, 0.026592, 0.0170189
49, 122, 2, 0.10724, 0.06863359999999999
49, 122, 0, 0.21447699999999997, 0.137265
49, 122, 1, 0.10724, 0.06863359999999999
49, 123, 0, 0.595185, 0.38091800000000003
49, 123, 1, 0.073562, 0.0470797
49, 124, 1, 0.406543, 0.260188
49, 124, 0, 0.406543, 0.260188
49, 125, 0, 0.371499, 0.23775900000000003
49, 125, 1, 0.371499, 0.23775900000000003
49, 126, 1, 0.29289, 0.18745
49, 126, 0, 0.29289, 0.18745
49, 127, 0, 0.166147, 0.10633400000000001
49, 127, 1, 0.166147, 0.10633400000000001
49, 128, 1, 0.107096, 0.0685418
49, 128, 0, 0.107096, 0.0685418
49, 129, 0, 0.03806, 0.0243584
49, 129, 1, 0.03806, 0.0243584
49, 130, 2, 0.005234, 0.0033497600000000002
49, 130, 1, 0.005234, 0.0033497600000000002
49, 130, 0, 0.005234, 0.0033497600000000002
49, 131, 1, 0.0009795000000000001, 0.00062688
49, 131, 0, 0.0009795000000000001, 0.00062688
49, 132, 0, 0.00021500000000000002, 0.0001376
49, 133, 0, 8.90597e-06, 5.699820000000001e-06
49, 134, 0, 3.2e-07, 2.048e-07
49, 135, 0, 1.05963e-08, 6.781659999999999e-09
49, 136, 0, 1.1099999999999999e-10, 7.104e-11
50, 114, 0, 2.4300000000000003e-11, 1.5552e-11
50, 115, 0, 1.08e-09, 6.912e-10
50, 116, 0, 3.32e-08, 2.1248e-08
50, 117, 1, 3.7849999999999995e-07, 2.4224e-07
50, 117, 0, 3.7849999999999995e-07, 2.4224e-07
50, 118, 0, 1.31e-05, 8.384e-06
50, 119, 0, 2.08e-05, 1.3311999999999999e-05
50, 119, 1, 0.000128, 8.192e-05
50, 120, 0, 0.001288, 0.0008243199999999999
50, 121, 0, 0.0016200000000000001, 0.0010368
50, 121, 1, 0.007378, 0.004721919999999999
50, 122, 0, 0.035947, 0.023006099999999998
50, 123, 0, 0.101164, 0.06474500000000001
50, 123, 1, 0.022206999999999998, 0.0142125
50, 124, 0, 0.337289, 0.21586499999999997
50, 125, 0, 0.560538, 0.358744
50, 125, 1, 0.12304499999999999, 0.07874880000000001
50, 126, 0, 1.1889500000000002, 0.380466
50, 127, 0, 1.00973, 0.323113
50, 127, 1, 0.22164699999999998, 0.141854
50, 128, 1, 0.6288539999999999, 0.402467
50, 128, 0, 0.6288539999999999, 0.402467
50, 129, 0, 0.84478, 0.540659
50, 129, 1, 0.185358, 0.118629
50, 130, 1, 0.25674399999999997, 0.16431600000000002
50, 130, 0, 0.25674399999999997, 0.16431600000000002
50, 131, 1, 0.08306150000000001, 0.0531594
50, 131, 0, 0.08306150000000001, 0.0531594
50, 132, 0, 0.048293, 0.0309075
50, 133, 0, 0.005666, 0.00362624
50, 134, 0, 0.000556, 0.00035584
50, 135, 0, 2.9789399999999996e-05, 1.9065200000000002e-05
50, 136, 0, 1.48e-06, 9.472e-07
50, 137, 0, 3.11e-08, 1.9904e-08
50, 138, 0, 6.5e-10, 4.16e-10
51, 117, 0, 7.75e-11, 4.96e-11
51, 118, 0, 8.79e-10, 5.6256e-10
51, 118, 1, 2.5e-09, 1.6e-09
51, 119, 0, 9.38e-08, 6.003199999999999e-08
51, 120, 0, 5.24e-07, 3.3536e-07
51, 120, 1, 1.49e-06, 9.536000000000001e-07
51, 121, 0, 3.3799999999999995e-05, 2.1632e-05
51, 122, 0, 9.599999999999999e-05, 6.144e-05
51, 122, 1, 0.00022400000000000002, 0.00014335999999999998
51, 123, 0, 0.002562, 0.00163968
51, 124, 2, 0.00557933, 0.0035707699999999996
51, 124, 0, 0.00557933, 0.0035707699999999996
51, 124, 1, 0.00557933, 0.0035707699999999996
51, 125, 0, 0.079092, 0.0506189
51, 126, 2, 0.06755799999999999, 0.0432371
51, 126, 0, 0.180487, 0.11551199999999999
51, 126, 1, 0.06755799999999999, 0.0432371
51, 127, 0, 0.589723, 0.377423
51, 128, 0, 0.5382170000000001, 0.344459
51, 128, 1, 0.40601, 0.25984599999999997
51, 129, 0, 1.711, 0.547521
51, 130, 0, 1.1074199999999998, 0.354373
51, 130, 1, 0.8354179999999999, 0.534668
51, 131, 0, 1.5247600000000001, 0.487923
51, 132, 0, 0.431431, 0.276116
51, 132, 1, 0.674802, 0.43187299999999995
51, 133, 0, 0.34869900000000004, 0.22316699999999998
51, 134, 1, 0.0450915, 0.0288586
51, 134, 0, 0.0450915, 0.0288586
51, 135, 0, 0.013259, 0.00848576
51, 136, 0, 0.001753, 0.00112192
51, 137, 0, 9.900000000000001e-05, 6.335999999999999e-05
51, 138, 0, 5.4499999999999995e-06, 3.488e-06
51, 139, 0, 2.1499999999999998e-07, 1.376e-07
51, 140, 0, 7.020910000000001e-09, 4.4933800000000005e-09
52, 119, 0, 5.22e-12, 3.3408e-12
52, 120, 0, 2.83e-10, 1.8112e-10
52, 121, 1, 5.85e-09, 3.744e-09
52, 121, 0, 5.85e-09, 3.744e-09
52, 122, 0, 2.69e-07, 1.7216e-07
52, 123, 0, 7.29e-07, 4.6656e-07
52, 123, 1, 4.4799999999999995e-06, 2.8672e-06
52, 124, 0, 8.53e-05, 5.4591999999999995e-05
52, 125, 0, 0.000139, 8.896e-05
52, 125, 1, 0.000856, 0.00054784
52, 126, 0, 0.009568, 0.00612352
52, 127, 0, 0.006143999999999999, 0.00393216
52, 127, 1, 0.027988, 0.0179123
52, 128, 0, 0.088147, 0.0564141
52, 129, 0, 0.06580699999999999, 0.0421165
52, 129, 1, 0.299788, 0.191864
52, 130, 0, 0.949715, 0.607818
52, 131, 0, 0.315855, 0.202147
52, 131, 1, 1.43889, 0.460446
52, 132, 0, 3.00536, 0.691234
52, 133, 0, 0.42749099999999995, 0.273594
52, 133, 1, 1.9474600000000002, 0.6231880000000001
52, 134, 0, 1.51722, 0.485511
52, 135, 0, 0.580565, 0.371562
52, 136, 0, 0.196014, 0.125449
52, 137, 0, 0.028822, 0.0184461
52, 138, 0, 0.0041, 0.002624
52, 139, 0, 0.00041200000000000004, 0.00026367999999999997
52, 140, 0, 2.1393e-05, 1.3691500000000001e-05
52, 141, 0, 4.68396e-07, 2.99774e-07
52, 142, 0, 3.4999999999999996e-08, 2.24e-08
52, 143, 0, 5.5079200000000006e-09, 3.5250699999999997e-09
53, 123, 0, 9.56e-10, 6.1184e-10
53, 125, 0, 1.2e-06, 7.68e-07
53, 126, 0, 2.91e-05, 1.8624e-05
53, 127, 0, 0.000205, 0.00013120000000000002
53, 128, 0, 0.0008810000000000001, 0.00056384
53, 129, 0, 0.008893, 0.00569152
53, 130, 0, 0.046072, 0.0294861
53, 130, 1, 0.010113, 0.00647232
53, 131, 0, 0.256609, 0.16423
53, 132, 1, 0.5286690000000001, 0.338348
53, 132, 0, 0.5286690000000001, 0.338348
53, 133, 1, 1.02782, 0.657802
53, 133, 0, 1.02782, 0.657802
53, 134, 0, 1.20631, 0.386019
53, 134, 1, 1.88684, 0.6037899999999999
53, 135, 0, 2.88201, 0.922243
53, 136, 0, 1.1646999999999998, 0.372705
53, 136, 1, 1.16432, 0.372581
53, 137, 0, 0.8428420000000001, 0.539419
53, 138, 0, 0.29603799999999997, 0.189464
53, 139, 0, 0.073377, 0.046961300000000004
53, 140, 0, 0.009545999999999999, 0.00610944
53, 141, 0, 0.00103553, 0.00066274
53, 142, 0, 0.00010300000000000001, 6.591999999999999e-05
53, 143, 0, 1.21769e-05, 7.79324e-06
53, 144, 0, 8.89096e-08, 5.6902099999999994e-08
53, 145, 0, 6.08045e-09, 3.891490000000001e-09
54, 125, 1, 6.45e-11, 4.128e-11
54, 125, 0, 6.45e-11, 4.128e-11
54, 126, 0, 8.07e-09, 5.1648e-09
54, 127, 1, 5.7e-08, 3.648e-08
54, 127, 0, 5.7e-08, 3.648e-08
54, 128, 0, 8.35e-07, 5.344e-07
54, 129, 1, 1.065e-05, 6.816e-06
54, 129, 0, 1.065e-05, 6.816e-06
54, 130, 0, 0.000345, 0.0002208
54, 131, 0, 0.0007469999999999999, 0.00047808
54, 131, 1, 0.003404, 0.00217856
54, 132, 0, 0.043972, 0.028142100000000003
54, 133, 0, 0.040148, 0.0256947
54, 133, 1, 0.182898, 0.117055
54, 134, 0, 0.146571, 0.0938054
54, 134, 1, 0.667712, 0.42733600000000005
54, 135, 0, 0.33084600000000003, 0.211741
54, 135, 1, 1.5071599999999998, 0.48229199999999994
54, 136, 0, 3.42299, 1.54035
54, 137, 0, 2.87058, 0.9185850000000001
54, 138, 0, 2.3374800000000002, 0.747995
54, 139, 0, 1.34804, 0.431372
54, 140, 0, 0.418032, 0.26754
54, 141, 0, 0.11313300000000001, 0.0724051
54, 142, 0, 0.028038999999999998, 0.017945
54, 143, 1, 0.0015794099999999998, 0.00101082
54, 143, 0, 0.0015794099999999998, 0.00101082
54, 144, 0, 0.000270911, 0.000173383
54, 145, 0, 1.70939e-05, 1.09401e-05
54, 146, 0, 7.02e-07, 4.4928e-07
54, 147, 0, 1.79794e-08, 1.1506800000000001e-08
54, 148, 0, 3.22e-10, 2.0607999999999997e-10
55, 127, 0, 5.63e-12, 3.6032e-12
55, 129, 0, 4.6400000000000005e-09, 2.9696e-09
55, 131, 0, 6.5e-06, 4.16e-06
55, 132, 0, 0.000186, 0.00011904000000000001
55, 133, 0, 0.0026190000000000002, 0.0016761599999999999
55, 134, 1, 0.0123965, 0.00793376
55, 134, 0, 0.0123965, 0.00793376
55, 135, 1, 0.0721695, 0.0461885
55, 135, 0, 0.0721695, 0.0461885
55, 136, 1, 0.23935499999999998, 0.153188
55, 136, 0, 0.23935499999999998, 0.153188
55, 137, 0, 1.26712, 0.405479
55, 138, 0, 1.16746, 0.373589
55, 138, 1, 1.16757, 0.26854100000000003
55, 139, 0, 2.9821899999999997, 0.9542999999999999
55, 140, 0, 2.07534, 0.6641079999999999
55, 141, 0, 1.31569, 0.42102
55, 142, 0, 0.766995, 0.490877
55, 143, 0, 0.209, 0.13376
55, 144, 0, 0.043879999999999995, 0.028083200000000003
55, 145, 0, 0.0069099999999999995, 0.0044224
55, 146, 0, 0.0007199999999999999, 0.0004608
55, 147, 0, 3.97488e-05, 2.54392e-05
55, 148, 0, 2.17e-06, 1.3888e-06
55, 149, 0, 3.22513e-08, 2.06408e-08
55, 150, 0, 1.4e-09, 8.96e-10
56, 131, 0, 9.130000000000001e-10, 5.8432e-10
56, 132, 0, 7.229999999999999e-08, 4.6272e-08
56, 133, 0, 2.93e-06, 1.8752e-06
56, 134, 0, 7.54e-05, 4.8256e-05
56, 135, 1, 0.0005995, 0.00038368
56, 135, 0, 0.0005995, 0.00038368
56, 136, 1, 0.006449999999999999, 0.004128
56, 136, 0, 0.006449999999999999, 0.004128
56, 137, 0, 0.012103, 0.007745920000000001
56, 137, 1, 0.055135, 0.035286399999999996
56, 138, 0, 0.294265, 0.18833
56, 139, 0, 0.8531030000000001, 0.5459860000000001
56, 140, 0, 1.3231700000000002, 0.423414
56, 141, 0, 1.8943100000000002, 0.60618
56, 142, 0, 2.4573899999999997, 0.786365
56, 143, 0, 1.51658, 0.48530500000000004
56, 144, 0, 0.738296, 0.472509
56, 145, 0, 0.276518, 0.176972
56, 146, 0, 0.070059, 0.0448378
56, 147, 0, 0.0103112, 0.00659919
56, 148, 0, 0.001316, 0.00084224
56, 149, 0, 9.06677e-05, 5.80274e-05
56, 150, 0, 5.4e-06, 3.456e-06
56, 151, 0, 8.499860000000001e-08, 5.43991e-08
56, 152, 0, 5.69e-09, 3.6416e-09
56, 153, 0, 2.67655e-10, 1.7129899999999998e-10
57, 133, 0, 2.9299999999999997e-10, 1.8752e-10
57, 135, 0, 9.380000000000001e-07, 6.0032e-07
57, 137, 0, 0.000368, 0.00023552
57, 138, 0, 0.004057, 0.00259648
57, 139, 0, 0.028405, 0.0181792
57, 140, 0, 0.10392000000000001, 0.06650879999999999
57, 141, 0, 0.349448, 0.22364699999999998
57, 142, 0, 1.01969, 0.3263
57, 143, 0, 1.39557, 0.446582
57, 144, 0, 1.50497, 0.48158999999999996
57, 145, 0, 1.2623799999999998, 0.40396299999999996
57, 146, 1, 0.36572699999999997, 0.23406500000000002
57, 146, 0, 0.36572699999999997, 0.23406500000000002
57, 147, 0, 0.253382, 0.162164
57, 148, 0, 0.07737100000000001, 0.0495174
57, 149, 0, 0.012781, 0.00817984
57, 150, 0, 0.001897, 0.00121408
57, 151, 0, 0.000187915, 0.000120266
57, 152, 0, 1.26e-05, 8.064e-06
57, 153, 0, 5.91732e-07, 3.78709e-07
57, 154, 0, 1.32e-08, 8.448e-09
57, 155, 0, 3.37447e-10, 2.1596600000000002e-10
58, 135, 0, 6.5e-11, 4.16e-11
58, 137, 0, 1.86e-07, 1.1904e-07
58, 138, 0, 5.369999999999999e-06, 3.4368e-06
58, 139, 0, 1.7100000000000002e-05, 1.0944e-05
58, 139, 1, 7.78e-05, 4.9791999999999994e-05
58, 140, 0, 0.000863, 0.00055232
58, 141, 0, 0.007258, 0.00464512
58, 142, 0, 0.050607, 0.0323885
58, 143, 0, 0.161468, 0.10334
58, 144, 0, 0.396159, 0.253542
58, 145, 0, 0.7418199999999999, 0.474765
58, 146, 0, 0.951154, 0.608739
58, 147, 0, 0.732322, 0.468686
58, 148, 0, 0.5050319999999999, 0.32322
58, 149, 0, 0.188711, 0.12077500000000001
58, 150, 0, 0.06636, 0.0424704
58, 151, 0, 0.015557999999999999, 0.00995712
58, 152, 0, 0.002576, 0.0016486399999999998
58, 153, 0, 0.00031099999999999997, 0.00019904
58, 154, 0, 1.7599999999999998e-05, 1.1264e-05
58, 155, 0, 9.486630000000001e-07, 6.07144e-07
58, 156, 0, 3.85e-08, 2.464e-08
58, 157, 0, 9.34e-10, 5.9776e-10
58, 158, 0, 1.48e-11, 9.472e-12
59, 139, 0, 2.8999999999999998e-08, 1.8560000000000002e-08
59, 140, 0, 6.75e-07, 4.32e-07
59, 141, 0, 1.48e-05, 9.472e-06
59, 142, 1, 0.000129, 8.256e-05
59, 142, 0, 0.000129, 8.256e-05
59, 143, 0, 0.002031, 0.00129984
59, 144, 0, 0.000724, 0.00046336
59, 144, 1, 0.011340000000000001, 0.0072576
59, 145, 0, 0.053409, 0.034181800000000005
59, 146, 0, 0.157921, 0.101069
59, 147, 0, 0.274083, 0.175413
59, 148, 1, 0.209859, 0.13431
59, 148, 0, 0.209859, 0.13431
59, 149, 0, 0.34010799999999997, 0.21766899999999997
59, 150, 0, 0.26725299999999996, 0.171042
59, 151, 0, 0.13977, 0.0894528
59, 152, 0, 0.054019, 0.034572200000000004
59, 153, 0, 0.015974000000000002, 0.0102234
59, 154, 0, 0.002207, 0.00141248
59, 155, 0, 0.000304, 0.00019456
59, 156, 0, 3.1100000000000004e-05, 1.9903999999999998e-05
59, 157, 0, 1.97e-06, 1.2607999999999999e-06
59, 158, 0, 8.04e-08, 5.1456e-08
59, 159, 0, 2.0300000000000002e-09, 1.2992e-09
59, 160, 0, 3.57e-11, 2.2848e-11
60, 140, 0, 4.68e-11, 2.9952e-11
60, 141, 0, 2.71e-09, 1.7344000000000001e-09
60, 142, 0, 1.2199999999999998e-07, 7.808000000000001e-08
60, 143, 0, 2.4500000000000003e-06, 1.5679999999999999e-06
60, 144, 0, 3.67e-05, 2.3488e-05
60, 145, 0, 0.000404, 0.00025855999999999996
60, 146, 0, 0.002928, 0.0018739199999999998
60, 147, 0, 0.012181, 0.00779584
60, 148, 0, 0.043629999999999995, 0.027923200000000002
60, 149, 0, 0.07901, 0.0505664
60, 150, 0, 0.13891699999999998, 0.0889069
60, 151, 0, 0.157612, 0.100872
60, 152, 0, 0.13515300000000002, 0.0864979
60, 153, 0, 0.091864, 0.058793
60, 154, 0, 0.029223999999999997, 0.018703400000000002
60, 155, 0, 0.009712, 0.0062156799999999995
60, 156, 0, 0.002405, 0.0015392000000000001
60, 157, 0, 0.00038500000000000003, 0.0002464
60, 158, 0, 3.94e-05, 2.5216e-05
60, 159, 0, 2.59e-06, 1.6575999999999998e-06
60, 160, 0, 1.1900000000000001e-07, 7.616e-08
60, 161, 0, 3.72e-09, 2.3808e-09
60, 162, 0, 7.250000000000001e-11, 4.64e-11
61, 143, 0, 2.6299999999999997e-10, 1.6832e-10
61, 144, 0, 1.02e-08, 6.528000000000001e-09
61, 145, 0, 2.8699999999999996e-07, 1.8368e-07
61, 146, 0, 5.289999999999999e-06, 3.3856000000000002e-06
61, 147, 0, 5.52e-05, 3.5328e-05
61, 148, 0, 8.81e-05, 5.638400000000001e-05
61, 148, 1, 0.000401, 0.00025664000000000004
61, 149, 0, 0.002103, 0.00134592
61, 150, 0, 0.008776, 0.00561664
61, 151, 0, 0.022565, 0.014441599999999999
61, 152, 2, 0.014592699999999998, 0.00933931
61, 152, 0, 0.014592699999999998, 0.00933931
61, 152, 1, 0.014592699999999998, 0.00933931
61, 153, 0, 0.06756000000000001, 0.0432384
61, 154, 0, 0.023778, 0.015217900000000001
61, 154, 1, 0.023778, 0.015217900000000001
61, 155, 0, 0.035989, 0.023033
61, 156, 0, 0.02026, 0.012966400000000001
61, 157, 0, 0.00772, 0.0049407999999999995
61, 158, 0, 0.001887, 0.00120768
61, 159, 0, 0.00031, 0.0001984
61, 160, 0, 3.64e-05, 2.3296e-05
61, 161, 0, 2.9999999999999997e-06, 1.92e-06
61, 162, 0, 1.57e-07, 1.0048000000000001e-07
61, 163, 0, 5.47e-09, 3.5008e-09
61, 164, 0, 1.2399999999999999e-10, 7.936e-11
61, 165, 0, 1.85e-12, 1.184e-12
62, 145, 0, 1.81e-11, 1.1583999999999999e-11
62, 146, 0, 8.599999999999999e-10, 5.504e-10
62, 147, 0, 2.3100000000000002e-08, 1.4784e-08
62, 148, 0, 5.23e-07, 3.3472e-07
62, 149, 0, 5.55e-06, 3.5520000000000005e-06
62, 150, 0, 5.78e-05, 3.6992e-05
62, 151, 0, 0.000357, 0.00022848
62, 152, 0, 0.001666, 0.00106624
62, 153, 0, 0.0061719999999999995, 0.00395008
62, 154, 0, 0.009951, 0.00636864
62, 155, 0, 0.017236, 0.011031000000000001
62, 156, 0, 0.021493, 0.0137555
62, 157, 0, 0.018538, 0.0118643
62, 158, 0, 0.010187, 0.006519680000000001
62, 159, 0, 0.003929, 0.00251456
62, 160, 0, 0.001112, 0.00071168
62, 161, 0, 0.00023199999999999997, 0.00014848
62, 162, 0, 3.13e-05, 2.0032e-05
62, 163, 0, 2.87e-06, 1.8368e-06
62, 164, 0, 1.73e-07, 1.1072e-07
62, 165, 0, 6.99e-09, 4.4736e-09
62, 166, 0, 1.53e-10, 9.792e-11
62, 167, 0, 4.98e-12, 3.1872e-12
63, 149, 0, 1.33e-09, 8.511999999999999e-10
63, 151, 0, 5.45e-07, 3.488e-07
63, 152, 2, 2.13333e-06, 1.3653299999999999e-06
63, 152, 0, 2.13333e-06, 1.3653299999999999e-06
63, 152, 1, 2.13333e-06, 1.3653299999999999e-06
63, 153, 0, 6.03e-05, 3.8592e-05
63, 154, 1, 0.00011850000000000001, 7.584e-05
63, 154, 0, 0.00011850000000000001, 7.584e-05
63, 155, 0, 0.000998, 0.00063872
63, 156, 0, 0.002887, 0.00184768
63, 157, 0, 0.005761, 0.00368704
63, 158, 0, 0.0070469999999999994, 0.00451008
63, 159, 0, 0.006137, 0.00392768
63, 160, 0, 0.003953, 0.00252992
63, 161, 0, 0.001957, 0.00125248
63, 162, 0, 0.000643, 0.00041152
63, 163, 0, 0.000148, 9.472e-05
63, 164, 0, 2.27e-05, 1.4527999999999999e-05
63, 165, 0, 2.4e-06, 1.536e-06
63, 166, 0, 1.36e-07, 8.704e-08
63, 167, 0, 1.1e-08, 7.04e-09
63, 168, 0, 4.16e-10, 2.6624e-10
63, 169, 0, 1.3799999999999999e-11, 8.832e-12
63, 171, 0, 8.92511e-15, 5.71207e-15
64, 151, 0, 7.48e-11, 4.7872e-11
64, 152, 0, 2.26e-09, 1.4463999999999999e-09
64, 153, 0, 5.5800000000000003e-08, 3.5712e-08
64, 154, 0, 5.55e-07, 3.552e-07
64, 155, 0, 5.99e-06, 3.8336e-06
64, 156, 0, 4.26e-05, 2.7264e-05
64, 157, 0, 0.00020999999999999998, 0.0001344
64, 158, 0, 0.000603, 0.00038592000000000005
64, 159, 0, 0.001231, 0.00078784
64, 160, 0, 0.001817, 0.00116288
64, 161, 0, 0.002076, 0.00132864
64, 162, 0, 0.001575, 0.001008
64, 163, 0, 0.000848, 0.00054272
64, 164, 0, 0.000315, 0.0002016
64, 165, 0, 8.2e-05, 5.2480000000000006e-05
64, 166, 0, 1.15e-05, 7.36e-06
64, 167, 0, 2.25e-06, 1.44e-06
64, 168, 0, 2.13e-07, 1.3632e-07
64, 169, 0, 1.7600000000000002e-08, 1.1263999999999999e-08
64, 170, 0, 7.61e-10, 4.8704e-10
64, 171, 0, 2.5091100000000002e-11, 1.6058299999999998e-11
65, 153, 0, 4.59e-12, 2.9376e-12
65, 155, 0, 3.34e-09, 2.1375999999999997e-09
65, 156, 0, 5.7e-08, 3.648e-08
65, 156, 1, 3.64e-09, 2.3296e-09
65, 157, 0, 7.699999999999999e-07, 4.928000000000001e-07
65, 158, 0, 5.17e-06, 3.3088e-06
65, 158, 1, 3.3e-07, 2.112e-07
65, 159, 0, 2.8000000000000003e-05, 1.7919999999999998e-05
65, 160, 0, 0.000101, 6.463999999999999e-05
65, 161, 0, 0.000279, 0.00017856
65, 162, 0, 0.00025, 0.00015999999999999999
65, 162, 1, 0.00025, 0.00015999999999999999
65, 163, 0, 0.000624, 0.00039936
65, 164, 0, 0.0005329999999999999, 0.00034112
65, 165, 0, 0.000324, 0.00020736
65, 166, 0, 0.000106, 6.784e-05
65, 167, 0, 4.7300000000000005e-05, 3.0272e-05
65, 168, 0, 1.0700000000000001e-05, 6.848e-06
65, 169, 0, 2.1e-06, 1.344e-06
65, 170, 0, 2.2200000000000003e-07, 1.4208e-07
65, 171, 0, 1.8e-08, 1.152e-08
65, 172, 0, 1.58e-09, 1.0112e-09
66, 156, 0, 7.73e-12, 4.9472000000000006e-12
66, 157, 0, 2.59e-10, 1.6576e-10
66, 158, 0, 4.74e-09, 3.0336e-09
66, 159, 0, 6.26e-08, 4.0064e-08
66, 160, 0, 5.769999999999999e-07, 3.6928e-07
66, 161, 0, 4.1199999999999995e-06, 2.6368000000000003e-06
66, 162, 0, 1.8599999999999998e-05, 1.1904e-05
66, 163, 0, 5.7e-05, 3.6479999999999996e-05
66, 164, 0, 0.00011599999999999999, 7.424e-05
66, 165, 0, 0.000153, 9.792000000000001e-05
66, 165, 1, 1.15e-05, 7.36e-06
66, 166, 0, 0.000122, 7.808e-05
66, 167, 0, 0.000118, 7.552e-05
66, 168, 0, 6.03e-05, 3.8592e-05
66, 169, 0, 2.67e-05, 1.7088e-05
66, 170, 0, 6.48e-06, 4.1472e-06
66, 171, 0, 1.24e-06, 7.936000000000001e-07
66, 172, 0, 2.6299999999999996e-07, 1.6832e-07
67, 159, 0, 1.18e-11, 7.552e-12
67, 161, 0, 5.45e-09, 3.488e-09
67, 161, 1, 4.1e-10, 2.624e-10
67, 162, 0, 1.26e-08, 8.064e-09
67, 162, 1, 5.73e-08, 3.6672e-08
67, 163, 0, 5.18e-07, 3.3152e-07
67, 163, 1, 3.9e-08, 2.496e-08
67, 164, 0, 5.21e-07, 3.3344e-07
67, 164, 1, 2.37e-06, 1.5168e-06
67, 165, 0, 1.02e-05, 6.528e-06
67, 166, 0, 3.2000000000000003e-06, 2.0479999999999997e-06
67, 166, 1, 1.46e-05, 9.343999999999999e-06
67, 167, 0, 3.8299999999999996e-05, 2.4512000000000002e-05
67, 168, 0, 4.35e-05, 2.784e-05
67, 169, 0, 4.17e-05, 2.6688000000000003e-05
67, 170, 0, 1.1e-05, 7.0399999999999995e-06
67, 170, 1, 1.1e-05, 7.0399999999999995e-06
67, 171, 0, 9.39e-06, 6.0096e-06
67, 172, 0, 4.52e-06, 2.8928e-06
68, 162, 0, 2.41e-11, 1.5424000000000002e-11
68, 163, 0, 5.15e-10, 3.2960000000000003e-10
68, 164, 0, 7.1100000000000005e-09, 4.5504e-09
68, 165, 0, 6.56e-08, 4.1984e-08
68, 166, 0, 2.88e-07, 1.8432e-07
68, 167, 0, 1.36e-06, 8.704e-07
68, 167, 1, 1.02e-07, 6.528e-08
68, 168, 0, 3.89e-06, 2.4896e-06
68, 169, 0, 8.37e-06, 5.3568e-06
68, 170, 0, 9.75e-06, 6.24e-06
68, 171, 0, 9e-06, 5.76e-06
68, 172, 0, 9.41e-06, 6.0224e-06
69, 165, 0, 3.94e-11, 2.5216000000000002e-11
69, 166, 0, 4.5e-10, 2.88e-10
69, 167, 0, 5.61e-09, 3.5904000000000003e-09
69, 168, 0, 3.71e-08, 2.3744e-08
69, 169, 0, 1.9e-07, 1.216e-07
69, 170, 0, 5.17e-07, 3.3088e-07
69, 171, 0, 1.09e-06, 6.976e-07
69, 172, 0, 2.5300000000000003e-06, 1.6192e-06
70, 167, 0, 1.98e-12, 1.2671999999999999e-12
70, 168, 0, 3.35e-11, 2.144e-11
70, 169, 0, 3.95e-10, 2.528e-10
70, 169, 1, 2.9799999999999997e-11, 1.9072e-11
70, 170, 0, 2.83e-09, 1.8112000000000001e-09
70, 171, 0, 1.4299999999999999e-08, 9.152e-09
70, 172, 0, 7.87e-08, 5.0368e-08
71, 171, 0, 9.04e-12, 5.785600000000001e-12
71, 171, 1, 9.04e-12, 5.785600000000001e-12
71, 172, 0, 1.23e-10, 7.872e-11
71, 172, 1, 1.23e-10, 7.872e-11
