22, 66, 0, 7.98702e-17, 5.11169e-17
23, 66, 0, 1.41848e-12, 9.07827e-13
23, 67, 0, 2.7534600000000002e-14, 1.76221e-14
23, 68, 0, 1.6886e-15, 1.0807e-15
23, 69, 0, 2.81559e-16, 1.80198e-16
24, 66, 0, 1.7085900000000002e-09, 1.0935e-09
24, 67, 0, 6.73977e-10, 4.31345e-10
24, 68, 0, 4.47986e-11, 2.86711e-11
24, 69, 0, 6.89185e-12, 4.41079e-12
24, 71, 0, 1.15325e-15, 7.38079e-16
25, 66, 0, 2.0200099999999998e-07, 1.29281e-07
25, 67, 0, 2.67002e-07, 1.70881e-07
25, 68, 0, 5.0400300000000004e-08, 3.22562e-08
25, 69, 0, 6.023149999999999e-09, 3.85481e-09
25, 70, 0, 4.4500300000000004e-10, 2.84802e-10
25, 71, 0, 2.2199e-11, 1.42074e-11
25, 72, 0, 1.9449e-13, 1.24474e-13
25, 73, 0, 3.91367e-14, 2.50475e-14
25, 74, 0, 1.66975e-15, 1.06864e-15
26, 66, 0, 2.1700100000000003e-06, 1.38881e-06
26, 67, 0, 7.40005e-06, 4.73603e-06
26, 68, 0, 4.30003e-06, 2.7520199999999998e-06
26, 69, 0, 1.44001e-06, 9.216060000000001e-07
26, 70, 0, 3.49002e-07, 2.23361e-07
26, 71, 0, 4.97003e-08, 3.18082e-08
26, 72, 0, 5.15984e-09, 3.3023e-09
26, 73, 0, 9.57967e-10, 6.130990000000001e-10
26, 74, 0, 4.42986e-11, 2.83511e-11
26, 75, 0, 7.06494e-13, 4.5215600000000003e-13
26, 77, 0, 3.1292000000000004e-14, 2.00269e-14
27, 66, 0, 1.25001e-06, 8.00005e-07
27, 67, 0, 1.1800099999999999e-05, 7.552050000000001e-06
27, 68, 0, 1.61001e-05, 1.03041e-05
27, 69, 0, 1.59001e-05, 1.0176099999999999e-05
27, 70, 0, 9.81006e-06, 6.278439999999999e-06
27, 71, 0, 4.36003e-06, 2.79042e-06
27, 72, 0, 1.2800099999999999e-06, 8.19205e-07
27, 73, 0, 7.85005e-07, 5.024029999999999e-07
27, 74, 0, 1.0700099999999999e-07, 6.84804e-08
27, 75, 0, 1.35994e-08, 8.7036e-09
27, 76, 0, 1.08001e-09, 6.91204e-10
27, 77, 0, 6.02343e-10, 3.85499e-10
27, 78, 0, 5.91763e-12, 3.78728e-12
27, 79, 0, 1.39145e-12, 8.9053e-13
28, 66, 0, 8.07005e-08, 5.1648299999999997e-08
28, 67, 0, 1.9500100000000002e-06, 1.24801e-06
28, 68, 0, 7.42005e-06, 4.74883e-06
28, 69, 0, 1.74001e-05, 1.11361e-05
28, 70, 0, 2.9200200000000002e-05, 1.8688099999999998e-05
28, 71, 0, 3.07002e-05, 1.96481e-05
28, 72, 0, 2.69002e-05, 1.72161e-05
28, 73, 0, 4.26003e-05, 2.72642e-05
28, 74, 0, 1.90001e-05, 1.21601e-05
28, 75, 0, 6.65004e-06, 4.25603e-06
28, 76, 0, 1.7600100000000002e-06, 1.12641e-06
28, 77, 0, 6.69402e-07, 4.28417e-07
28, 78, 0, 1.5699499999999998e-07, 1.0047700000000001e-07
28, 79, 0, 3.40592e-08, 2.17979e-08
28, 80, 0, 5.36003e-10, 3.43042e-10
28, 81, 0, 1.63117e-11, 1.04395e-11
29, 66, 0, 1.9600099999999998e-10, 1.25441e-10
29, 67, 0, 1.58001e-08, 1.01121e-08
29, 68, 0, 4.33003e-08, 2.7712199999999998e-08
29, 68, 1, 1.17001e-07, 7.48805e-08
29, 69, 0, 1.16001e-06, 7.42405e-07
29, 70, 0, 1.05001e-06, 6.72004e-07
29, 70, 1, 3.7100199999999998e-06, 2.3744200000000002e-06
29, 71, 0, 1.3800099999999999e-05, 8.83206e-06
29, 72, 0, 2.87002e-05, 1.8368099999999998e-05
29, 73, 0, 0.000124001, 7.936050000000001e-05
29, 74, 0, 0.000136001, 8.704060000000001e-05
29, 75, 0, 0.000141001, 9.02406e-05
29, 76, 0, 9.790060000000001e-05, 6.26564e-05
29, 77, 0, 0.000122001, 7.80805e-05
29, 78, 0, 7.98005e-05, 5.10723e-05
29, 79, 0, 2.97661e-05, 1.90503e-05
29, 80, 0, 2.82002e-06, 1.80481e-06
29, 81, 0, 3.13986e-07, 2.00951e-07
29, 82, 0, 2.49002e-08, 1.59361e-08
29, 83, 0, 3.81971e-10, 2.44461e-10
29, 84, 0, 2.4725899999999997e-11, 1.58246e-11
30, 67, 0, 8.05005e-12, 5.15203e-12
30, 68, 0, 2.74002e-10, 1.75361e-10
30, 69, 0, 9.72006e-10, 6.22084e-10
30, 69, 1, 4.75003e-09, 3.04002e-09
30, 70, 0, 7.53005e-08, 4.8192299999999995e-08
30, 71, 0, 9.80006e-08, 6.27204e-08
30, 71, 1, 4.79003e-07, 3.06562e-07
30, 72, 0, 3.64002e-06, 2.32961e-06
30, 73, 0, 3.80002e-05, 2.43202e-05
30, 74, 0, 0.00011700100000000001, 7.48805e-05
30, 75, 0, 0.000279002, 0.000178561
30, 76, 0, 0.000535003, 0.000342402
30, 77, 0, 0.0016660099999999999, 0.00106625
30, 78, 0, 0.00325502, 0.00208321
30, 79, 0, 0.00331502, 0.00212161
30, 80, 0, 0.0010420100000000001, 0.000666884
30, 81, 0, 0.000337002, 0.000215681
30, 82, 0, 9.30006e-05, 5.952040000000001e-05
30, 83, 0, 9.34968e-06, 5.98379e-06
30, 84, 0, 6.55979e-07, 4.19827e-07
30, 85, 0, 5.01299e-09, 3.20832e-09
30, 86, 0, 3.67002e-10, 2.34882e-10
30, 87, 0, 1.7607600000000002e-11, 1.12689e-11
31, 69, 0, 1.06001e-12, 6.78404e-13
31, 70, 0, 4.02003e-11, 2.57282e-11
31, 71, 0, 1.03001e-09, 6.59204e-10
31, 72, 1, 9.30006e-09, 5.9520400000000005e-09
31, 72, 0, 9.30006e-09, 5.9520400000000005e-09
31, 73, 0, 6.16004e-07, 3.9424299999999994e-07
31, 74, 1, 2.53002e-06, 1.61921e-06
31, 74, 0, 2.53002e-06, 1.61921e-06
31, 75, 0, 3.5200199999999995e-05, 2.25281e-05
31, 76, 0, 0.000161001, 0.00010304099999999999
31, 77, 0, 0.00139701, 0.000894086
31, 78, 0, 0.00631504, 0.00404163
31, 79, 0, 0.0183731, 0.0117588
31, 80, 0, 0.0146571, 0.00938054
31, 81, 0, 0.014794100000000001, 0.00946822
31, 82, 0, 0.011316099999999999, 0.00724229
31, 83, 0, 0.00393803, 0.00252034
31, 84, 0, 0.000860006, 0.000550404
31, 85, 0, 9.649559999999999e-05, 6.17572e-05
31, 86, 0, 5.74004e-06, 3.6736200000000004e-06
31, 87, 0, 3.3893e-07, 2.16915e-07
31, 88, 0, 1.5642100000000001e-09, 1.0011e-09
31, 89, 0, 1.61838e-10, 1.03576e-10
32, 72, 0, 6.88004e-12, 4.40323e-12
32, 73, 0, 5.380029999999999e-10, 3.4432199999999997e-10
32, 73, 1, 1.10001e-10, 7.04005e-11
32, 74, 0, 1.8400099999999998e-08, 1.17761e-08
32, 75, 0, 4.2300300000000005e-08, 2.70722e-08
32, 75, 1, 3.10002e-07, 1.98401e-07
32, 76, 0, 5.04003e-06, 3.22562e-06
32, 77, 0, 0.000102001, 6.52804e-05
32, 77, 1, 1.3800099999999999e-05, 8.83206e-06
32, 78, 0, 0.00149901, 0.000959366
32, 79, 1, 0.0052685300000000004, 0.00337186
32, 79, 0, 0.0052685300000000004, 0.00337186
32, 80, 0, 0.0233711, 0.014957499999999999
32, 81, 0, 0.056295399999999995, 0.036029
32, 82, 0, 0.12409700000000001, 0.0794219
32, 83, 0, 0.11529400000000001, 0.073788
32, 84, 0, 0.08475550000000001, 0.0542435
32, 85, 0, 0.0283792, 0.0181627
32, 86, 0, 0.00609604, 0.0039014699999999998
32, 87, 0, 0.000376663, 0.000241065
32, 88, 0, 4.14987e-05, 2.6559199999999998e-05
32, 89, 0, 3.96139e-06, 2.53529e-06
32, 90, 0, 4.969190000000001e-09, 3.1802799999999997e-09
32, 91, 0, 8.78838e-10, 5.62456e-10
32, 92, 0, 9.248130000000001e-11, 5.9188e-11
33, 74, 1, 1.5300099999999999e-12, 9.79206e-13
33, 75, 0, 1.37001e-10, 8.76806e-11
33, 76, 0, 5.60004e-09, 3.58402e-09
33, 77, 0, 4.35003e-07, 2.78402e-07
33, 78, 0, 1.5400100000000002e-05, 9.85606e-06
33, 79, 0, 0.000345002, 0.00022080100000000002
33, 80, 0, 0.00198301, 0.00126913
33, 81, 0, 0.0138801, 0.008883259999999999
33, 82, 0, 0.036772200000000005, 0.0235342
33, 82, 1, 0.036772200000000005, 0.0235342
33, 83, 0, 0.24052700000000002, 0.153937
33, 84, 1, 0.180259, 0.115366
33, 84, 0, 0.180259, 0.115366
33, 85, 0, 0.377349, 0.24150399999999997
33, 86, 0, 0.22688, 0.145203
33, 87, 0, 0.0497223, 0.031822300000000005
33, 88, 0, 0.0166101, 0.010630500000000001
33, 89, 0, 0.00346206, 0.00221572
33, 90, 0, 8.82518e-05, 5.64811e-05
33, 91, 0, 1.69168e-05, 1.08268e-05
33, 92, 0, 1.6424499999999998e-06, 1.05117e-06
33, 93, 0, 2.33867e-09, 1.4967499999999998e-09
33, 94, 0, 2.41605e-10, 1.5462700000000001e-10
34, 77, 0, 1.11001e-11, 7.10405e-12
34, 77, 1, 8.16005e-11, 5.22243e-11
34, 78, 0, 1.20001e-08, 7.68005e-09
34, 79, 0, 6.89004e-07, 4.40963e-07
34, 79, 1, 9.400059999999999e-08, 6.01604e-08
34, 80, 0, 1.51001e-05, 9.66406e-06
34, 81, 0, 3.53002e-05, 2.25921e-05
34, 81, 1, 0.000259002, 0.000165761
34, 82, 0, 0.00488303, 0.0031251399999999998
34, 83, 0, 0.0278782, 0.017842
34, 83, 1, 0.0057100399999999996, 0.0036544200000000002
34, 84, 0, 0.174063, 0.1114
34, 85, 0, 0.246317, 0.157643
34, 85, 1, 0.236218, 0.151179
34, 86, 0, 0.834567, 0.26706199999999997
34, 87, 0, 0.848079, 0.271385
34, 88, 0, 0.541899, 0.346816
34, 89, 0, 0.333874, 0.213679
34, 90, 0, 0.106301, 0.06803290000000001
34, 91, 0, 0.0188002, 0.0120321
34, 92, 0, 0.00197837, 0.00126616
34, 93, 0, 5.7244700000000004e-05, 3.66366e-05
34, 94, 0, 6.409799999999999e-06, 4.10227e-06
34, 95, 0, 5.9117100000000005e-09, 3.78349e-09
34, 96, 0, 2.4700199999999997e-09, 1.58081e-09
34, 97, 0, 3.7457e-11, 2.39725e-11
35, 79, 0, 1.36001e-11, 8.70406e-12
35, 79, 1, 5.1100299999999995e-11, 3.2704199999999995e-11
35, 80, 0, 8.260050000000001e-10, 5.28643e-10
35, 80, 1, 2.9300199999999998e-09, 1.87521e-09
35, 81, 0, 2.5400200000000003e-07, 1.62561e-07
35, 82, 0, 8.94006e-06, 5.721640000000001e-06
35, 82, 1, 3.31002e-06, 2.1184099999999998e-06
35, 83, 0, 0.000289002, 0.00018496099999999998
35, 84, 0, 0.00150101, 0.0009606459999999999
35, 84, 1, 0.0031890200000000003, 0.00204097
35, 85, 0, 0.039515299999999996, 0.025289799999999998
35, 86, 0, 0.0913966, 0.0584938
35, 86, 1, 0.0913966, 0.0584938
35, 87, 0, 0.657475, 0.210392
35, 88, 0, 0.8996999999999999, 0.404865
35, 89, 0, 1.6226999999999998, 0.519263
35, 90, 0, 1.34053, 0.42896999999999996
35, 91, 0, 0.7590450000000001, 0.485789
35, 92, 0, 0.233881, 0.14968399999999998
35, 93, 0, 0.05002910000000001, 0.032018599999999994
35, 94, 0, 0.00789505, 0.00505283
35, 95, 0, 0.000113795, 7.28289e-05
35, 96, 0, 3.5200199999999995e-05, 2.25281e-05
35, 97, 0, 7.21013e-07, 4.61448e-07
35, 98, 0, 9.79989e-09, 6.27193e-09
35, 99, 0, 7.909780000000001e-10, 5.06226e-10
35, 100, 0, 1.37952e-11, 8.82895e-12
36, 81, 0, 1.11001e-11, 7.10405e-12
36, 81, 1, 1.5100100000000001e-12, 9.66406e-13
36, 82, 0, 2.1600100000000003e-09, 1.38241e-09
36, 83, 0, 1.54001e-07, 9.856060000000001e-08
36, 83, 1, 3.15002e-08, 2.01601e-08
36, 84, 0, 9.34006e-06, 5.97764e-06
36, 85, 0, 0.00019900099999999997, 0.00012736100000000002
36, 85, 1, 4.0800299999999996e-05, 2.61122e-05
36, 86, 0, 0.0038550200000000002, 0.00246722
36, 87, 0, 0.0346632, 0.0221845
36, 88, 0, 0.367639, 0.23528899999999997
36, 89, 0, 0.646131, 0.290759
36, 90, 0, 1.8500699999999999, 0.425516
36, 91, 0, 2.61698, 0.287868
36, 92, 0, 2.5032900000000002, 0.200263
36, 93, 0, 1.42627, 0.156889
36, 94, 0, 0.734379, 0.47000200000000003
36, 95, 0, 0.126464, 0.080937
36, 96, 0, 0.0341852, 0.021878500000000002
36, 97, 0, 0.000801284, 0.000512822
36, 98, 0, 0.000259992, 0.000166395
36, 99, 0, 1.93611e-05, 1.23911e-05
36, 100, 0, 3.65989e-07, 2.34233e-07
36, 101, 0, 2.2402300000000002e-09, 1.43374e-09
36, 102, 0, 2.9309100000000003e-10, 1.87578e-10
37, 83, 0, 3.5200199999999998e-12, 2.25281e-12
37, 84, 0, 5.72004e-10, 3.66082e-10
37, 85, 0, 1.1000100000000001e-07, 3.52002e-08
37, 86, 1, 1.40001e-06, 8.960059999999999e-07
37, 86, 0, 1.40001e-06, 8.960059999999999e-07
37, 87, 0, 0.000144001, 4.60803e-05
37, 88, 0, 0.00202101, 0.00129345
37, 89, 0, 0.0885536, 0.0398491
37, 90, 0, 0.0280792, 0.0179707
37, 90, 1, 0.14058, 0.0899711
37, 91, 0, 0.675431, 0.216138
37, 92, 0, 1.47487, 0.33922
37, 93, 0, 2.61544, 0.8369390000000001
37, 94, 0, 2.53653, 0.811689
37, 95, 0, 1.59566, 0.51061
37, 96, 0, 1.16876, 0.37400300000000003
37, 97, 0, 0.0886296, 0.05672290000000001
37, 98, 0, 0.0843695, 0.0539965
37, 99, 0, 0.0169207, 0.0108292
37, 100, 0, 0.00124501, 0.000796805
37, 101, 0, 4.31223e-05, 2.75983e-05
37, 102, 0, 5.20524e-06, 3.3313500000000003e-06
37, 103, 0, 6.20014e-09, 3.96809e-09
37, 104, 0, 7.613759999999999e-10, 4.87281e-10
37, 105, 0, 1.69532e-10, 1.0850100000000001e-10
38, 86, 0, 1.37001e-10, 8.76806e-11
38, 87, 0, 1.3300099999999999e-08, 8.51205e-09
38, 87, 1, 2.73002e-09, 1.74721e-09
38, 88, 0, 1.16001e-06, 7.42405e-07
38, 89, 0, 4.63003e-05, 2.96322e-05
38, 90, 0, 0.0011220099999999999, 0.000718085
38, 91, 0, 0.0116721, 0.007470129999999999
38, 92, 0, 0.103019, 0.0659319
38, 93, 0, 0.545026, 0.348817
38, 94, 0, 1.50996, 0.48318700000000003
38, 95, 0, 3.18236, 0.731942
38, 96, 0, 4.13178, 0.9503090000000001
38, 97, 0, 2.85935, 0.9149930000000001
38, 98, 0, 2.26811, 0.725794
38, 99, 0, 0.977176, 0.6253930000000001
38, 100, 0, 0.303736, 0.194391
38, 101, 0, 0.0479232, 0.030670799999999998
38, 102, 0, 0.00626983, 0.004012689999999999
38, 103, 0, 0.00015176399999999998, 9.71287e-05
38, 104, 0, 2.0199400000000002e-05, 1.29276e-05
38, 105, 0, 4.14972e-06, 2.6558199999999998e-06
39, 88, 0, 2.09001e-11, 1.33761e-11
39, 89, 0, 5.49004e-10, 3.5136200000000003e-10
39, 89, 1, 2.68002e-09, 1.7152100000000001e-09
39, 90, 1, 1.21501e-07, 7.77605e-08
39, 90, 0, 1.21501e-07, 7.77605e-08
39, 91, 1, 4.440029999999999e-06, 2.8416199999999997e-06
39, 91, 0, 4.440029999999999e-06, 2.8416199999999997e-06
39, 92, 0, 0.000233001, 0.000149121
39, 93, 1, 0.00198101, 0.00126785
39, 93, 0, 0.00198101, 0.00126785
39, 94, 0, 0.0338972, 0.0216942
39, 95, 0, 0.22336299999999998, 0.142953
39, 96, 0, 0.0727705, 0.0465731
39, 96, 1, 0.735719, 0.47086000000000006
39, 97, 1, 1.25932, 0.805967
39, 97, 0, 1.25932, 0.805967
39, 98, 0, 1.51334, 0.484269
39, 98, 1, 1.5127, 0.484065
39, 99, 0, 3.74135, 1.19723
39, 100, 0, 2.9263, 0.936416
39, 101, 0, 1.45956, 0.46705899999999995
39, 102, 0, 0.521945, 0.334045
39, 103, 0, 0.132634, 0.0848858
39, 104, 0, 0.0162571, 0.0104045
39, 105, 0, 0.0036266500000000004, 0.0023210600000000002
39, 106, 0, 2.97813e-11, 1.906e-11
39, 107, 0, 8.61339e-13, 5.51257e-13
39, 108, 0, 3.60317e-14, 2.3060299999999998e-14
39, 109, 0, 9.06354e-15, 5.80067e-15
39, 111, 0, 1.3894699999999999e-11, 8.8926e-12
40, 90, 1, 1.75001e-12, 1.12001e-12
40, 90, 0, 1.75001e-12, 1.12001e-12
40, 91, 0, 1.27001e-09, 4.06403e-10
40, 92, 0, 1.4500100000000002e-07, 4.6400299999999995e-08
40, 93, 0, 2.1700100000000003e-06, 1.38881e-06
40, 94, 0, 6.46004e-05, 4.13443e-05
40, 95, 0, 0.0012490099999999998, 0.0007993649999999999
40, 96, 0, 0.0156491, 0.0100154
40, 97, 0, 0.10166800000000001, 0.06506730000000001
40, 98, 0, 0.486124, 0.311119
40, 99, 0, 1.47075, 0.47063900000000003
40, 100, 0, 3.29987, 1.05596
40, 101, 0, 4.0017700000000005, 1.28057
40, 102, 0, 4.09176, 1.30936
40, 103, 0, 2.64495, 0.846385
40, 104, 0, 1.01259, 0.6480589999999999
40, 105, 0, 0.20944100000000002, 0.134042
40, 106, 0, 0.000729005, 0.000466563
40, 107, 0, 1.9453100000000002e-05, 1.2450000000000001e-05
40, 108, 0, 8.820059999999999e-07, 5.644839999999999e-07
40, 109, 0, 2.04697e-07, 1.31006e-07
40, 110, 0, 1.59001e-10, 1.0176099999999999e-10
40, 111, 0, 3.40107e-07, 2.17668e-07
40, 112, 0, 1.0471899999999999e-10, 6.702e-11
40, 113, 0, 7.85556e-12, 5.02756e-12
40, 114, 0, 3.85806e-13, 2.46916e-13
41, 93, 0, 3.39002e-11, 2.1696099999999998e-11
41, 93, 1, 6.95004e-12, 4.44803e-12
41, 94, 0, 2.34002e-09, 1.49761e-09
41, 94, 1, 1.37001e-09, 8.768060000000001e-10
41, 95, 0, 2.3000099999999997e-07, 1.47201e-07
41, 95, 1, 4.7000299999999994e-08, 3.00802e-08
41, 96, 0, 1.04001e-05, 6.6560400000000006e-06
41, 97, 0, 0.000194001, 0.000124161
41, 97, 1, 3.98003e-05, 2.54722e-05
41, 98, 0, 0.00252602, 0.0016166499999999999
41, 98, 1, 0.0007120049999999999, 0.00045568299999999997
41, 99, 0, 0.00253602, 0.00162305
41, 99, 1, 0.0291642, 0.0186651
41, 100, 0, 0.0962286, 0.061586300000000004
41, 100, 1, 0.0962286, 0.061586300000000004
41, 101, 0, 0.689412, 0.44122400000000006
41, 102, 1, 0.8727119999999999, 0.558535
41, 102, 0, 0.8727119999999999, 0.558535
41, 103, 0, 3.1195899999999996, 0.998268
41, 104, 1, 1.43353, 0.917459
41, 104, 0, 1.43353, 0.917459
41, 105, 0, 1.79767, 0.575253
41, 106, 0, 0.594298, 0.380351
41, 107, 0, 0.145002, 0.0928016
41, 108, 0, 0.0173811, 0.011123899999999999
41, 109, 0, 0.00152581, 0.000976515
41, 110, 0, 0.000111001, 7.10405e-05
41, 111, 0, 0.000297237, 0.00019023199999999998
41, 112, 0, 1.85978e-06, 1.19026e-06
41, 113, 0, 1.51213e-07, 9.677599999999999e-08
41, 114, 0, 6.85183e-09, 4.3851700000000005e-09
41, 115, 0, 7.840480000000001e-12, 5.0178999999999994e-12
41, 116, 0, 4.59841e-13, 2.9429799999999997e-13
42, 95, 0, 3.22002e-12, 2.06081e-12
42, 96, 0, 4.62003e-10, 2.9568199999999997e-10
42, 97, 0, 3.10002e-08, 1.98401e-08
42, 98, 0, 1.5800100000000002e-06, 1.01121e-06
42, 99, 0, 4.57003e-05, 2.92482e-05
42, 100, 0, 0.000971006, 0.0006214440000000001
42, 101, 0, 0.0103301, 0.006611239999999999
42, 102, 0, 0.0810235, 0.0518551
42, 103, 0, 0.37319800000000003, 0.23884700000000003
42, 104, 0, 1.08055, 0.486249
42, 105, 0, 2.00368, 0.460846
42, 106, 0, 1.8751, 0.300016
42, 107, 0, 1.23436, 0.394995
42, 108, 0, 0.507307, 0.22828800000000002
42, 109, 0, 0.168202, 0.10764900000000001
42, 110, 0, 0.061978399999999996, 0.0396662
42, 111, 0, 0.0171655, 0.0109859
42, 112, 0, 0.0022401499999999998, 0.0014337
42, 113, 0, 0.000168047, 0.00010754999999999999
42, 114, 0, 8.253200000000001e-06, 5.28205e-06
42, 115, 0, 1.9191499999999998e-07, 1.2282600000000002e-07
42, 116, 0, 1.2199600000000002e-08, 7.80776e-09
42, 117, 0, 2.53605e-11, 1.62307e-11
42, 118, 0, 4.20369e-12, 2.69036e-12
43, 98, 0, 2.29001e-11, 1.4656100000000002e-11
43, 99, 0, 1.99001e-09, 1.2736100000000001e-09
43, 99, 1, 4.0700299999999996e-10, 2.60482e-10
43, 100, 0, 1.56001e-07, 9.98406e-08
43, 101, 0, 5.99004e-06, 3.83362e-06
43, 102, 0, 6.88004e-05, 4.40323e-05
43, 102, 1, 6.88004e-05, 4.40323e-05
43, 103, 0, 0.00214901, 0.00137537
43, 104, 0, 0.0158171, 0.0101229
43, 105, 0, 0.07806249999999999, 0.04996
43, 106, 0, 0.025203200000000002, 0.01613
43, 107, 0, 0.06648939999999999, 0.0425532
43, 108, 0, 0.0762535, 0.048802200000000004
43, 109, 0, 0.0818335, 0.0523735
43, 110, 0, 0.0787625, 0.050407999999999994
43, 111, 0, 0.0426933, 0.027323700000000003
43, 112, 0, 0.0234142, 0.0149851
43, 113, 0, 0.007631850000000001, 0.004884390000000001
43, 114, 0, 0.00138901, 0.0008889659999999999
43, 115, 0, 0.000167724, 0.000107344
43, 116, 0, 2.3900200000000002e-05, 1.5296099999999997e-05
43, 117, 0, 4.88167e-07, 3.12427e-07
43, 118, 0, 7.465680000000001e-08, 4.77803e-08
43, 119, 0, 2.0344500000000001e-10, 1.3020500000000002e-10
43, 120, 0, 7.1237700000000005e-12, 4.5592099999999995e-12
43, 121, 0, 4.996160000000001e-13, 3.19754e-13
44, 100, 0, 1.64001e-12, 1.04961e-12
44, 101, 0, 1.87001e-10, 1.19681e-10
44, 102, 0, 1.6200099999999998e-08, 1.0368100000000001e-08
44, 103, 0, 7.57005e-07, 4.84483e-07
44, 104, 0, 2.0100099999999998e-05, 1.28641e-05
44, 105, 0, 0.000360002, 0.000230401
44, 106, 0, 3.89002e-07, 2.48962e-07
44, 107, 0, 5.09003e-06, 3.2576199999999997e-06
44, 108, 0, 3.04002e-05, 1.9456099999999998e-05
44, 109, 1, 7.90005e-05, 5.05603e-05
44, 109, 0, 7.90005e-05, 5.05603e-05
44, 110, 0, 0.0007840049999999999, 0.0005017629999999999
44, 111, 0, 0.010914100000000001, 0.006985000000000001
44, 112, 0, 0.028437200000000003, 0.0181998
44, 113, 0, 0.030444199999999998, 0.0194843
44, 114, 0, 0.0205391, 0.013145
44, 115, 0, 0.00968615, 0.006199130000000001
44, 116, 0, 0.0034310200000000003, 0.00219585
44, 117, 0, 0.000542515, 0.00034721000000000003
44, 118, 0, 8.99259e-05, 5.75526e-05
44, 119, 0, 4.9798300000000006e-06, 3.18709e-06
44, 120, 0, 1.8899400000000003e-07, 1.20956e-07
44, 121, 0, 1.22293e-08, 7.826769999999999e-09
44, 122, 0, 6.30004e-11, 4.03203e-11
44, 123, 0, 1.36104e-12, 8.71066e-13
45, 103, 0, 1.07001e-12, 6.84804e-13
45, 103, 1, 7.86005e-12, 5.03043e-12
45, 104, 0, 1.64001e-10, 1.04961e-10
45, 104, 1, 5.82004e-10, 3.72482e-10
45, 105, 0, 4.46003e-08, 2.85442e-08
45, 105, 1, 6.08004e-09, 3.8912200000000005e-09
45, 108, 0, 1.81001e-12, 1.15841e-12
45, 108, 1, 1.81001e-12, 1.15841e-12
45, 109, 0, 6.24004e-11, 3.9936299999999997e-11
45, 109, 1, 6.24004e-11, 3.9936299999999997e-11
45, 110, 0, 1.7300100000000001e-09, 1.10721e-09
45, 110, 1, 1.7300100000000001e-09, 1.10721e-09
45, 111, 0, 0.000145001, 9.28006e-05
45, 112, 0, 0.00179801, 0.00115073
45, 113, 0, 0.00770005, 0.00492803
45, 114, 0, 0.0158931, 0.0101716
45, 115, 0, 0.0223411, 0.014298300000000002
45, 116, 0, 0.0205191, 0.013132199999999998
45, 117, 0, 0.0114991, 0.007359409999999999
45, 118, 0, 0.00514003, 0.00328962
45, 119, 0, 0.00111801, 0.000715525
45, 120, 0, 0.000143001, 9.15206e-05
45, 121, 0, 1.06878e-05, 6.840220000000001e-06
45, 122, 0, 6.17004e-07, 3.94883e-07
45, 123, 0, 2.6198799999999998e-08, 1.6767199999999998e-08
45, 124, 0, 5.60004e-10, 3.58402e-10
45, 125, 0, 8.45647e-12, 5.41214e-12
46, 105, 0, 3.75002e-07, 1.2000100000000002e-07
46, 111, 0, 3.85002e-08, 2.4640200000000002e-08
46, 111, 1, 8.58006e-08, 5.49124e-08
46, 112, 0, 9.920059999999999e-06, 6.34884e-06
46, 113, 0, 0.000168001, 0.00010752099999999999
46, 114, 0, 0.00142301, 0.000910726
46, 115, 0, 0.00528803, 0.00338434
46, 116, 0, 0.014810100000000001, 0.00947846
46, 117, 0, 0.022787099999999998, 0.0145838
46, 118, 0, 0.0287902, 0.0184257
46, 119, 0, 0.0184051, 0.0117793
46, 120, 0, 0.00839005, 0.00536963
46, 121, 0, 0.00201501, 0.00128961
46, 122, 0, 0.000416003, 0.000266242
46, 123, 0, 5.36003e-05, 3.4304199999999996e-05
46, 124, 0, 4.26003e-06, 2.72642e-06
46, 125, 0, 2.06993e-07, 1.32475e-07
46, 127, 0, 6.70026e-17, 4.28817e-17
47, 111, 1, 3.3200200000000002e-12, 2.12481e-12
47, 112, 0, 1.83001e-09, 1.17121e-09
47, 113, 0, 1.79001e-08, 1.14561e-08
47, 113, 1, 1.31001e-07, 8.38405e-08
47, 114, 0, 4.9500300000000004e-06, 3.16802e-06
47, 115, 0, 3.22002e-05, 2.06081e-05
47, 115, 1, 3.22002e-05, 2.06081e-05
47, 116, 0, 0.000264002, 0.000168961
47, 116, 1, 0.000264002, 0.000168961
47, 117, 0, 0.00143701, 0.0009196860000000001
47, 117, 1, 0.00143701, 0.0009196860000000001
47, 118, 0, 0.00443503, 0.00283842
47, 118, 1, 0.00443503, 0.00283842
47, 119, 0, 0.0183541, 0.011746600000000001
47, 120, 1, 0.011293099999999999, 0.00722757
47, 120, 0, 0.011293099999999999, 0.00722757
47, 121, 0, 0.0179321, 0.0114766
47, 122, 1, 0.00507753, 0.0032496200000000004
47, 122, 0, 0.00507753, 0.0032496200000000004
47, 123, 0, 0.00429903, 0.00275138
47, 124, 0, 0.0010240100000000001, 0.000655364
47, 125, 0, 0.00017500100000000001, 0.00011200099999999999
47, 126, 0, 9.44006e-09, 6.04164e-09
47, 127, 0, 1.1900100000000001e-09, 7.61605e-10
47, 128, 0, 7.100049999999999e-11, 4.54403e-11
47, 129, 0, 2.11649e-12, 1.3545500000000001e-12
47, 131, 0, 1.29292e-14, 8.27469e-15
47, 132, 0, 6.859920000000001e-09, 4.390350000000001e-09
47, 133, 0, 3.45435e-10, 2.2107900000000002e-10
48, 113, 0, 1.61001e-12, 1.03041e-12
48, 113, 1, 6.0400400000000006e-12, 3.86562e-12
48, 114, 0, 1.23001e-09, 7.87205e-10
48, 115, 0, 1.0600100000000001e-08, 6.784040000000001e-09
48, 115, 1, 3.98003e-08, 2.54722e-08
48, 116, 0, 1.56001e-06, 9.98406e-07
48, 117, 0, 6.040040000000001e-06, 3.8656200000000004e-06
48, 117, 1, 2.27001e-05, 1.4528099999999999e-05
48, 118, 0, 0.000286002, 0.000183041
48, 119, 0, 0.000915006, 0.000585604
48, 119, 1, 0.000915006, 0.000585604
48, 120, 0, 0.00748305, 0.00478915
48, 121, 1, 0.008041050000000001, 0.00514627
48, 121, 0, 0.008041050000000001, 0.00514627
48, 122, 0, 0.0266272, 0.017041399999999998
48, 123, 0, 0.028026199999999998, 0.0179368
48, 124, 0, 0.0209321, 0.013396600000000002
48, 125, 0, 0.00977506, 0.00625604
48, 126, 0, 0.000813005, 0.000520323
48, 127, 0, 0.000412003, 0.000263682
48, 128, 0, 0.000128001, 8.19205e-05
48, 129, 0, 4.78003e-05, 3.0592199999999995e-05
48, 130, 0, 5.5700399999999994e-06, 3.56482e-06
48, 131, 0, 2.92002e-07, 1.86881e-07
48, 132, 0, 0.000181994, 0.000116476
48, 133, 0, 8.45538e-06, 5.41144e-06
48, 134, 0, 9.37006e-08, 5.996839999999999e-08
48, 135, 0, 8.88646e-10, 5.68733e-10
48, 136, 0, 3.37002e-12, 2.15681e-12
49, 115, 0, 1.16001e-12, 7.42405e-13
49, 116, 2, 4.7667e-11, 3.05069e-11
49, 116, 0, 4.7667e-11, 3.05069e-11
49, 116, 1, 4.7667e-11, 3.05069e-11
49, 117, 0, 9.29006e-09, 5.945639999999999e-09
49, 117, 1, 1.90001e-09, 1.21601e-09
49, 118, 2, 2.99002e-08, 1.9136100000000002e-08
49, 118, 0, 2.12001e-07, 1.35681e-07
49, 118, 1, 2.99002e-08, 1.9136100000000002e-08
49, 119, 0, 7.05005e-06, 4.51203e-06
49, 119, 1, 1.44001e-06, 9.216060000000001e-07
49, 120, 2, 3.72669e-05, 2.38508e-05
49, 120, 0, 3.72669e-05, 2.38508e-05
49, 120, 1, 3.72669e-05, 2.38508e-05
49, 121, 0, 0.000717005, 0.00045888300000000004
49, 121, 1, 0.00014700099999999998, 9.40806e-05
49, 122, 2, 0.00127201, 0.000814085
49, 122, 0, 0.00127201, 0.000814085
49, 122, 1, 0.00127201, 0.000814085
49, 123, 0, 0.00973406, 0.006229800000000001
49, 123, 1, 0.00199401, 0.00127617
49, 124, 1, 0.0108986, 0.006975080000000001
49, 124, 0, 0.0108986, 0.006975080000000001
49, 125, 0, 0.014625099999999999, 0.00936006
49, 125, 1, 0.014625099999999999, 0.00936006
49, 126, 1, 0.0183891, 0.011769
49, 126, 0, 0.0183891, 0.011769
49, 127, 0, 0.0344162, 0.022026399999999998
49, 127, 1, 0.0344162, 0.022026399999999998
49, 128, 1, 0.0391528, 0.025057799999999998
49, 128, 0, 0.0391528, 0.025057799999999998
49, 129, 0, 0.0674194, 0.043148399999999996
49, 129, 1, 0.0674194, 0.043148399999999996
49, 130, 2, 0.025022500000000003, 0.0160144
49, 130, 1, 0.025022500000000003, 0.0160144
49, 130, 0, 0.025022500000000003, 0.0160144
49, 131, 1, 0.0134041, 0.00857862
49, 131, 0, 0.0134041, 0.00857862
49, 132, 0, 0.0645474, 0.0413103
49, 133, 0, 0.007389590000000001, 0.004729339999999999
49, 134, 0, 0.000492003, 0.000314882
49, 135, 0, 1.71056e-05, 1.09476e-05
49, 136, 0, 2.70002e-07, 1.7280099999999999e-07
49, 137, 0, 2.58596e-09, 1.65502e-09
49, 138, 0, 8.329910000000001e-11, 5.33114e-11
50, 118, 0, 2.13001e-11, 1.36321e-11
50, 119, 0, 5.06003e-10, 3.23842e-10
50, 119, 1, 1.90001e-09, 1.21601e-09
50, 120, 0, 1.29001e-07, 8.25605e-08
50, 121, 0, 8.750059999999999e-07, 5.60004e-07
50, 121, 1, 2.49002e-06, 1.59361e-06
50, 122, 0, 5.23003e-05, 3.34722e-05
50, 123, 0, 0.000333002, 0.00021312099999999998
50, 123, 1, 0.00011700100000000001, 7.48805e-05
50, 124, 0, 0.00269002, 0.00172161
50, 125, 0, 0.00678704, 0.00434371
50, 125, 1, 0.0023840199999999997, 0.0015257699999999999
50, 126, 0, 0.0162541, 0.0104026
50, 127, 0, 0.04960029999999999, 0.0317442
50, 127, 1, 0.0174271, 0.0111534
50, 128, 1, 0.101794, 0.0651483
50, 128, 0, 0.101794, 0.0651483
50, 129, 0, 0.625078, 0.281285
50, 129, 1, 0.220164, 0.140905
50, 130, 1, 0.823318, 0.526923
50, 130, 0, 0.823318, 0.526923
50, 131, 1, 1.14337, 0.731757
50, 131, 0, 1.14337, 0.731757
50, 132, 0, 1.8849600000000002, 0.603187
50, 133, 0, 0.672609, 0.43046999999999996
50, 134, 0, 0.182104, 0.11654700000000001
50, 135, 0, 0.019010000000000003, 0.0121664
50, 136, 0, 0.00141801, 0.000907526
50, 137, 0, 6.32978e-05, 4.05106e-05
50, 138, 0, 2.20993e-06, 1.4143600000000001e-06
50, 139, 0, 1.63117e-08, 1.04395e-08
50, 140, 0, 8.68904e-10, 5.56098e-10
50, 141, 0, 2.58868e-10, 1.6567599999999998e-10
51, 120, 0, 1.6600100000000001e-12, 1.06241e-12
51, 120, 1, 2.8300199999999997e-12, 1.81121e-12
51, 121, 0, 4.87003e-10, 3.11682e-10
51, 122, 0, 1.03001e-08, 6.59204e-09
51, 122, 1, 1.37001e-08, 8.76806e-09
51, 123, 0, 7.33005e-07, 4.6912300000000004e-07
51, 124, 2, 4.45336e-06, 2.8501499999999997e-06
51, 124, 0, 4.45336e-06, 2.8501499999999997e-06
51, 124, 1, 4.45336e-06, 2.8501499999999997e-06
51, 125, 0, 0.000153001, 9.79206e-05
51, 126, 2, 4.71003e-06, 3.01442e-06
51, 126, 0, 6.820039999999999e-06, 4.36483e-06
51, 126, 1, 4.71003e-06, 3.01442e-06
51, 127, 0, 0.000203001, 0.00012992100000000002
51, 128, 0, 0.000900006, 0.000576004
51, 128, 1, 0.00124301, 0.0007955249999999999
51, 129, 0, 0.0324022, 0.0207374
51, 130, 0, 0.0807225, 0.051662400000000004
51, 130, 1, 0.111469, 0.07134
51, 131, 0, 0.9374520000000001, 0.421853
51, 132, 0, 1.4364, 0.459648
51, 132, 1, 1.27379, 0.407612
51, 133, 0, 3.0966, 0.49545500000000003
51, 134, 1, 1.2805199999999999, 0.8195330000000001
51, 134, 0, 1.2805199999999999, 0.8195330000000001
51, 135, 0, 1.02045, 0.326544
51, 136, 0, 0.238624, 0.15271900000000002
51, 137, 0, 0.0383052, 0.024515399999999996
51, 138, 0, 0.00405703, 0.0025965
51, 139, 0, 0.000313986, 0.000200951
51, 140, 0, 1.54316e-05, 9.876199999999999e-06
51, 141, 0, 4.98298e-06, 3.1890999999999997e-06
51, 142, 0, 3.49404e-09, 2.23618e-09
51, 143, 0, 3.4923899999999997e-10, 2.23513e-10
52, 123, 0, 1.47001e-11, 9.40806e-12
52, 123, 1, 5.54004e-11, 3.54562e-11
52, 124, 0, 4.79003e-09, 3.0656199999999996e-09
52, 125, 0, 5.37003e-08, 3.4368200000000005e-08
52, 125, 1, 2.0200099999999998e-07, 1.29281e-07
52, 126, 0, 8.73006e-12, 5.58724e-12
52, 127, 0, 1.02001e-10, 6.52804e-11
52, 127, 1, 2.90002e-10, 1.85601e-10
52, 128, 0, 2.43002e-08, 1.55521e-08
52, 129, 0, 4.06003e-07, 2.59842e-07
52, 129, 1, 1.16001e-06, 7.42405e-07
52, 130, 0, 5.29003e-05, 3.3856199999999996e-05
52, 131, 0, 0.000355002, 0.00022720099999999998
52, 131, 1, 0.0364842, 0.0233499
52, 132, 0, 0.47122099999999995, 0.301581
52, 133, 0, 0.801138, 0.512728
52, 133, 1, 1.9610800000000002, 0.627545
52, 134, 0, 3.95371, 0.632594
52, 135, 0, 4.6206499999999995, 1.47861
52, 136, 0, 3.5255, 1.1281599999999998
52, 137, 0, 1.56778, 0.501691
52, 138, 0, 0.550107, 0.352068
52, 139, 0, 0.120899, 0.07737519999999999
52, 140, 0, 0.018587700000000002, 0.0118961
52, 141, 0, 0.00553774, 0.0035441500000000003
52, 142, 0, 9.26971e-05, 5.93261e-05
52, 143, 0, 8.548469999999999e-06, 5.47102e-06
52, 144, 0, 5.72884e-09, 3.6664599999999998e-09
52, 145, 0, 6.07812e-10, 3.89e-10
52, 146, 0, 4.36717e-11, 2.7949899999999998e-11
53, 125, 0, 9.98006e-12, 6.38724e-12
53, 130, 0, 3.09002e-12, 1.97761e-12
53, 130, 1, 1.14001e-12, 7.296050000000001e-13
53, 131, 0, 7.890049999999999e-10, 5.04963e-10
53, 132, 1, 0.00993956, 0.00636132
53, 132, 0, 0.00993956, 0.00636132
53, 133, 1, 0.0944471, 0.0604461
53, 133, 0, 0.0944471, 0.0604461
53, 134, 0, 0.439153, 0.048306800000000004
53, 134, 1, 0.31800700000000004, 0.203525
53, 135, 0, 1.35457, 0.43346399999999996
53, 136, 0, 1.32884, 0.42522899999999997
53, 136, 1, 1.34483, 0.43034500000000003
53, 137, 0, 3.5312499999999996, 0.565
53, 138, 0, 3.11927, 0.998166
53, 139, 0, 2.05561, 0.6577959999999999
53, 140, 0, 0.8693630000000001, 0.556392
53, 141, 0, 0.251496, 0.16095700000000002
53, 142, 0, 0.0418853, 0.026806600000000003
53, 143, 0, 0.00747095, 0.00478141
53, 144, 0, 0.00010174299999999999, 6.511559999999999e-05
53, 145, 0, 1.16998e-05, 7.48789e-06
53, 146, 0, 7.75601e-07, 4.96385e-07
53, 147, 0, 6.722879999999999e-10, 4.3026400000000006e-10
53, 148, 0, 6.85992e-11, 4.39035e-11
54, 131, 0, 1.11001e-09, 3.55202e-10
54, 131, 1, 3.16002e-09, 2.0224100000000003e-09
54, 132, 0, 1.79001e-06, 1.1456100000000002e-06
54, 133, 0, 0.000418003, 0.000267522
54, 133, 1, 0.00122101, 0.000781445
54, 134, 0, 0.000704005, 0.000450563
54, 134, 1, 0.00190301, 0.00121793
54, 135, 0, 0.0111541, 0.00713861
54, 135, 1, 0.0157101, 0.0100545
54, 136, 0, 0.24432, 0.156365
54, 137, 0, 1.0773700000000002, 0.344759
54, 138, 0, 2.03998, 0.652792
54, 139, 0, 3.2832600000000003, 0.525321
54, 140, 0, 4.03741, 0.444115
54, 141, 0, 2.98271, 0.238617
54, 142, 0, 1.52738, 0.48876299999999995
54, 143, 1, 0.215725, 0.138064
54, 143, 0, 0.215725, 0.138064
54, 144, 0, 0.122552, 0.0196083
54, 145, 0, 0.013002399999999999, 0.00832153
54, 146, 0, 0.0009342300000000001, 0.000597907
54, 147, 0, 1.64559e-05, 1.05318e-05
54, 148, 0, 1.8199400000000002e-06, 1.16476e-06
54, 149, 0, 2.20828e-09, 1.4133e-09
54, 150, 0, 2.89002e-10, 1.8496099999999998e-10
54, 151, 0, 4.51302e-11, 2.88833e-11
55, 132, 0, 2.8500199999999998e-11, 1.82401e-11
55, 133, 0, 5.32003e-09, 3.4048200000000002e-09
55, 134, 1, 3.23002e-07, 2.06721e-07
55, 134, 0, 3.23002e-07, 2.06721e-07
55, 135, 1, 1.8550099999999997e-05, 1.18721e-05
55, 135, 0, 1.8550099999999997e-05, 1.18721e-05
55, 136, 1, 0.000480003, 0.000307202
55, 136, 0, 0.000480003, 0.000307202
55, 137, 0, 0.011212100000000001, 0.007175730000000001
55, 138, 0, 0.0301662, 0.0193064
55, 138, 1, 0.0301662, 0.0193064
55, 139, 0, 0.34731100000000004, 0.222279
55, 140, 0, 0.8872639999999999, 0.20407099999999997
55, 141, 0, 1.9130399999999999, 0.612174
55, 142, 0, 2.2798, 0.729537
55, 143, 0, 2.3904, 0.7649269999999999
55, 144, 0, 1.7425599999999999, 0.55762
55, 145, 0, 0.555617, 0.355595
55, 146, 0, 0.11710399999999999, 0.0749464
55, 147, 0, 0.014381699999999999, 0.00920426
55, 148, 0, 0.00245502, 0.0015712100000000002
55, 149, 0, 4.25074e-05, 2.7204699999999997e-05
55, 150, 0, 4.81003e-06, 3.0784199999999997e-06
55, 151, 0, 8.68716e-07, 5.55978e-07
55, 152, 0, 5.653779999999999e-10, 3.61842e-10
55, 153, 0, 3.0350499999999995e-11, 1.94243e-11
56, 134, 0, 1.05001e-11, 6.72004e-12
56, 135, 1, 1.1300100000000001e-09, 7.23205e-10
56, 135, 0, 1.1300100000000001e-09, 7.23205e-10
56, 136, 1, 1.48001e-07, 9.472060000000001e-08
56, 136, 0, 1.48001e-07, 9.472060000000001e-08
56, 137, 0, 2.31001e-06, 1.47841e-06
56, 137, 1, 6.56004e-06, 4.19843e-06
56, 138, 0, 0.000204001, 0.00013056099999999999
56, 139, 0, 0.00277102, 0.0017734500000000002
56, 140, 0, 0.026639200000000002, 0.017049099999999998
56, 141, 0, 0.225784, 0.144502
56, 142, 0, 0.688605, 0.440707
56, 143, 0, 1.7425599999999999, 0.400789
56, 144, 0, 2.4565900000000003, 0.5650149999999999
56, 145, 0, 2.58033, 0.825706
56, 146, 0, 1.98462, 0.63508
56, 147, 0, 0.830546, 0.53155
56, 148, 0, 0.249054, 0.159394
56, 149, 0, 0.0472398, 0.0302335
56, 150, 0, 0.00543203, 0.0034764999999999996
56, 151, 0, 0.0009654310000000001, 0.000617876
56, 152, 0, 1.49995e-05, 9.599699999999999e-06
56, 153, 0, 7.42903e-07, 4.7545800000000005e-07
56, 154, 0, 7.11005e-09, 4.55043e-09
56, 155, 0, 3.95587e-11, 2.53176e-11
56, 156, 0, 2.54557e-12, 1.62916e-12
57, 137, 0, 2.45002e-10, 1.56801e-10
57, 138, 0, 1.76001e-08, 1.12641e-08
57, 139, 0, 8.100050000000001e-07, 5.18403e-07
57, 140, 0, 2.48002e-05, 1.58721e-05
57, 141, 0, 0.000445003, 0.00028480199999999996
57, 142, 0, 0.00526303, 0.0033683399999999996
57, 143, 0, 0.0448063, 0.028676
57, 144, 0, 0.211319, 0.13524399999999998
57, 145, 0, 0.708877, 0.45368099999999995
57, 146, 1, 0.635709, 0.406854
57, 146, 0, 0.635709, 0.406854
57, 147, 0, 1.4809299999999999, 0.47389800000000004
57, 148, 0, 1.0898700000000001, 0.697519
57, 149, 0, 0.664064, 0.425001
57, 150, 0, 0.21397500000000003, 0.136944
57, 151, 0, 0.043845, 0.0280608
57, 152, 0, 0.00581304, 0.0037203399999999995
57, 153, 0, 0.000649261, 0.000415527
57, 154, 0, 2.8300199999999997e-05, 1.81121e-05
57, 155, 0, 7.614689999999999e-07, 4.8734e-07
57, 156, 0, 4.52088e-08, 2.8933699999999997e-08
57, 157, 0, 8.9467e-11, 5.72589e-11
57, 158, 0, 1.87706e-12, 1.20132e-12
57, 159, 0, 1.01791e-13, 6.51462e-14
58, 139, 0, 3.60002e-12, 2.30401e-12
58, 139, 1, 1.02001e-11, 6.52804e-12
58, 140, 0, 1.5300100000000002e-09, 9.79206e-10
58, 141, 0, 9.05006e-08, 5.7920399999999994e-08
58, 142, 0, 3.64002e-06, 2.32961e-06
58, 143, 0, 9.01006e-05, 5.7664399999999996e-05
58, 144, 0, 0.0014310100000000001, 0.0009158459999999999
58, 145, 0, 0.0127351, 0.00815045
58, 146, 0, 0.0870536, 0.055714299999999994
58, 147, 0, 0.264376, 0.1692
58, 148, 0, 0.745761, 0.335592
58, 149, 0, 0.842758, 0.379241
58, 150, 0, 0.8604320000000001, 0.387194
58, 151, 0, 0.45594499999999993, 0.29180500000000004
58, 152, 0, 0.18445799999999998, 0.11805299999999999
58, 153, 0, 0.0557684, 0.0356917
58, 154, 0, 0.00800205, 0.00512131
58, 155, 0, 0.000846244, 0.000541596
58, 156, 0, 5.44551e-05, 3.48513e-05
58, 157, 0, 2.18992e-06, 1.4015500000000002e-06
58, 158, 0, 4.97984e-08, 3.1870999999999995e-08
58, 159, 0, 2.4915799999999998e-09, 1.5946100000000001e-09
58, 160, 0, 6.060040000000001e-12, 3.87842e-12
58, 161, 0, 8.12658e-14, 5.2010100000000005e-14
59, 142, 1, 3.73002e-11, 2.38722e-11
59, 142, 0, 3.73002e-11, 2.38722e-11
59, 143, 0, 6.360040000000001e-09, 4.07043e-09
59, 144, 0, 3.00002e-08, 1.92001e-08
59, 144, 1, 3.03002e-07, 1.93921e-07
59, 145, 0, 1.14001e-05, 7.29605e-06
59, 146, 0, 0.000215001, 0.000137601
59, 147, 0, 0.0024830200000000003, 0.0015891300000000002
59, 148, 1, 0.00875106, 0.00560068
59, 148, 0, 0.00875106, 0.00560068
59, 149, 0, 0.0770335, 0.049301399999999995
59, 150, 0, 0.190823, 0.122127
59, 151, 0, 0.280758, 0.179685
59, 152, 0, 0.285781, 0.18289999999999998
59, 153, 0, 0.24414699999999998, 0.156254
59, 154, 0, 0.0881756, 0.05643240000000001
59, 155, 0, 0.029649199999999997, 0.0189755
59, 156, 0, 0.00524703, 0.0033581
59, 157, 0, 0.000704005, 0.000450563
59, 158, 0, 4.66003e-05, 2.98242e-05
59, 159, 0, 2.17752e-06, 1.39361e-06
59, 160, 0, 5.76004e-08, 3.68642e-08
59, 161, 0, 1.56429e-09, 1.00115e-09
59, 162, 0, 1.66975e-12, 1.06864e-12
59, 163, 0, 6.37299e-14, 4.07871e-14
59, 164, 0, 1.4624500000000001e-15, 9.35965e-16
60, 144, 0, 5.10003e-12, 3.26402e-12
60, 145, 0, 5.340029999999999e-10, 3.4176200000000003e-10
60, 146, 0, 3.90003e-08, 2.49602e-08
60, 147, 0, 1.43001e-06, 9.152060000000001e-07
60, 148, 0, 3.59002e-05, 2.29761e-05
60, 149, 0, 0.000497003, 0.00031808199999999997
60, 150, 0, 0.00426103, 0.00272706
60, 151, 0, 0.017840099999999998, 0.0114177
60, 152, 0, 0.0537383, 0.0343925
60, 153, 0, 0.11136399999999999, 0.0712728
60, 154, 0, 0.112524, 0.0720152
60, 155, 0, 0.0921766, 0.058993000000000004
60, 156, 0, 0.0468743, 0.0299996
60, 157, 0, 0.0160891, 0.010297
60, 158, 0, 0.0033460200000000003, 0.00214145
60, 159, 0, 0.000437003, 0.000279682
60, 160, 0, 3.77002e-05, 2.41282e-05
60, 161, 0, 1.7384499999999998e-06, 1.11261e-06
60, 162, 0, 4.4298600000000003e-08, 2.83511e-08
60, 163, 0, 1.5599499999999998e-09, 9.983660000000001e-10
60, 164, 0, 3.87988e-11, 2.48312e-11
60, 165, 0, 1.83896e-13, 1.17694e-13
60, 166, 0, 8.17385e-15, 5.23126e-15
60, 167, 0, 6.16499e-16, 3.9455900000000003e-16
61, 147, 0, 2.8500199999999998e-11, 1.82401e-11
61, 148, 0, 6.130040000000001e-10, 3.9232299999999997e-10
61, 148, 1, 1.66001e-09, 1.0624099999999998e-09
61, 149, 0, 1.18001e-07, 7.552049999999999e-08
61, 150, 0, 3.29002e-06, 2.10561e-06
61, 151, 0, 4.85003e-05, 3.1040199999999995e-05
61, 152, 2, 0.000142001, 9.08806e-05
61, 152, 0, 0.000142001, 9.08806e-05
61, 152, 1, 0.000142001, 9.08806e-05
61, 153, 0, 0.0028560200000000003, 0.0018278500000000002
61, 154, 0, 0.00375402, 0.00240258
61, 154, 1, 0.00375402, 0.00240258
61, 155, 0, 0.0185301, 0.0118593
61, 156, 0, 0.0226481, 0.014494799999999999
61, 157, 0, 0.0216001, 0.013824099999999999
61, 158, 0, 0.0107601, 0.00688644
61, 159, 0, 0.00409803, 0.0026227399999999997
61, 160, 0, 0.000895006, 0.000572804
61, 161, 0, 0.000128001, 8.19205e-05
61, 162, 0, 9.18006e-06, 5.8752399999999995e-06
61, 163, 0, 1.0600099999999999e-06, 6.78404e-07
61, 164, 0, 7.57005e-08, 4.84483e-08
61, 165, 0, 3.53984e-09, 2.2655e-09
61, 166, 0, 1.4516600000000002e-10, 9.29062e-11
61, 167, 0, 1.1866999999999999e-11, 7.59491e-12
61, 168, 0, 2.3971999999999997e-14, 1.53421e-14
61, 169, 0, 1.1019599999999999e-15, 7.052519999999999e-16
62, 149, 0, 1.5700099999999999e-12, 1.00481e-12
62, 150, 0, 1.7100099999999999e-10, 1.09441e-10
62, 151, 0, 7.76005e-09, 4.96643e-09
62, 152, 0, 2.50002e-07, 1.60001e-07
62, 153, 0, 4.9400300000000005e-06, 3.16162e-06
62, 154, 0, 4.39003e-05, 2.80962e-05
62, 155, 0, 0.00031200199999999997, 0.000199681
62, 156, 0, 0.00120701, 0.000772485
62, 157, 0, 0.0029600200000000003, 0.00189441
62, 158, 0, 0.00425703, 0.0027245
62, 159, 0, 0.00386202, 0.0024717000000000003
62, 160, 0, 0.00228801, 0.00146433
62, 161, 0, 0.000774005, 0.000495363
62, 162, 0, 0.000164001, 0.00010496099999999999
62, 163, 0, 4.8700300000000005e-05, 3.11682e-05
62, 164, 0, 1.09001e-05, 6.976040000000001e-06
62, 165, 0, 1.45001e-06, 9.28006e-07
62, 166, 0, 1.7485600000000001e-07, 1.11908e-07
62, 167, 0, 1.3188200000000001e-08, 8.44046e-09
62, 168, 0, 6.3598e-10, 4.07027e-10
62, 169, 0, 2.69731e-11, 1.72628e-11
62, 171, 0, 1.59729e-15, 1.02227e-15
62, 172, 0, 3.7973400000000003e-16, 2.4303000000000003e-16
63, 152, 2, 1.46001e-12, 9.34406e-13
63, 152, 0, 1.46001e-12, 9.34406e-13
63, 152, 1, 1.46001e-12, 9.34406e-13
63, 153, 0, 3.03002e-10, 1.9392100000000002e-10
63, 154, 1, 4.12503e-09, 2.64002e-09
63, 154, 0, 4.12503e-09, 2.64002e-09
63, 155, 0, 2.1100099999999997e-07, 1.35041e-07
63, 156, 0, 2.3800199999999998e-06, 1.52321e-06
63, 157, 0, 1.9600100000000002e-05, 1.2544099999999999e-05
63, 158, 0, 7.76005e-05, 4.96643e-05
63, 159, 0, 0.000219001, 0.000140161
63, 160, 0, 0.000320002, 0.000204801
63, 161, 0, 0.00030100200000000003, 0.00019264100000000001
63, 162, 0, 0.000151001, 9.66406e-05
63, 163, 0, 0.000122001, 7.80805e-05
63, 164, 0, 6.51004e-05, 4.16643e-05
63, 165, 0, 2.60002e-05, 1.66401e-05
63, 166, 0, 8.16005e-06, 5.22243e-06
63, 167, 0, 2.01001e-06, 1.2864100000000001e-06
63, 168, 0, 2.70002e-07, 1.7280099999999999e-07
63, 169, 0, 2.35732e-08, 1.50868e-08
63, 170, 0, 1.16001e-09, 7.424050000000001e-10
63, 171, 0, 3.07464e-11, 1.96777e-11
63, 172, 0, 6.744e-12, 4.31616e-12
64, 155, 0, 8.04005e-12, 5.14563e-12
64, 156, 0, 3.57002e-10, 2.2848099999999998e-10
64, 157, 0, 8.04005e-09, 5.14563e-09
64, 158, 0, 1.11001e-07, 7.10405e-08
64, 159, 0, 9.06006e-07, 5.79844e-07
64, 160, 0, 4.25003e-06, 2.72002e-06
64, 161, 0, 1.06001e-05, 6.78404e-06
64, 162, 0, 1.63001e-05, 1.04321e-05
64, 163, 0, 3.20002e-05, 2.04801e-05
64, 164, 0, 4.70003e-05, 3.00802e-05
64, 165, 0, 4.4400299999999996e-05, 2.8416199999999997e-05
64, 166, 0, 3.82002e-05, 2.4448199999999997e-05
64, 167, 0, 2.34002e-05, 1.4976099999999999e-05
64, 168, 0, 9.32006e-06, 5.96484e-06
64, 169, 0, 2.15001e-06, 1.3760099999999999e-06
64, 170, 0, 3.48002e-07, 2.2272099999999997e-07
64, 171, 0, 3.41695e-08, 2.18685e-08
64, 172, 0, 8.12331e-09, 5.19892e-09
65, 158, 0, 4.380030000000001e-12, 2.80322e-12
65, 159, 0, 1.45001e-10, 9.280059999999999e-11
65, 160, 0, 1.89001e-09, 1.20961e-09
65, 161, 0, 1.58001e-08, 1.01121e-08
65, 162, 0, 3.49002e-08, 2.23361e-08
65, 162, 1, 3.49002e-08, 2.23361e-08
65, 163, 0, 4.37003e-07, 2.79682e-07
65, 164, 0, 1.68001e-06, 1.07521e-06
65, 165, 0, 4.78003e-06, 3.05922e-06
65, 166, 0, 9.87006e-06, 6.31684e-06
65, 167, 0, 1.6900099999999998e-05, 1.08161e-05
65, 168, 0, 1.56001e-05, 9.98406e-06
65, 169, 0, 9.93006e-06, 6.355239999999999e-06
65, 170, 0, 4.050030000000001e-06, 2.59202e-06
65, 171, 0, 1.20001e-06, 7.680049999999999e-07
65, 172, 0, 7.60005e-07, 4.86403e-07
66, 161, 0, 1.37001e-12, 8.768060000000001e-13
66, 162, 0, 2.15001e-11, 1.37601e-11
66, 163, 0, 3.8700199999999997e-10, 2.47682e-10
66, 164, 0, 4.9400299999999995e-09, 3.16162e-09
66, 165, 0, 3.54002e-08, 2.26561e-08
66, 165, 1, 4.82003e-09, 3.0848199999999997e-09
66, 166, 0, 2.61002e-07, 1.67041e-07
66, 167, 0, 1.1900099999999999e-06, 7.61605e-07
66, 168, 0, 3.1600200000000004e-06, 2.0224099999999998e-06
66, 169, 0, 4.78003e-06, 3.05922e-06
66, 170, 0, 5.43003e-06, 3.4752200000000003e-06
66, 171, 0, 3.72002e-06, 2.3808200000000003e-06
66, 172, 0, 6.61004e-06, 4.230430000000001e-06
67, 165, 0, 1.30001e-11, 8.32005e-12
67, 166, 0, 6.54004e-11, 4.18563e-11
67, 166, 1, 1.7700100000000002e-10, 1.13281e-10
67, 167, 0, 3.75002e-09, 2.40002e-09
67, 168, 0, 2.74002e-08, 1.75361e-08
67, 169, 0, 1.29001e-07, 8.25605e-08
67, 170, 0, 1.91001e-07, 1.22241e-07
67, 170, 1, 1.91001e-07, 1.22241e-07
67, 171, 0, 7.480049999999999e-07, 4.78723e-07
67, 172, 0, 3.12002e-06, 1.99681e-06
68, 168, 0, 1.76001e-11, 1.12641e-11
68, 169, 0, 2.3700200000000003e-10, 1.51681e-10
68, 170, 0, 2.37002e-09, 1.5168099999999999e-09
68, 171, 0, 1.26001e-08, 8.06405e-09
68, 172, 0, 1.62001e-07, 1.03681e-07
69, 171, 0, 8.52005e-12, 5.45283e-12
69, 172, 0, 3.0900200000000004e-10, 1.97761e-10
